repeat,window_id,seed,scenario,block_position,missing_rate,method,mae,rmse,r2,number_of_missing_values,number_of_evaluated_values
0,0,42,random,none,0.10,forward_fill,0.158713,0.286686,0.997583,101,101
0,0,42,random,none,0.10,linear_interpolation,0.062591,0.098294,0.999716,101,101
0,0,42,random,none,0.10,time_interpolation,0.062591,0.098294,0.999716,101,101
0,0,42,random,none,0.10,cubic_interpolation,0.047199,0.082943,0.999798,101,101
0,0,42,random,none,0.10,spline_interpolation,0.047038,0.082779,0.999798,101,101
0,0,42,random,none,0.10,moving_average,0.146382,0.221196,0.998561,101,101
0,0,42,random,none,0.10,knn,0.062591,0.098294,0.999716,101,101
0,0,42,random,none,0.10,knn_upgraded,0.069570,0.106019,0.999669,101,101
0,0,42,random,none,0.10,decision_tree,0.076094,0.120925,0.999570,101,101
0,0,42,random,none,0.10,random_forest,0.065734,0.105061,0.999675,101,101
0,0,42,random,none,0.10,neural_net,0.072439,0.117532,0.999594,101,101
0,0,42,random,none,0.10,adaptive_imputation,0.047038,0.082779,0.999798,101,101
1,1,7961,random,none,0.10,forward_fill,0.199802,0.269400,0.994075,101,101
1,1,7961,random,none,0.10,linear_interpolation,0.113086,0.161907,0.997860,101,101
1,1,7961,random,none,0.10,time_interpolation,0.113086,0.161907,0.997860,101,101
1,1,7961,random,none,0.10,cubic_interpolation,0.100067,0.140267,0.998394,101,101
1,1,7961,random,none,0.10,spline_interpolation,0.100019,0.140208,0.998395,101,101
1,1,7961,random,none,0.10,moving_average,0.252489,0.360593,0.989385,101,101
1,1,7961,random,none,0.10,knn,0.113086,0.161907,0.997860,101,101
1,1,7961,random,none,0.10,knn_upgraded,0.125191,0.180263,0.997347,101,101
1,1,7961,random,none,0.10,decision_tree,0.115981,0.172011,0.997584,101,101
1,1,7961,random,none,0.10,random_forest,0.112406,0.159814,0.997915,101,101
1,1,7961,random,none,0.10,neural_net,0.121144,0.170541,0.997626,101,101
1,1,7961,random,none,0.10,adaptive_imputation,0.100019,0.140208,0.998395,101,101
2,2,15880,random,none,0.10,forward_fill,0.136535,0.193342,0.989999,101,101
2,2,15880,random,none,0.10,linear_interpolation,0.049257,0.070938,0.998654,101,101
2,2,15880,random,none,0.10,time_interpolation,0.049257,0.070938,0.998654,101,101
2,2,15880,random,none,0.10,cubic_interpolation,0.043443,0.058815,0.999075,101,101
2,2,15880,random,none,0.10,spline_interpolation,0.043450,0.058823,0.999074,101,101
2,2,15880,random,none,0.10,moving_average,0.144651,0.200966,0.989195,101,101
2,2,15880,random,none,0.10,knn,0.049257,0.070938,0.998654,101,101
2,2,15880,random,none,0.10,knn_upgraded,0.060279,0.084412,0.998094,101,101
2,2,15880,random,none,0.10,decision_tree,0.052250,0.074614,0.998511,101,101
2,2,15880,random,none,0.10,random_forest,0.051443,0.073346,0.998561,101,101
2,2,15880,random,none,0.10,neural_net,0.058531,0.088122,0.997922,101,101
2,2,15880,random,none,0.10,adaptive_imputation,0.043450,0.058823,0.999074,101,101
3,3,23799,random,none,0.10,forward_fill,0.191188,0.267750,0.996279,101,101
3,3,23799,random,none,0.10,linear_interpolation,0.074620,0.117175,0.999287,101,101
3,3,23799,random,none,0.10,time_interpolation,0.074620,0.117175,0.999287,101,101
3,3,23799,random,none,0.10,cubic_interpolation,0.061071,0.097008,0.999512,101,101
3,3,23799,random,none,0.10,spline_interpolation,0.061124,0.097011,0.999511,101,101
3,3,23799,random,none,0.10,moving_average,0.210191,0.320657,0.994663,101,101
3,3,23799,random,none,0.10,knn,0.074620,0.117175,0.999287,101,101
3,3,23799,random,none,0.10,knn_upgraded,0.077336,0.118632,0.999269,101,101
3,3,23799,random,none,0.10,decision_tree,0.081542,0.124445,0.999196,101,101
3,3,23799,random,none,0.10,random_forest,0.072726,0.117110,0.999288,101,101
3,3,23799,random,none,0.10,neural_net,0.087605,0.148973,0.998848,101,101
3,3,23799,random,none,0.10,adaptive_imputation,0.061124,0.097011,0.999511,101,101
4,4,31718,random,none,0.10,forward_fill,0.166238,0.251835,0.994802,101,101
4,4,31718,random,none,0.10,linear_interpolation,0.068218,0.102481,0.999139,101,101
4,4,31718,random,none,0.10,time_interpolation,0.068218,0.102481,0.999139,101,101
4,4,31718,random,none,0.10,cubic_interpolation,0.062355,0.098779,0.999200,101,101
4,4,31718,random,none,0.10,spline_interpolation,0.062355,0.098779,0.999200,101,101
4,4,31718,random,none,0.10,moving_average,0.195273,0.283546,0.993411,101,101
4,4,31718,random,none,0.10,knn,0.068218,0.102481,0.999139,101,101
4,4,31718,random,none,0.10,knn_upgraded,0.070129,0.101429,0.999157,101,101
4,4,31718,random,none,0.10,decision_tree,0.078050,0.110931,0.998992,101,101
4,4,31718,random,none,0.10,random_forest,0.071561,0.100140,0.999178,101,101
4,4,31718,random,none,0.10,neural_net,0.075339,0.110668,0.998996,101,101
4,4,31718,random,none,0.10,adaptive_imputation,0.062355,0.098779,0.999200,101,101
5,5,39637,random,none,0.10,forward_fill,0.196238,0.278408,0.996745,101,101
5,5,39637,random,none,0.10,linear_interpolation,0.082670,0.127326,0.999319,101,101
5,5,39637,random,none,0.10,time_interpolation,0.082670,0.127326,0.999319,101,101
5,5,39637,random,none,0.10,cubic_interpolation,0.074399,0.109403,0.999497,101,101
5,5,39637,random,none,0.10,spline_interpolation,0.074399,0.109403,0.999497,101,101
5,5,39637,random,none,0.10,moving_average,0.224395,0.319372,0.995717,101,101
5,5,39637,random,none,0.10,knn,0.082670,0.127326,0.999319,101,101
5,5,39637,random,none,0.10,knn_upgraded,0.086483,0.132159,0.999267,101,101
5,5,39637,random,none,0.10,decision_tree,0.094074,0.144449,0.999124,101,101
5,5,39637,random,none,0.10,random_forest,0.077774,0.118999,0.999405,101,101
5,5,39637,random,none,0.10,neural_net,0.083737,0.125321,0.999341,101,101
5,5,39637,random,none,0.10,adaptive_imputation,0.074399,0.109403,0.999497,101,101
6,6,47556,random,none,0.10,forward_fill,0.195743,0.268393,0.995395,101,101
6,6,47556,random,none,0.10,linear_interpolation,0.096238,0.143546,0.998683,101,101
6,6,47556,random,none,0.10,time_interpolation,0.096238,0.143546,0.998683,101,101
6,6,47556,random,none,0.10,cubic_interpolation,0.094663,0.144267,0.998669,101,101
6,6,47556,random,none,0.10,spline_interpolation,0.094681,0.144271,0.998669,101,101
6,6,47556,random,none,0.10,moving_average,0.235446,0.379152,0.990809,101,101
6,6,47556,random,none,0.10,knn,0.096238,0.143546,0.998683,101,101
6,6,47556,random,none,0.10,knn_upgraded,0.109389,0.152765,0.998508,101,101
6,6,47556,random,none,0.10,decision_tree,0.108758,0.162199,0.998318,101,101
6,6,47556,random,none,0.10,random_forest,0.096814,0.147939,0.998601,101,101
6,6,47556,random,none,0.10,neural_net,0.103991,0.159533,0.998373,101,101
6,6,47556,random,none,0.10,adaptive_imputation,0.094681,0.144271,0.998669,101,101
7,7,55475,random,none,0.10,forward_fill,0.142970,0.264493,0.988225,101,101
7,7,55475,random,none,0.10,linear_interpolation,0.063795,0.106450,0.998093,101,101
7,7,55475,random,none,0.10,time_interpolation,0.063795,0.106450,0.998093,101,101
7,7,55475,random,none,0.10,cubic_interpolation,0.049372,0.083998,0.998812,101,101
7,7,55475,random,none,0.10,spline_interpolation,0.049375,0.083999,0.998812,101,101
7,7,55475,random,none,0.10,moving_average,0.187297,0.257709,0.988821,101,101
7,7,55475,random,none,0.10,knn,0.063795,0.106450,0.998093,101,101
7,7,55475,random,none,0.10,knn_upgraded,0.068834,0.113650,0.997826,101,101
7,7,55475,random,none,0.10,decision_tree,0.073507,0.123688,0.997425,101,101
7,7,55475,random,none,0.10,random_forest,0.062631,0.102652,0.998226,101,101
7,7,55475,random,none,0.10,neural_net,0.079883,0.121543,0.997513,101,101
7,7,55475,random,none,0.10,adaptive_imputation,0.049375,0.083999,0.998812,101,101
8,8,63394,random,none,0.10,forward_fill,0.251980,0.396049,0.996052,101,101
8,8,63394,random,none,0.10,linear_interpolation,0.131056,0.205721,0.998935,101,101
8,8,63394,random,none,0.10,time_interpolation,0.131056,0.205721,0.998935,101,101
8,8,63394,random,none,0.10,cubic_interpolation,0.129744,0.231209,0.998654,101,101
8,8,63394,random,none,0.10,spline_interpolation,0.129738,0.231209,0.998654,101,101
8,8,63394,random,none,0.10,moving_average,0.244912,0.348401,0.996944,101,101
8,8,63394,random,none,0.10,knn,0.131056,0.205721,0.998935,101,101
8,8,63394,random,none,0.10,knn_upgraded,0.140998,0.218197,0.998802,101,101
8,8,63394,random,none,0.10,decision_tree,0.134541,0.217903,0.998805,101,101
8,8,63394,random,none,0.10,random_forest,0.134155,0.219850,0.998783,101,101
8,8,63394,random,none,0.10,neural_net,0.153677,0.239733,0.998553,101,101
8,8,63394,random,none,0.10,adaptive_imputation,0.129738,0.231209,0.998654,101,101
9,9,71313,random,none,0.10,forward_fill,0.178119,0.242807,0.993961,101,101
9,9,71313,random,none,0.10,linear_interpolation,0.087360,0.114740,0.998652,101,101
9,9,71313,random,none,0.10,time_interpolation,0.087360,0.114740,0.998652,101,101
9,9,71313,random,none,0.10,cubic_interpolation,0.069602,0.095838,0.999059,101,101
9,9,71313,random,none,0.10,spline_interpolation,0.069600,0.095838,0.999059,101,101
9,9,71313,random,none,0.10,moving_average,0.209669,0.285645,0.991643,101,101
9,9,71313,random,none,0.10,knn,0.087360,0.114740,0.998652,101,101
9,9,71313,random,none,0.10,knn_upgraded,0.095738,0.128798,0.998301,101,101
9,9,71313,random,none,0.10,decision_tree,0.093339,0.130169,0.998264,101,101
9,9,71313,random,none,0.10,random_forest,0.085239,0.114248,0.998663,101,101
9,9,71313,random,none,0.10,neural_net,0.101197,0.141609,0.997946,101,101
9,9,71313,random,none,0.10,adaptive_imputation,0.069600,0.095838,0.999059,101,101
10,10,79232,random,none,0.10,forward_fill,0.138218,0.200519,0.997811,101,101
10,10,79232,random,none,0.10,linear_interpolation,0.069406,0.101621,0.999438,101,101
10,10,79232,random,none,0.10,time_interpolation,0.069406,0.101621,0.999438,101,101
10,10,79232,random,none,0.10,cubic_interpolation,0.067419,0.096583,0.999492,101,101
10,10,79232,random,none,0.10,spline_interpolation,0.067419,0.096583,0.999492,101,101
10,10,79232,random,none,0.10,moving_average,0.147899,0.206696,0.997675,101,101
10,10,79232,random,none,0.10,knn,0.069406,0.101621,0.999438,101,101
10,10,79232,random,none,0.10,knn_upgraded,0.073164,0.107285,0.999373,101,101
10,10,79232,random,none,0.10,decision_tree,0.066563,0.092806,0.999531,101,101
10,10,79232,random,none,0.10,random_forest,0.067726,0.097899,0.999478,101,101
10,10,79232,random,none,0.10,neural_net,0.074471,0.107213,0.999374,101,101
10,10,79232,random,none,0.10,adaptive_imputation,0.067419,0.096583,0.999492,101,101
11,11,87151,random,none,0.10,forward_fill,0.221584,0.298365,0.995942,101,101
11,11,87151,random,none,0.10,linear_interpolation,0.091931,0.136926,0.999145,101,101
11,11,87151,random,none,0.10,time_interpolation,0.091931,0.136926,0.999145,101,101
11,11,87151,random,none,0.10,cubic_interpolation,0.080135,0.128836,0.999243,101,101
11,11,87151,random,none,0.10,spline_interpolation,0.079722,0.128649,0.999245,101,101
11,11,87151,random,none,0.10,moving_average,0.258612,0.366668,0.993871,101,101
11,11,87151,random,none,0.10,knn,0.091931,0.136926,0.999145,101,101
11,11,87151,random,none,0.10,knn_upgraded,0.095250,0.141644,0.999085,101,101
11,11,87151,random,none,0.10,decision_tree,0.096042,0.142454,0.999075,101,101
11,11,87151,random,none,0.10,random_forest,0.090127,0.134684,0.999173,101,101
11,11,87151,random,none,0.10,neural_net,0.111933,0.158092,0.998861,101,101
11,11,87151,random,none,0.10,adaptive_imputation,0.079722,0.128649,0.999245,101,101
12,12,95070,random,none,0.10,forward_fill,0.106040,0.162940,0.995845,101,101
12,12,95070,random,none,0.10,linear_interpolation,0.046815,0.074751,0.999126,101,101
12,12,95070,random,none,0.10,time_interpolation,0.046815,0.074751,0.999126,101,101
12,12,95070,random,none,0.10,cubic_interpolation,0.043555,0.062827,0.999382,101,101
12,12,95070,random,none,0.10,spline_interpolation,0.043566,0.062835,0.999382,101,101
12,12,95070,random,none,0.10,moving_average,0.126431,0.193705,0.994128,101,101
12,12,95070,random,none,0.10,knn,0.046815,0.074751,0.999126,101,101
12,12,95070,random,none,0.10,knn_upgraded,0.058104,0.090369,0.998722,101,101
12,12,95070,random,none,0.10,decision_tree,0.052370,0.085106,0.998866,101,101
12,12,95070,random,none,0.10,random_forest,0.045298,0.070211,0.999229,101,101
12,12,95070,random,none,0.10,neural_net,0.052924,0.082637,0.998931,101,101
12,12,95070,random,none,0.10,adaptive_imputation,0.043566,0.062835,0.999382,101,101
13,13,102989,random,none,0.10,forward_fill,0.238812,0.321691,0.993144,101,101
13,13,102989,random,none,0.10,linear_interpolation,0.128284,0.216957,0.996881,101,101
13,13,102989,random,none,0.10,time_interpolation,0.128284,0.216957,0.996881,101,101
13,13,102989,random,none,0.10,cubic_interpolation,0.107316,0.170995,0.998063,101,101
13,13,102989,random,none,0.10,spline_interpolation,0.107316,0.170995,0.998063,101,101
13,13,102989,random,none,0.10,moving_average,0.221550,0.299704,0.994049,101,101
13,13,102989,random,none,0.10,knn,0.128284,0.216957,0.996881,101,101
13,13,102989,random,none,0.10,knn_upgraded,0.137476,0.230736,0.996473,101,101
13,13,102989,random,none,0.10,decision_tree,0.136484,0.232902,0.996406,101,101
13,13,102989,random,none,0.10,random_forest,0.127320,0.213450,0.996981,101,101
13,13,102989,random,none,0.10,neural_net,0.137704,0.229520,0.996510,101,101
13,13,102989,random,none,0.10,adaptive_imputation,0.107316,0.170995,0.998063,101,101
14,14,110908,random,none,0.10,forward_fill,0.090297,0.153165,0.993280,101,101
14,14,110908,random,none,0.10,linear_interpolation,0.053663,0.098696,0.997210,101,101
14,14,110908,random,none,0.10,time_interpolation,0.053663,0.098696,0.997210,101,101
14,14,110908,random,none,0.10,cubic_interpolation,0.058159,0.108625,0.996620,101,101
14,14,110908,random,none,0.10,spline_interpolation,0.058160,0.108625,0.996620,101,101
14,14,110908,random,none,0.10,moving_average,0.112272,0.208151,0.987589,101,101
14,14,110908,random,none,0.10,knn,0.053663,0.098696,0.997210,101,101
14,14,110908,random,none,0.10,knn_upgraded,0.062482,0.108325,0.996639,101,101
14,14,110908,random,none,0.10,decision_tree,0.054659,0.104617,0.996865,101,101
14,14,110908,random,none,0.10,random_forest,0.050725,0.091651,0.997594,101,101
14,14,110908,random,none,0.10,neural_net,0.057037,0.098080,0.997244,101,101
14,14,110908,random,none,0.10,adaptive_imputation,0.058160,0.108625,0.996620,101,101
15,15,118827,random,none,0.10,forward_fill,0.281287,0.372993,0.996056,101,101
15,15,118827,random,none,0.10,linear_interpolation,0.106452,0.146333,0.999393,101,101
15,15,118827,random,none,0.10,time_interpolation,0.106452,0.146333,0.999393,101,101
15,15,118827,random,none,0.10,cubic_interpolation,0.099022,0.139188,0.999451,101,101
15,15,118827,random,none,0.10,spline_interpolation,0.099022,0.139188,0.999451,101,101
15,15,118827,random,none,0.10,moving_average,0.232992,0.300640,0.997438,101,101
15,15,118827,random,none,0.10,knn,0.106452,0.146333,0.999393,101,101
15,15,118827,random,none,0.10,knn_upgraded,0.109917,0.148839,0.999372,101,101
15,15,118827,random,none,0.10,decision_tree,0.112365,0.150085,0.999361,101,101
15,15,118827,random,none,0.10,random_forest,0.112002,0.150342,0.999359,101,101
15,15,118827,random,none,0.10,neural_net,0.123755,0.164062,0.999237,101,101
15,15,118827,random,none,0.10,adaptive_imputation,0.099022,0.139188,0.999451,101,101
16,16,126746,random,none,0.10,forward_fill,0.195446,0.264377,0.990401,101,101
16,16,126746,random,none,0.10,linear_interpolation,0.083416,0.118980,0.998056,101,101
16,16,126746,random,none,0.10,time_interpolation,0.083416,0.118980,0.998056,101,101
16,16,126746,random,none,0.10,cubic_interpolation,0.067636,0.100620,0.998610,101,101
16,16,126746,random,none,0.10,spline_interpolation,0.067634,0.100619,0.998610,101,101
16,16,126746,random,none,0.10,moving_average,0.218220,0.314980,0.986375,101,101
16,16,126746,random,none,0.10,knn,0.083416,0.118980,0.998056,101,101
16,16,126746,random,none,0.10,knn_upgraded,0.092182,0.126825,0.997791,101,101
16,16,126746,random,none,0.10,decision_tree,0.086534,0.120819,0.997995,101,101
16,16,126746,random,none,0.10,random_forest,0.078567,0.115759,0.998160,101,101
16,16,126746,random,none,0.10,neural_net,0.086802,0.122103,0.997953,101,101
16,16,126746,random,none,0.10,adaptive_imputation,0.067634,0.100619,0.998610,101,101
17,17,134665,random,none,0.10,forward_fill,0.137228,0.206810,0.997783,101,101
17,17,134665,random,none,0.10,linear_interpolation,0.060528,0.091910,0.999562,101,101
17,17,134665,random,none,0.10,time_interpolation,0.060528,0.091910,0.999562,101,101
17,17,134665,random,none,0.10,cubic_interpolation,0.054489,0.086265,0.999614,101,101
17,17,134665,random,none,0.10,spline_interpolation,0.054489,0.086265,0.999614,101,101
17,17,134665,random,none,0.10,moving_average,0.165735,0.262016,0.996441,101,101
17,17,134665,random,none,0.10,knn,0.060528,0.091910,0.999562,101,101
17,17,134665,random,none,0.10,knn_upgraded,0.062965,0.093181,0.999550,101,101
17,17,134665,random,none,0.10,decision_tree,0.066410,0.100087,0.999481,101,101
17,17,134665,random,none,0.10,random_forest,0.061661,0.095927,0.999523,101,101
17,17,134665,random,none,0.10,neural_net,0.062359,0.093091,0.999551,101,101
17,17,134665,random,none,0.10,adaptive_imputation,0.054489,0.086265,0.999614,101,101
18,18,142584,random,none,0.10,forward_fill,0.221188,0.321303,0.990917,101,101
18,18,142584,random,none,0.10,linear_interpolation,0.090182,0.123454,0.998659,101,101
18,18,142584,random,none,0.10,time_interpolation,0.090182,0.123454,0.998659,101,101
18,18,142584,random,none,0.10,cubic_interpolation,0.091981,0.131859,0.998470,101,101
18,18,142584,random,none,0.10,spline_interpolation,0.091990,0.131859,0.998470,101,101
18,18,142584,random,none,0.10,moving_average,0.231513,0.331976,0.990303,101,101
18,18,142584,random,none,0.10,knn,0.090182,0.123454,0.998659,101,101
18,18,142584,random,none,0.10,knn_upgraded,0.094756,0.133434,0.998433,101,101
18,18,142584,random,none,0.10,decision_tree,0.088970,0.123399,0.998660,101,101
18,18,142584,random,none,0.10,random_forest,0.086605,0.119821,0.998737,101,101
18,18,142584,random,none,0.10,neural_net,0.123828,0.203453,0.996358,101,101
18,18,142584,random,none,0.10,adaptive_imputation,0.091990,0.131859,0.998470,101,101
19,19,150503,random,none,0.10,forward_fill,0.093960,0.136197,0.998968,101,101
19,19,150503,random,none,0.10,linear_interpolation,0.043977,0.073771,0.999697,101,101
19,19,150503,random,none,0.10,time_interpolation,0.043977,0.073771,0.999697,101,101
19,19,150503,random,none,0.10,cubic_interpolation,0.040727,0.060999,0.999793,101,101
19,19,150503,random,none,0.10,spline_interpolation,0.040782,0.061045,0.999793,101,101
19,19,150503,random,none,0.10,moving_average,0.116696,0.183194,0.998133,101,101
19,19,150503,random,none,0.10,knn,0.043977,0.073771,0.999697,101,101
19,19,150503,random,none,0.10,knn_upgraded,0.052164,0.078706,0.999655,101,101
19,19,150503,random,none,0.10,decision_tree,0.045239,0.070408,0.999724,101,101
19,19,150503,random,none,0.10,random_forest,0.042304,0.068295,0.999741,101,101
19,19,150503,random,none,0.10,neural_net,0.057596,0.093569,0.999513,101,101
19,19,150503,random,none,0.10,adaptive_imputation,0.040782,0.061045,0.999793,101,101
0,0,42,random,none,0.20,forward_fill,0.163465,0.258849,0.998181,202,202
0,0,42,random,none,0.20,linear_interpolation,0.073036,0.118472,0.999619,202,202
0,0,42,random,none,0.20,time_interpolation,0.073036,0.118472,0.999619,202,202
0,0,42,random,none,0.20,cubic_interpolation,0.063528,0.105162,0.999700,202,202
0,0,42,random,none,0.20,spline_interpolation,0.063508,0.105197,0.999700,202,202
0,0,42,random,none,0.20,moving_average,0.179559,0.299766,0.997561,202,202
0,0,42,random,none,0.20,knn,0.073036,0.118472,0.999619,202,202
0,0,42,random,none,0.20,knn_upgraded,0.092210,0.146364,0.999419,202,202
0,0,42,random,none,0.20,decision_tree,0.081866,0.133382,0.999517,202,202
0,0,42,random,none,0.20,random_forest,0.078200,0.125888,0.999570,202,202
0,0,42,random,none,0.20,neural_net,0.087138,0.135720,0.999500,202,202
0,0,42,random,none,0.20,adaptive_imputation,0.063508,0.105197,0.999700,202,202
1,1,7961,random,none,0.20,forward_fill,0.228960,0.301893,0.992915,202,202
1,1,7961,random,none,0.20,linear_interpolation,0.124950,0.186053,0.997309,202,202
1,1,7961,random,none,0.20,time_interpolation,0.124950,0.186053,0.997309,202,202
1,1,7961,random,none,0.20,cubic_interpolation,0.111632,0.161615,0.997969,202,202
1,1,7961,random,none,0.20,spline_interpolation,0.111608,0.161590,0.997970,202,202
1,1,7961,random,none,0.20,moving_average,0.260194,0.369660,0.989377,202,202
1,1,7961,random,none,0.20,knn,0.124950,0.186053,0.997309,202,202
1,1,7961,random,none,0.20,knn_upgraded,0.140964,0.204716,0.996742,202,202
1,1,7961,random,none,0.20,decision_tree,0.136819,0.204923,0.996735,202,202
1,1,7961,random,none,0.20,random_forest,0.124299,0.184502,0.997354,202,202
1,1,7961,random,none,0.20,neural_net,0.141631,0.200925,0.996861,202,202
1,1,7961,random,none,0.20,adaptive_imputation,0.111608,0.161590,0.997970,202,202
2,2,15880,random,none,0.20,forward_fill,0.141733,0.207263,0.989296,202,202
2,2,15880,random,none,0.20,linear_interpolation,0.066257,0.096857,0.997662,202,202
2,2,15880,random,none,0.20,time_interpolation,0.066257,0.096857,0.997662,202,202
2,2,15880,random,none,0.20,cubic_interpolation,0.058254,0.085233,0.998190,202,202
2,2,15880,random,none,0.20,spline_interpolation,0.058260,0.085240,0.998190,202,202
2,2,15880,random,none,0.20,moving_average,0.162968,0.239653,0.985689,202,202
2,2,15880,random,none,0.20,knn,0.066257,0.096857,0.997662,202,202
2,2,15880,random,none,0.20,knn_upgraded,0.074194,0.103334,0.997339,202,202
2,2,15880,random,none,0.20,decision_tree,0.063582,0.093509,0.997821,202,202
2,2,15880,random,none,0.20,random_forest,0.066476,0.095133,0.997745,202,202
2,2,15880,random,none,0.20,neural_net,0.077293,0.118975,0.996473,202,202
2,2,15880,random,none,0.20,adaptive_imputation,0.058260,0.085240,0.998190,202,202
3,3,23799,random,none,0.20,forward_fill,0.189059,0.269994,0.996462,202,202
3,3,23799,random,none,0.20,linear_interpolation,0.082021,0.136715,0.999093,202,202
3,3,23799,random,none,0.20,time_interpolation,0.082021,0.136715,0.999093,202,202
3,3,23799,random,none,0.20,cubic_interpolation,0.064936,0.104336,0.999472,202,202
3,3,23799,random,none,0.20,spline_interpolation,0.064927,0.104335,0.999472,202,202
3,3,23799,random,none,0.20,moving_average,0.215222,0.320890,0.995003,202,202
3,3,23799,random,none,0.20,knn,0.082021,0.136715,0.999093,202,202
3,3,23799,random,none,0.20,knn_upgraded,0.100369,0.163536,0.998702,202,202
3,3,23799,random,none,0.20,decision_tree,0.088733,0.140803,0.999038,202,202
3,3,23799,random,none,0.20,random_forest,0.082548,0.137897,0.999077,202,202
3,3,23799,random,none,0.20,neural_net,0.099634,0.171416,0.998574,202,202
3,3,23799,random,none,0.20,adaptive_imputation,0.064927,0.104335,0.999472,202,202
4,4,31718,random,none,0.20,forward_fill,0.176238,0.253258,0.994804,202,202
4,4,31718,random,none,0.20,linear_interpolation,0.077723,0.113641,0.998954,202,202
4,4,31718,random,none,0.20,time_interpolation,0.077723,0.113641,0.998954,202,202
4,4,31718,random,none,0.20,cubic_interpolation,0.072607,0.107687,0.999061,202,202
4,4,31718,random,none,0.20,spline_interpolation,0.072607,0.107687,0.999061,202,202
4,4,31718,random,none,0.20,moving_average,0.194379,0.278941,0.993697,202,202
4,4,31718,random,none,0.20,knn,0.077723,0.113641,0.998954,202,202
4,4,31718,random,none,0.20,knn_upgraded,0.086951,0.128089,0.998671,202,202
4,4,31718,random,none,0.20,decision_tree,0.087036,0.133657,0.998553,202,202
4,4,31718,random,none,0.20,random_forest,0.079046,0.116032,0.998909,202,202
4,4,31718,random,none,0.20,neural_net,0.091709,0.135215,0.998519,202,202
4,4,31718,random,none,0.20,adaptive_imputation,0.072607,0.107687,0.999061,202,202
5,5,39637,random,none,0.20,forward_fill,0.213564,0.306743,0.995728,202,202
5,5,39637,random,none,0.20,linear_interpolation,0.098358,0.152860,0.998939,202,202
5,5,39637,random,none,0.20,time_interpolation,0.098358,0.152860,0.998939,202,202
5,5,39637,random,none,0.20,cubic_interpolation,0.079383,0.120753,0.999338,202,202
5,5,39637,random,none,0.20,spline_interpolation,0.079400,0.120757,0.999338,202,202
5,5,39637,random,none,0.20,moving_average,0.245026,0.346868,0.994537,202,202
5,5,39637,random,none,0.20,knn,0.098358,0.152860,0.998939,202,202
5,5,39637,random,none,0.20,knn_upgraded,0.101763,0.154402,0.998918,202,202
5,5,39637,random,none,0.20,decision_tree,0.110162,0.167807,0.998722,202,202
5,5,39637,random,none,0.20,random_forest,0.098477,0.153430,0.998931,202,202
5,5,39637,random,none,0.20,neural_net,0.103669,0.158017,0.998866,202,202
5,5,39637,random,none,0.20,adaptive_imputation,0.079400,0.120757,0.999338,202,202
6,6,47556,random,none,0.20,forward_fill,0.240891,0.369184,0.991305,202,202
6,6,47556,random,none,0.20,linear_interpolation,0.146370,0.279322,0.995023,202,202
6,6,47556,random,none,0.20,time_interpolation,0.146370,0.279322,0.995023,202,202
6,6,47556,random,none,0.20,cubic_interpolation,0.136637,0.247893,0.996080,202,202
6,6,47556,random,none,0.20,spline_interpolation,0.136645,0.247894,0.996080,202,202
6,6,47556,random,none,0.20,moving_average,0.261669,0.388789,0.990357,202,202
6,6,47556,random,none,0.20,knn,0.146370,0.279322,0.995023,202,202
6,6,47556,random,none,0.20,knn_upgraded,0.165215,0.295680,0.994422,202,202
6,6,47556,random,none,0.20,decision_tree,0.159273,0.311940,0.993792,202,202
6,6,47556,random,none,0.20,random_forest,0.146317,0.273305,0.995235,202,202
6,6,47556,random,none,0.20,neural_net,0.164071,0.281250,0.994954,202,202
6,6,47556,random,none,0.20,adaptive_imputation,0.136645,0.247894,0.996080,202,202
7,7,55475,random,none,0.20,forward_fill,0.143960,0.228456,0.991247,202,202
7,7,55475,random,none,0.20,linear_interpolation,0.069757,0.104003,0.998186,202,202
7,7,55475,random,none,0.20,time_interpolation,0.069757,0.104003,0.998186,202,202
7,7,55475,random,none,0.20,cubic_interpolation,0.060028,0.096299,0.998445,202,202
7,7,55475,random,none,0.20,spline_interpolation,0.060033,0.096300,0.998445,202,202
7,7,55475,random,none,0.20,moving_average,0.202063,0.275433,0.987278,202,202
7,7,55475,random,none,0.20,knn,0.069757,0.104003,0.998186,202,202
7,7,55475,random,none,0.20,knn_upgraded,0.074803,0.109745,0.997980,202,202
7,7,55475,random,none,0.20,decision_tree,0.078930,0.118096,0.997661,202,202
7,7,55475,random,none,0.20,random_forest,0.068988,0.106247,0.998107,202,202
7,7,55475,random,none,0.20,neural_net,0.082229,0.122035,0.997502,202,202
7,7,55475,random,none,0.20,adaptive_imputation,0.060033,0.096300,0.998445,202,202
8,8,63394,random,none,0.20,forward_fill,0.263564,0.389180,0.996039,202,202
8,8,63394,random,none,0.20,linear_interpolation,0.132566,0.228155,0.998639,202,202
8,8,63394,random,none,0.20,time_interpolation,0.132566,0.228155,0.998639,202,202
8,8,63394,random,none,0.20,cubic_interpolation,0.138002,0.292901,0.997756,202,202
8,8,63394,random,none,0.20,spline_interpolation,0.138174,0.292921,0.997756,202,202
8,8,63394,random,none,0.20,moving_average,0.255067,0.358799,0.996633,202,202
8,8,63394,random,none,0.20,knn,0.132566,0.228155,0.998639,202,202
8,8,63394,random,none,0.20,knn_upgraded,0.150280,0.241305,0.998477,202,202
8,8,63394,random,none,0.20,decision_tree,0.158319,0.255543,0.998292,202,202
8,8,63394,random,none,0.20,random_forest,0.135579,0.225723,0.998667,202,202
8,8,63394,random,none,0.20,neural_net,0.143401,0.267168,0.998133,202,202
8,8,63394,random,none,0.20,adaptive_imputation,0.138174,0.292921,0.997756,202,202
9,9,71313,random,none,0.20,forward_fill,0.187970,0.269476,0.993198,202,202
9,9,71313,random,none,0.20,linear_interpolation,0.082335,0.114527,0.998771,202,202
9,9,71313,random,none,0.20,time_interpolation,0.082335,0.114527,0.998771,202,202
9,9,71313,random,none,0.20,cubic_interpolation,0.078540,0.117306,0.998711,202,202
9,9,71313,random,none,0.20,spline_interpolation,0.078539,0.117306,0.998711,202,202
9,9,71313,random,none,0.20,moving_average,0.185532,0.248756,0.994204,202,202
9,9,71313,random,none,0.20,knn,0.082335,0.114527,0.998771,202,202
9,9,71313,random,none,0.20,knn_upgraded,0.087113,0.122851,0.998586,202,202
9,9,71313,random,none,0.20,decision_tree,0.100407,0.148941,0.997922,202,202
9,9,71313,random,none,0.20,random_forest,0.083501,0.119253,0.998668,202,202
9,9,71313,random,none,0.20,neural_net,0.095387,0.131848,0.998372,202,202
9,9,71313,random,none,0.20,adaptive_imputation,0.078539,0.117306,0.998711,202,202
10,10,79232,random,none,0.20,forward_fill,0.156040,0.240628,0.996628,202,202
10,10,79232,random,none,0.20,linear_interpolation,0.071543,0.107888,0.999322,202,202
10,10,79232,random,none,0.20,time_interpolation,0.071543,0.107888,0.999322,202,202
10,10,79232,random,none,0.20,cubic_interpolation,0.077302,0.127616,0.999052,202,202
10,10,79232,random,none,0.20,spline_interpolation,0.077302,0.127617,0.999052,202,202
10,10,79232,random,none,0.20,moving_average,0.138062,0.199260,0.997688,202,202
10,10,79232,random,none,0.20,knn,0.071543,0.107888,0.999322,202,202
10,10,79232,random,none,0.20,knn_upgraded,0.078636,0.113519,0.999250,202,202
10,10,79232,random,none,0.20,decision_tree,0.071306,0.105935,0.999346,202,202
10,10,79232,random,none,0.20,random_forest,0.073652,0.112353,0.999265,202,202
10,10,79232,random,none,0.20,neural_net,0.085539,0.134706,0.998943,202,202
10,10,79232,random,none,0.20,adaptive_imputation,0.077302,0.127617,0.999052,202,202
11,11,87151,random,none,0.20,forward_fill,0.229059,0.309860,0.996039,202,202
11,11,87151,random,none,0.20,linear_interpolation,0.096749,0.138106,0.999213,202,202
11,11,87151,random,none,0.20,time_interpolation,0.096749,0.138106,0.999213,202,202
11,11,87151,random,none,0.20,cubic_interpolation,0.089261,0.132213,0.999279,202,202
11,11,87151,random,none,0.20,spline_interpolation,0.089055,0.132121,0.999280,202,202
11,11,87151,random,none,0.20,moving_average,0.247581,0.343712,0.995126,202,202
11,11,87151,random,none,0.20,knn,0.096749,0.138106,0.999213,202,202
11,11,87151,random,none,0.20,knn_upgraded,0.108798,0.154140,0.999020,202,202
11,11,87151,random,none,0.20,decision_tree,0.106111,0.152605,0.999039,202,202
11,11,87151,random,none,0.20,random_forest,0.097572,0.135793,0.999239,202,202
11,11,87151,random,none,0.20,neural_net,0.115103,0.161294,0.998927,202,202
11,11,87151,random,none,0.20,adaptive_imputation,0.089055,0.132121,0.999280,202,202
12,12,95070,random,none,0.20,forward_fill,0.133713,0.204918,0.993044,202,202
12,12,95070,random,none,0.20,linear_interpolation,0.053271,0.086581,0.998758,202,202
12,12,95070,random,none,0.20,time_interpolation,0.053271,0.086581,0.998758,202,202
12,12,95070,random,none,0.20,cubic_interpolation,0.049701,0.074596,0.999078,202,202
12,12,95070,random,none,0.20,spline_interpolation,0.049718,0.074606,0.999078,202,202
12,12,95070,random,none,0.20,moving_average,0.118124,0.172795,0.995054,202,202
12,12,95070,random,none,0.20,knn,0.053271,0.086581,0.998758,202,202
12,12,95070,random,none,0.20,knn_upgraded,0.065645,0.096937,0.998443,202,202
12,12,95070,random,none,0.20,decision_tree,0.056497,0.092106,0.998595,202,202
12,12,95070,random,none,0.20,random_forest,0.052634,0.082796,0.998864,202,202
12,12,95070,random,none,0.20,neural_net,0.061951,0.096145,0.998469,202,202
12,12,95070,random,none,0.20,adaptive_imputation,0.049718,0.074606,0.999078,202,202
13,13,102989,random,none,0.20,forward_fill,0.238812,0.324739,0.991794,202,202
13,13,102989,random,none,0.20,linear_interpolation,0.120985,0.195973,0.997012,202,202
13,13,102989,random,none,0.20,time_interpolation,0.120985,0.195973,0.997012,202,202
13,13,102989,random,none,0.20,cubic_interpolation,0.106601,0.180982,0.997451,202,202
13,13,102989,random,none,0.20,spline_interpolation,0.106600,0.180982,0.997451,202,202
13,13,102989,random,none,0.20,moving_average,0.219621,0.291815,0.993374,202,202
13,13,102989,random,none,0.20,knn,0.120985,0.195973,0.997012,202,202
13,13,102989,random,none,0.20,knn_upgraded,0.128487,0.207700,0.996643,202,202
13,13,102989,random,none,0.20,decision_tree,0.131815,0.201626,0.996837,202,202
13,13,102989,random,none,0.20,random_forest,0.117881,0.188707,0.997229,202,202
13,13,102989,random,none,0.20,neural_net,0.125912,0.198402,0.996937,202,202
13,13,102989,random,none,0.20,adaptive_imputation,0.106600,0.180982,0.997451,202,202
14,14,110908,random,none,0.20,forward_fill,0.110891,0.210250,0.987979,202,202
14,14,110908,random,none,0.20,linear_interpolation,0.055769,0.098031,0.997387,202,202
14,14,110908,random,none,0.20,time_interpolation,0.055769,0.098031,0.997387,202,202
14,14,110908,random,none,0.20,cubic_interpolation,0.060091,0.107510,0.996857,202,202
14,14,110908,random,none,0.20,spline_interpolation,0.060092,0.107511,0.996857,202,202
14,14,110908,random,none,0.20,moving_average,0.107260,0.180325,0.991157,202,202
14,14,110908,random,none,0.20,knn,0.055769,0.098031,0.997387,202,202
14,14,110908,random,none,0.20,knn_upgraded,0.060688,0.100685,0.997243,202,202
14,14,110908,random,none,0.20,decision_tree,0.059787,0.110723,0.996666,202,202
14,14,110908,random,none,0.20,random_forest,0.055695,0.096027,0.997492,202,202
14,14,110908,random,none,0.20,neural_net,0.066898,0.113796,0.996479,202,202
14,14,110908,random,none,0.20,adaptive_imputation,0.060092,0.107511,0.996857,202,202
15,15,118827,random,none,0.20,forward_fill,0.284505,0.409199,0.995190,202,202
15,15,118827,random,none,0.20,linear_interpolation,0.108152,0.142221,0.999419,202,202
15,15,118827,random,none,0.20,time_interpolation,0.108152,0.142221,0.999419,202,202
15,15,118827,random,none,0.20,cubic_interpolation,0.102817,0.134671,0.999479,202,202
15,15,118827,random,none,0.20,spline_interpolation,0.102808,0.134660,0.999479,202,202
15,15,118827,random,none,0.20,moving_average,0.231946,0.320461,0.997050,202,202
15,15,118827,random,none,0.20,knn,0.108152,0.142221,0.999419,202,202
15,15,118827,random,none,0.20,knn_upgraded,0.111497,0.146164,0.999386,202,202
15,15,118827,random,none,0.20,decision_tree,0.116947,0.155042,0.999310,202,202
15,15,118827,random,none,0.20,random_forest,0.108206,0.139790,0.999439,202,202
15,15,118827,random,none,0.20,neural_net,0.132274,0.176240,0.999108,202,202
15,15,118827,random,none,0.20,adaptive_imputation,0.102808,0.134660,0.999479,202,202
16,16,126746,random,none,0.20,forward_fill,0.201832,0.301188,0.986627,202,202
16,16,126746,random,none,0.20,linear_interpolation,0.090551,0.123413,0.997755,202,202
16,16,126746,random,none,0.20,time_interpolation,0.090551,0.123413,0.997755,202,202
16,16,126746,random,none,0.20,cubic_interpolation,0.084689,0.119688,0.997888,202,202
16,16,126746,random,none,0.20,spline_interpolation,0.084688,0.119687,0.997888,202,202
16,16,126746,random,none,0.20,moving_average,0.210298,0.305781,0.986216,202,202
16,16,126746,random,none,0.20,knn,0.090551,0.123413,0.997755,202,202
16,16,126746,random,none,0.20,knn_upgraded,0.099134,0.137465,0.997214,202,202
16,16,126746,random,none,0.20,decision_tree,0.095060,0.130075,0.997506,202,202
16,16,126746,random,none,0.20,random_forest,0.089490,0.122162,0.997800,202,202
16,16,126746,random,none,0.20,neural_net,0.103806,0.138500,0.997172,202,202
16,16,126746,random,none,0.20,adaptive_imputation,0.084688,0.119687,0.997888,202,202
17,17,134665,random,none,0.20,forward_fill,0.144851,0.214354,0.997767,202,202
17,17,134665,random,none,0.20,linear_interpolation,0.068305,0.103708,0.999477,202,202
17,17,134665,random,none,0.20,time_interpolation,0.068305,0.103708,0.999477,202,202
17,17,134665,random,none,0.20,cubic_interpolation,0.058024,0.089122,0.999614,202,202
17,17,134665,random,none,0.20,spline_interpolation,0.058030,0.089123,0.999614,202,202
17,17,134665,random,none,0.20,moving_average,0.157323,0.238226,0.997242,202,202
17,17,134665,random,none,0.20,knn,0.068305,0.103708,0.999477,202,202
17,17,134665,random,none,0.20,knn_upgraded,0.082468,0.127174,0.999214,202,202
17,17,134665,random,none,0.20,decision_tree,0.070895,0.099912,0.999515,202,202
17,17,134665,random,none,0.20,random_forest,0.068163,0.104534,0.999469,202,202
17,17,134665,random,none,0.20,neural_net,0.072596,0.109088,0.999422,202,202
17,17,134665,random,none,0.20,adaptive_imputation,0.058030,0.089123,0.999614,202,202
18,18,142584,random,none,0.20,forward_fill,0.232673,0.327101,0.990905,202,202
18,18,142584,random,none,0.20,linear_interpolation,0.104505,0.157741,0.997885,202,202
18,18,142584,random,none,0.20,time_interpolation,0.104505,0.157741,0.997885,202,202
18,18,142584,random,none,0.20,cubic_interpolation,0.102517,0.160818,0.997802,202,202
18,18,142584,random,none,0.20,spline_interpolation,0.102516,0.160815,0.997802,202,202
18,18,142584,random,none,0.20,moving_average,0.246440,0.356176,0.989216,202,202
18,18,142584,random,none,0.20,knn,0.104505,0.157741,0.997885,202,202
18,18,142584,random,none,0.20,knn_upgraded,0.116816,0.172401,0.997474,202,202
18,18,142584,random,none,0.20,decision_tree,0.119418,0.182641,0.997164,202,202
18,18,142584,random,none,0.20,random_forest,0.107234,0.160252,0.997817,202,202
18,18,142584,random,none,0.20,neural_net,0.122091,0.196246,0.996726,202,202
18,18,142584,random,none,0.20,adaptive_imputation,0.102516,0.160815,0.997802,202,202
19,19,150503,random,none,0.20,forward_fill,0.123762,0.219809,0.997265,202,202
19,19,150503,random,none,0.20,linear_interpolation,0.050454,0.080303,0.999635,202,202
19,19,150503,random,none,0.20,time_interpolation,0.050454,0.080303,0.999635,202,202
19,19,150503,random,none,0.20,cubic_interpolation,0.046844,0.077408,0.999661,202,202
19,19,150503,random,none,0.20,spline_interpolation,0.046617,0.075826,0.999675,202,202
19,19,150503,random,none,0.20,moving_average,0.140714,0.241401,0.996701,202,202
19,19,150503,random,none,0.20,knn,0.050454,0.080303,0.999635,202,202
19,19,150503,random,none,0.20,knn_upgraded,0.060371,0.090514,0.999536,202,202
19,19,150503,random,none,0.20,decision_tree,0.055898,0.095434,0.999484,202,202
19,19,150503,random,none,0.20,random_forest,0.050066,0.076171,0.999672,202,202
19,19,150503,random,none,0.20,neural_net,0.066387,0.099503,0.999440,202,202
19,19,150503,random,none,0.20,adaptive_imputation,0.046617,0.075826,0.999675,202,202
0,0,42,random,none,0.30,forward_fill,0.182020,0.298881,0.997527,302,302
0,0,42,random,none,0.30,linear_interpolation,0.083355,0.140089,0.999457,302,302
0,0,42,random,none,0.30,time_interpolation,0.083355,0.140089,0.999457,302,302
0,0,42,random,none,0.30,cubic_interpolation,0.087940,0.178861,0.999115,302,302
0,0,42,random,none,0.30,spline_interpolation,0.087927,0.178875,0.999114,302,302
0,0,42,random,none,0.30,moving_average,0.198613,0.320725,0.997153,302,302
0,0,42,random,none,0.30,knn,0.083355,0.140089,0.999457,302,302
0,0,42,random,none,0.30,knn_upgraded,0.101496,0.159801,0.999293,302,302
0,0,42,random,none,0.30,decision_tree,0.093014,0.149362,0.999383,302,302
0,0,42,random,none,0.30,random_forest,0.083977,0.136783,0.999482,302,302
0,0,42,random,none,0.30,neural_net,0.095012,0.152418,0.999357,302,302
0,0,42,random,none,0.30,adaptive_imputation,0.083355,0.140089,0.999457,302,302
1,1,7961,random,none,0.30,forward_fill,0.242914,0.344996,0.990372,302,302
1,1,7961,random,none,0.30,linear_interpolation,0.125760,0.184519,0.997246,302,302
1,1,7961,random,none,0.30,time_interpolation,0.125760,0.184519,0.997246,302,302
1,1,7961,random,none,0.30,cubic_interpolation,0.121892,0.182757,0.997298,302,302
1,1,7961,random,none,0.30,spline_interpolation,0.121881,0.182751,0.997298,302,302
1,1,7961,random,none,0.30,moving_average,0.243399,0.345710,0.990333,302,302
1,1,7961,random,none,0.30,knn,0.125760,0.184519,0.997246,302,302
1,1,7961,random,none,0.30,knn_upgraded,0.146762,0.210557,0.996414,302,302
1,1,7961,random,none,0.30,decision_tree,0.136643,0.195262,0.996916,302,302
1,1,7961,random,none,0.30,random_forest,0.126323,0.184140,0.997257,302,302
1,1,7961,random,none,0.30,neural_net,0.143933,0.208401,0.996487,302,302
1,1,7961,random,none,0.30,adaptive_imputation,0.125760,0.184519,0.997246,302,302
2,2,15880,random,none,0.30,forward_fill,0.161391,0.245268,0.984835,302,302
2,2,15880,random,none,0.30,linear_interpolation,0.081677,0.127518,0.995901,302,302
2,2,15880,random,none,0.30,time_interpolation,0.081677,0.127518,0.995901,302,302
2,2,15880,random,none,0.30,cubic_interpolation,0.069903,0.108914,0.997010,302,302
2,2,15880,random,none,0.30,spline_interpolation,0.069907,0.108918,0.997009,302,302
2,2,15880,random,none,0.30,moving_average,0.167805,0.260562,0.982884,302,302
2,2,15880,random,none,0.30,knn,0.081677,0.127518,0.995901,302,302
2,2,15880,random,none,0.30,knn_upgraded,0.097266,0.144625,0.994727,302,302
2,2,15880,random,none,0.30,decision_tree,0.093768,0.152031,0.994173,302,302
2,2,15880,random,none,0.30,random_forest,0.081480,0.127421,0.995907,302,302
2,2,15880,random,none,0.30,neural_net,0.095180,0.150687,0.994276,302,302
2,2,15880,random,none,0.30,adaptive_imputation,0.081677,0.127518,0.995901,302,302
3,3,23799,random,none,0.30,forward_fill,0.228046,0.335034,0.994125,302,302
3,3,23799,random,none,0.30,linear_interpolation,0.090636,0.147954,0.998854,302,302
3,3,23799,random,none,0.30,time_interpolation,0.090636,0.147954,0.998854,302,302
3,3,23799,random,none,0.30,cubic_interpolation,0.077110,0.127101,0.999154,302,302
3,3,23799,random,none,0.30,spline_interpolation,0.077104,0.127100,0.999154,302,302
3,3,23799,random,none,0.30,moving_average,0.227910,0.337116,0.994052,302,302
3,3,23799,random,none,0.30,knn,0.090636,0.147954,0.998854,302,302
3,3,23799,random,none,0.30,knn_upgraded,0.115919,0.185185,0.998205,302,302
3,3,23799,random,none,0.30,decision_tree,0.098882,0.158842,0.998679,302,302
3,3,23799,random,none,0.30,random_forest,0.093053,0.151108,0.998805,302,302
3,3,23799,random,none,0.30,neural_net,0.116711,0.178832,0.998326,302,302
3,3,23799,random,none,0.30,adaptive_imputation,0.090636,0.147954,0.998854,302,302
4,4,31718,random,none,0.30,forward_fill,0.226126,0.336904,0.990876,302,302
4,4,31718,random,none,0.30,linear_interpolation,0.094917,0.138314,0.998462,302,302
4,4,31718,random,none,0.30,time_interpolation,0.094917,0.138314,0.998462,302,302
4,4,31718,random,none,0.30,cubic_interpolation,0.099784,0.153918,0.998096,302,302
4,4,31718,random,none,0.30,spline_interpolation,0.099875,0.154016,0.998093,302,302
4,4,31718,random,none,0.30,moving_average,0.196050,0.281259,0.993641,302,302
4,4,31718,random,none,0.30,knn,0.094917,0.138314,0.998462,302,302
4,4,31718,random,none,0.30,knn_upgraded,0.108626,0.188508,0.997144,302,302
4,4,31718,random,none,0.30,decision_tree,0.102592,0.150216,0.998186,302,302
4,4,31718,random,none,0.30,random_forest,0.100372,0.147861,0.998243,302,302
4,4,31718,random,none,0.30,neural_net,0.119351,0.172096,0.997619,302,302
4,4,31718,random,none,0.30,adaptive_imputation,0.094917,0.138314,0.998462,302,302
5,5,39637,random,none,0.30,forward_fill,0.219570,0.325172,0.994994,302,302
5,5,39637,random,none,0.30,linear_interpolation,0.099406,0.153869,0.998879,302,302
5,5,39637,random,none,0.30,time_interpolation,0.099406,0.153869,0.998879,302,302
5,5,39637,random,none,0.30,cubic_interpolation,0.085296,0.126377,0.999244,302,302
5,5,39637,random,none,0.30,spline_interpolation,0.085333,0.126392,0.999244,302,302
5,5,39637,random,none,0.30,moving_average,0.243972,0.347691,0.994276,302,302
5,5,39637,random,none,0.30,knn,0.099406,0.153869,0.998879,302,302
5,5,39637,random,none,0.30,knn_upgraded,0.110742,0.161135,0.998771,302,302
5,5,39637,random,none,0.30,decision_tree,0.107904,0.160226,0.998785,302,302
5,5,39637,random,none,0.30,random_forest,0.098966,0.152127,0.998904,302,302
5,5,39637,random,none,0.30,neural_net,0.109519,0.157248,0.998829,302,302
5,5,39637,random,none,0.30,adaptive_imputation,0.099406,0.153869,0.998879,302,302
6,6,47556,random,none,0.30,forward_fill,0.252517,0.385549,0.991138,302,302
6,6,47556,random,none,0.30,linear_interpolation,0.137185,0.254620,0.996135,302,302
6,6,47556,random,none,0.30,time_interpolation,0.137185,0.254620,0.996135,302,302
6,6,47556,random,none,0.30,cubic_interpolation,0.132250,0.232120,0.996788,302,302
6,6,47556,random,none,0.30,spline_interpolation,0.132256,0.232120,0.996788,302,302
6,6,47556,random,none,0.30,moving_average,0.243937,0.371402,0.991777,302,302
6,6,47556,random,none,0.30,knn,0.137185,0.254620,0.996135,302,302
6,6,47556,random,none,0.30,knn_upgraded,0.152565,0.269938,0.995656,302,302
6,6,47556,random,none,0.30,decision_tree,0.141967,0.254036,0.996153,302,302
6,6,47556,random,none,0.30,random_forest,0.139026,0.256355,0.996082,302,302
6,6,47556,random,none,0.30,neural_net,0.158272,0.266047,0.995780,302,302
6,6,47556,random,none,0.30,adaptive_imputation,0.137185,0.254620,0.996135,302,302
7,7,55475,random,none,0.30,forward_fill,0.173510,0.260644,0.988052,302,302
7,7,55475,random,none,0.30,linear_interpolation,0.075541,0.111035,0.997832,302,302
7,7,55475,random,none,0.30,time_interpolation,0.075541,0.111035,0.997832,302,302
7,7,55475,random,none,0.30,cubic_interpolation,0.063841,0.095391,0.998400,302,302
7,7,55475,random,none,0.30,spline_interpolation,0.063867,0.095428,0.998398,302,302
7,7,55475,random,none,0.30,moving_average,0.199540,0.272882,0.986903,302,302
7,7,55475,random,none,0.30,knn,0.075541,0.111035,0.997832,302,302
7,7,55475,random,none,0.30,knn_upgraded,0.086314,0.124057,0.997293,302,302
7,7,55475,random,none,0.30,decision_tree,0.086167,0.121228,0.997415,302,302
7,7,55475,random,none,0.30,random_forest,0.073623,0.107389,0.997972,302,302
7,7,55475,random,none,0.30,neural_net,0.092077,0.130096,0.997023,302,302
7,7,55475,random,none,0.30,adaptive_imputation,0.075541,0.111035,0.997832,302,302
8,8,63394,random,none,0.30,forward_fill,0.298079,0.484385,0.994133,302,302
8,8,63394,random,none,0.30,linear_interpolation,0.127848,0.217418,0.998818,302,302
8,8,63394,random,none,0.30,time_interpolation,0.127848,0.217418,0.998818,302,302
8,8,63394,random,none,0.30,cubic_interpolation,0.131511,0.264197,0.998255,302,302
8,8,63394,random,none,0.30,spline_interpolation,0.131604,0.264182,0.998255,302,302
8,8,63394,random,none,0.30,moving_average,0.266943,0.370673,0.996564,302,302
8,8,63394,random,none,0.30,knn,0.127848,0.217418,0.998818,302,302
8,8,63394,random,none,0.30,knn_upgraded,0.142003,0.222488,0.998762,302,302
8,8,63394,random,none,0.30,decision_tree,0.139395,0.238793,0.998574,302,302
8,8,63394,random,none,0.30,random_forest,0.129763,0.221132,0.998777,302,302
8,8,63394,random,none,0.30,neural_net,0.141724,0.249649,0.998441,302,302
8,8,63394,random,none,0.30,adaptive_imputation,0.127848,0.217418,0.998818,302,302
9,9,71313,random,none,0.30,forward_fill,0.226921,0.331281,0.990674,302,302
9,9,71313,random,none,0.30,linear_interpolation,0.091956,0.128796,0.998590,302,302
9,9,71313,random,none,0.30,time_interpolation,0.091956,0.128796,0.998590,302,302
9,9,71313,random,none,0.30,cubic_interpolation,0.092644,0.140863,0.998314,302,302
9,9,71313,random,none,0.30,spline_interpolation,0.092644,0.140863,0.998314,302,302
9,9,71313,random,none,0.30,moving_average,0.206097,0.297645,0.992471,302,302
9,9,71313,random,none,0.30,knn,0.091956,0.128796,0.998590,302,302
9,9,71313,random,none,0.30,knn_upgraded,0.102718,0.147029,0.998163,302,302
9,9,71313,random,none,0.30,decision_tree,0.105316,0.154461,0.997972,302,302
9,9,71313,random,none,0.30,random_forest,0.094508,0.133475,0.998486,302,302
9,9,71313,random,none,0.30,neural_net,0.103963,0.146340,0.998180,302,302
9,9,71313,random,none,0.30,adaptive_imputation,0.091956,0.128796,0.998590,302,302
10,10,79232,random,none,0.30,forward_fill,0.167914,0.268340,0.995817,302,302
10,10,79232,random,none,0.30,linear_interpolation,0.074826,0.116125,0.999217,302,302
10,10,79232,random,none,0.30,time_interpolation,0.074826,0.116125,0.999217,302,302
10,10,79232,random,none,0.30,cubic_interpolation,0.079033,0.127178,0.999060,302,302
10,10,79232,random,none,0.30,spline_interpolation,0.079067,0.127189,0.999060,302,302
10,10,79232,random,none,0.30,moving_average,0.150021,0.220707,0.997171,302,302
10,10,79232,random,none,0.30,knn,0.074826,0.116125,0.999217,302,302
10,10,79232,random,none,0.30,knn_upgraded,0.090025,0.137188,0.998907,302,302
10,10,79232,random,none,0.30,decision_tree,0.079620,0.123147,0.999119,302,302
10,10,79232,random,none,0.30,random_forest,0.078020,0.122050,0.999135,302,302
10,10,79232,random,none,0.30,neural_net,0.092990,0.143745,0.998800,302,302
10,10,79232,random,none,0.30,adaptive_imputation,0.074826,0.116125,0.999217,302,302
11,11,87151,random,none,0.30,forward_fill,0.259570,0.357447,0.994693,302,302
11,11,87151,random,none,0.30,linear_interpolation,0.103063,0.145268,0.999123,302,302
11,11,87151,random,none,0.30,time_interpolation,0.103063,0.145268,0.999123,302,302
11,11,87151,random,none,0.30,cubic_interpolation,0.103772,0.150307,0.999062,302,302
11,11,87151,random,none,0.30,spline_interpolation,0.103658,0.150284,0.999062,302,302
11,11,87151,random,none,0.30,moving_average,0.267989,0.369071,0.994342,302,302
11,11,87151,random,none,0.30,knn,0.103063,0.145268,0.999123,302,302
11,11,87151,random,none,0.30,knn_upgraded,0.116928,0.166514,0.998848,302,302
11,11,87151,random,none,0.30,decision_tree,0.103805,0.151459,0.999047,302,302
11,11,87151,random,none,0.30,random_forest,0.105249,0.148826,0.999080,302,302
11,11,87151,random,none,0.30,neural_net,0.123830,0.166535,0.998848,302,302
11,11,87151,random,none,0.30,adaptive_imputation,0.103063,0.145268,0.999123,302,302
12,12,95070,random,none,0.30,forward_fill,0.131225,0.202089,0.993105,302,302
12,12,95070,random,none,0.30,linear_interpolation,0.058160,0.090829,0.998607,302,302
12,12,95070,random,none,0.30,time_interpolation,0.058160,0.090829,0.998607,302,302
12,12,95070,random,none,0.30,cubic_interpolation,0.057177,0.088944,0.998664,302,302
12,12,95070,random,none,0.30,spline_interpolation,0.057199,0.088959,0.998664,302,302
12,12,95070,random,none,0.30,moving_average,0.117577,0.170147,0.995112,302,302
12,12,95070,random,none,0.30,knn,0.058160,0.090829,0.998607,302,302
12,12,95070,random,none,0.30,knn_upgraded,0.077630,0.115495,0.997748,302,302
12,12,95070,random,none,0.30,decision_tree,0.063076,0.097170,0.998406,302,302
12,12,95070,random,none,0.30,random_forest,0.057083,0.088062,0.998691,302,302
12,12,95070,random,none,0.30,neural_net,0.064000,0.099923,0.998314,302,302
12,12,95070,random,none,0.30,adaptive_imputation,0.058160,0.090829,0.998607,302,302
13,13,102989,random,none,0.30,forward_fill,0.260464,0.362690,0.989092,302,302
13,13,102989,random,none,0.30,linear_interpolation,0.121493,0.187709,0.997078,302,302
13,13,102989,random,none,0.30,time_interpolation,0.121493,0.187709,0.997078,302,302
13,13,102989,random,none,0.30,cubic_interpolation,0.108535,0.172533,0.997532,302,302
13,13,102989,random,none,0.30,spline_interpolation,0.108534,0.172533,0.997532,302,302
13,13,102989,random,none,0.30,moving_average,0.230390,0.306954,0.992187,302,302
13,13,102989,random,none,0.30,knn,0.121493,0.187709,0.997078,302,302
13,13,102989,random,none,0.30,knn_upgraded,0.141356,0.211413,0.996294,302,302
13,13,102989,random,none,0.30,decision_tree,0.133583,0.201160,0.996645,302,302
13,13,102989,random,none,0.30,random_forest,0.122733,0.186296,0.997122,302,302
13,13,102989,random,none,0.30,neural_net,0.136618,0.201869,0.996621,302,302
13,13,102989,random,none,0.30,adaptive_imputation,0.121493,0.187709,0.997078,302,302
14,14,110908,random,none,0.30,forward_fill,0.112384,0.195640,0.989610,302,302
14,14,110908,random,none,0.30,linear_interpolation,0.054266,0.092887,0.997658,302,302
14,14,110908,random,none,0.30,time_interpolation,0.054266,0.092887,0.997658,302,302
14,14,110908,random,none,0.30,cubic_interpolation,0.053543,0.095467,0.997526,302,302
14,14,110908,random,none,0.30,spline_interpolation,0.053543,0.095467,0.997526,302,302
14,14,110908,random,none,0.30,moving_average,0.116251,0.191302,0.990065,302,302
14,14,110908,random,none,0.30,knn,0.054266,0.092887,0.997658,302,302
14,14,110908,random,none,0.30,knn_upgraded,0.063781,0.103213,0.997108,302,302
14,14,110908,random,none,0.30,decision_tree,0.060917,0.104632,0.997028,302,302
14,14,110908,random,none,0.30,random_forest,0.052368,0.091184,0.997743,302,302
14,14,110908,random,none,0.30,neural_net,0.069249,0.114489,0.996442,302,302
14,14,110908,random,none,0.30,adaptive_imputation,0.054266,0.092887,0.997658,302,302
15,15,118827,random,none,0.30,forward_fill,0.311225,0.431977,0.994465,302,302
15,15,118827,random,none,0.30,linear_interpolation,0.114550,0.152930,0.999306,302,302
15,15,118827,random,none,0.30,time_interpolation,0.114550,0.152930,0.999306,302,302
15,15,118827,random,none,0.30,cubic_interpolation,0.112361,0.152097,0.999314,302,302
15,15,118827,random,none,0.30,spline_interpolation,0.112356,0.152090,0.999314,302,302
15,15,118827,random,none,0.30,moving_average,0.246360,0.333669,0.996698,302,302
15,15,118827,random,none,0.30,knn,0.114550,0.152930,0.999306,302,302
15,15,118827,random,none,0.30,knn_upgraded,0.121852,0.161323,0.999228,302,302
15,15,118827,random,none,0.30,decision_tree,0.126820,0.164669,0.999196,302,302
15,15,118827,random,none,0.30,random_forest,0.113707,0.149038,0.999341,302,302
15,15,118827,random,none,0.30,neural_net,0.125992,0.167670,0.999166,302,302
15,15,118827,random,none,0.30,adaptive_imputation,0.114550,0.152930,0.999306,302,302
16,16,126746,random,none,0.30,forward_fill,0.249470,0.388808,0.978136,302,302
16,16,126746,random,none,0.30,linear_interpolation,0.119949,0.207284,0.993786,302,302
16,16,126746,random,none,0.30,time_interpolation,0.119949,0.207284,0.993786,302,302
16,16,126746,random,none,0.30,cubic_interpolation,0.114181,0.200966,0.994159,302,302
16,16,126746,random,none,0.30,spline_interpolation,0.114180,0.200966,0.994159,302,302
16,16,126746,random,none,0.30,moving_average,0.237322,0.341301,0.983153,302,302
16,16,126746,random,none,0.30,knn,0.119949,0.207284,0.993786,302,302
16,16,126746,random,none,0.30,knn_upgraded,0.130350,0.206993,0.993803,302,302
16,16,126746,random,none,0.30,decision_tree,0.134393,0.219425,0.993037,302,302
16,16,126746,random,none,0.30,random_forest,0.121319,0.211557,0.993527,302,302
16,16,126746,random,none,0.30,neural_net,0.133198,0.220784,0.992950,302,302
16,16,126746,random,none,0.30,adaptive_imputation,0.119949,0.207284,0.993786,302,302
17,17,134665,random,none,0.30,forward_fill,0.157384,0.237832,0.997175,302,302
17,17,134665,random,none,0.30,linear_interpolation,0.083014,0.145633,0.998941,302,302
17,17,134665,random,none,0.30,time_interpolation,0.083014,0.145633,0.998941,302,302
17,17,134665,random,none,0.30,cubic_interpolation,0.070467,0.120892,0.999270,302,302
17,17,134665,random,none,0.30,spline_interpolation,0.070490,0.120910,0.999270,302,302
17,17,134665,random,none,0.30,moving_average,0.189703,0.311246,0.995162,302,302
17,17,134665,random,none,0.30,knn,0.083014,0.145633,0.998941,302,302
17,17,134665,random,none,0.30,knn_upgraded,0.096573,0.158104,0.998752,302,302
17,17,134665,random,none,0.30,decision_tree,0.086352,0.152689,0.998836,302,302
17,17,134665,random,none,0.30,random_forest,0.083899,0.147461,0.998914,302,302
17,17,134665,random,none,0.30,neural_net,0.094483,0.157803,0.998756,302,302
17,17,134665,random,none,0.30,adaptive_imputation,0.083014,0.145633,0.998941,302,302
18,18,142584,random,none,0.30,forward_fill,0.249172,0.379756,0.987433,302,302
18,18,142584,random,none,0.30,linear_interpolation,0.122979,0.202432,0.996429,302,302
18,18,142584,random,none,0.30,time_interpolation,0.122979,0.202432,0.996429,302,302
18,18,142584,random,none,0.30,cubic_interpolation,0.129407,0.213166,0.996040,302,302
18,18,142584,random,none,0.30,spline_interpolation,0.129414,0.213166,0.996040,302,302
18,18,142584,random,none,0.30,moving_average,0.267946,0.410227,0.985336,302,302
18,18,142584,random,none,0.30,knn,0.122979,0.202432,0.996429,302,302
18,18,142584,random,none,0.30,knn_upgraded,0.146406,0.233458,0.995251,302,302
18,18,142584,random,none,0.30,decision_tree,0.132703,0.225298,0.995577,302,302
18,18,142584,random,none,0.30,random_forest,0.123512,0.201769,0.996453,302,302
18,18,142584,random,none,0.30,neural_net,0.135547,0.220214,0.995774,302,302
18,18,142584,random,none,0.30,adaptive_imputation,0.122979,0.202432,0.996429,302,302
19,19,150503,random,none,0.30,forward_fill,0.132285,0.246474,0.996525,302,302
19,19,150503,random,none,0.30,linear_interpolation,0.058438,0.097581,0.999455,302,302
19,19,150503,random,none,0.30,time_interpolation,0.058438,0.097581,0.999455,302,302
19,19,150503,random,none,0.30,cubic_interpolation,0.055730,0.090394,0.999533,302,302
19,19,150503,random,none,0.30,spline_interpolation,0.055861,0.091272,0.999524,302,302
19,19,150503,random,none,0.30,moving_average,0.141643,0.246896,0.996513,302,302
19,19,150503,random,none,0.30,knn,0.058438,0.097581,0.999455,302,302
19,19,150503,random,none,0.30,knn_upgraded,0.068652,0.111308,0.999291,302,302
19,19,150503,random,none,0.30,decision_tree,0.060191,0.097138,0.999460,302,302
19,19,150503,random,none,0.30,random_forest,0.059588,0.097883,0.999452,302,302
19,19,150503,random,none,0.30,neural_net,0.065804,0.104931,0.999370,302,302
19,19,150503,random,none,0.30,adaptive_imputation,0.058438,0.097581,0.999455,302,302
0,0,42,random,none,0.40,forward_fill,0.215707,0.349933,0.996565,403,403
0,0,42,random,none,0.40,linear_interpolation,0.094959,0.159641,0.999285,403,403
0,0,42,random,none,0.40,time_interpolation,0.094959,0.159641,0.999285,403,403
0,0,42,random,none,0.40,cubic_interpolation,0.090897,0.172558,0.999165,403,403
0,0,42,random,none,0.40,spline_interpolation,0.090770,0.172446,0.999166,403,403
0,0,42,random,none,0.40,moving_average,0.203813,0.328143,0.996979,403,403
0,0,42,random,none,0.40,knn,0.094959,0.159641,0.999285,403,403
0,0,42,random,none,0.40,knn_upgraded,0.121366,0.186738,0.999022,403,403
0,0,42,random,none,0.40,decision_tree,0.106212,0.182166,0.999069,403,403
0,0,42,random,none,0.40,random_forest,0.093771,0.151937,0.999352,403,403
0,0,42,random,none,0.40,neural_net,0.123810,0.188192,0.999006,403,403
0,0,42,random,none,0.40,adaptive_imputation,0.090770,0.172446,0.999166,403,403
1,1,7961,random,none,0.40,forward_fill,0.285558,0.422667,0.984780,403,403
1,1,7961,random,none,0.40,linear_interpolation,0.132218,0.194801,0.996767,403,403
1,1,7961,random,none,0.40,time_interpolation,0.132218,0.194801,0.996767,403,403
1,1,7961,random,none,0.40,cubic_interpolation,0.153581,0.248874,0.994723,403,403
1,1,7961,random,none,0.40,spline_interpolation,0.153531,0.248854,0.994724,403,403
1,1,7961,random,none,0.40,moving_average,0.238957,0.331874,0.990617,403,403
1,1,7961,random,none,0.40,knn,0.132218,0.194801,0.996767,403,403
1,1,7961,random,none,0.40,knn_upgraded,0.161219,0.222232,0.995793,403,403
1,1,7961,random,none,0.40,decision_tree,0.158721,0.237697,0.995187,403,403
1,1,7961,random,none,0.40,random_forest,0.135053,0.194442,0.996779,403,403
1,1,7961,random,none,0.40,neural_net,0.165005,0.248499,0.994739,403,403
1,1,7961,random,none,0.40,adaptive_imputation,0.153531,0.248854,0.994724,403,403
2,2,15880,random,none,0.40,forward_fill,0.176154,0.267366,0.981674,403,403
2,2,15880,random,none,0.40,linear_interpolation,0.088373,0.138421,0.995088,403,403
2,2,15880,random,none,0.40,time_interpolation,0.088373,0.138421,0.995088,403,403
2,2,15880,random,none,0.40,cubic_interpolation,0.077982,0.123668,0.996079,403,403
2,2,15880,random,none,0.40,spline_interpolation,0.077977,0.123660,0.996080,403,403
2,2,15880,random,none,0.40,moving_average,0.184833,0.274483,0.980686,403,403
2,2,15880,random,none,0.40,knn,0.088373,0.138421,0.995088,403,403
2,2,15880,random,none,0.40,knn_upgraded,0.099609,0.151392,0.994124,403,403
2,2,15880,random,none,0.40,decision_tree,0.094072,0.148472,0.994349,403,403
2,2,15880,random,none,0.40,random_forest,0.086608,0.137261,0.995170,403,403
2,2,15880,random,none,0.40,neural_net,0.097434,0.148641,0.994336,403,403
2,2,15880,random,none,0.40,adaptive_imputation,0.077977,0.123660,0.996080,403,403
3,3,23799,random,none,0.40,forward_fill,0.272357,0.448826,0.989577,403,403
3,3,23799,random,none,0.40,linear_interpolation,0.109600,0.184425,0.998240,403,403
3,3,23799,random,none,0.40,time_interpolation,0.109600,0.184425,0.998240,403,403
3,3,23799,random,none,0.40,cubic_interpolation,0.106189,0.175626,0.998404,403,403
3,3,23799,random,none,0.40,spline_interpolation,0.106133,0.175612,0.998404,403,403
3,3,23799,random,none,0.40,moving_average,0.246228,0.369449,0.992938,403,403
3,3,23799,random,none,0.40,knn,0.109600,0.184425,0.998240,403,403
3,3,23799,random,none,0.40,knn_upgraded,0.142557,0.227085,0.997332,403,403
3,3,23799,random,none,0.40,decision_tree,0.121056,0.201268,0.997904,403,403
3,3,23799,random,none,0.40,random_forest,0.109224,0.184185,0.998245,403,403
3,3,23799,random,none,0.40,neural_net,0.151795,0.230240,0.997257,403,403
3,3,23799,random,none,0.40,adaptive_imputation,0.106133,0.175612,0.998404,403,403
4,4,31718,random,none,0.40,forward_fill,0.258958,0.400063,0.986968,403,403
4,4,31718,random,none,0.40,linear_interpolation,0.098559,0.145494,0.998276,403,403
4,4,31718,random,none,0.40,time_interpolation,0.098559,0.145494,0.998276,403,403
4,4,31718,random,none,0.40,cubic_interpolation,0.102763,0.150738,0.998150,403,403
4,4,31718,random,none,0.40,spline_interpolation,0.102821,0.150810,0.998148,403,403
4,4,31718,random,none,0.40,moving_average,0.208882,0.297211,0.992807,403,403
4,4,31718,random,none,0.40,knn,0.098559,0.145494,0.998276,403,403
4,4,31718,random,none,0.40,knn_upgraded,0.109488,0.156909,0.997995,403,403
4,4,31718,random,none,0.40,decision_tree,0.115121,0.172798,0.997569,403,403
4,4,31718,random,none,0.40,random_forest,0.104102,0.151420,0.998133,403,403
4,4,31718,random,none,0.40,neural_net,0.121996,0.176159,0.997473,403,403
4,4,31718,random,none,0.40,adaptive_imputation,0.102821,0.150810,0.998148,403,403
5,5,39637,random,none,0.40,forward_fill,0.256129,0.411953,0.991671,403,403
5,5,39637,random,none,0.40,linear_interpolation,0.117663,0.206574,0.997906,403,403
5,5,39637,random,none,0.40,time_interpolation,0.117663,0.206574,0.997906,403,403
5,5,39637,random,none,0.40,cubic_interpolation,0.107359,0.191587,0.998199,403,403
5,5,39637,random,none,0.40,spline_interpolation,0.107386,0.191595,0.998198,403,403
5,5,39637,random,none,0.40,moving_average,0.244121,0.349086,0.994019,403,403
5,5,39637,random,none,0.40,knn,0.117663,0.206574,0.997906,403,403
5,5,39637,random,none,0.40,knn_upgraded,0.134233,0.218978,0.997647,403,403
5,5,39637,random,none,0.40,decision_tree,0.127768,0.216328,0.997703,403,403
5,5,39637,random,none,0.40,random_forest,0.116678,0.206637,0.997904,403,403
5,5,39637,random,none,0.40,neural_net,0.136287,0.225596,0.997502,403,403
5,5,39637,random,none,0.40,adaptive_imputation,0.107386,0.191595,0.998198,403,403
6,6,47556,random,none,0.40,forward_fill,0.294094,0.450506,0.988230,403,403
6,6,47556,random,none,0.40,linear_interpolation,0.143732,0.255214,0.996223,403,403
6,6,47556,random,none,0.40,time_interpolation,0.143732,0.255214,0.996223,403,403
6,6,47556,random,none,0.40,cubic_interpolation,0.140030,0.248739,0.996412,403,403
6,6,47556,random,none,0.40,spline_interpolation,0.140056,0.248754,0.996411,403,403
6,6,47556,random,none,0.40,moving_average,0.240783,0.362291,0.992388,403,403
6,6,47556,random,none,0.40,knn,0.143732,0.255214,0.996223,403,403
6,6,47556,random,none,0.40,knn_upgraded,0.160945,0.279686,0.995463,403,403
6,6,47556,random,none,0.40,decision_tree,0.154355,0.260267,0.996072,403,403
6,6,47556,random,none,0.40,random_forest,0.145732,0.262804,0.995995,403,403
6,6,47556,random,none,0.40,neural_net,0.177644,0.288915,0.995159,403,403
6,6,47556,random,none,0.40,adaptive_imputation,0.140056,0.248754,0.996411,403,403
7,7,55475,random,none,0.40,forward_fill,0.192333,0.305594,0.983442,403,403
7,7,55475,random,none,0.40,linear_interpolation,0.093739,0.145732,0.996235,403,403
7,7,55475,random,none,0.40,time_interpolation,0.093739,0.145732,0.996235,403,403
7,7,55475,random,none,0.40,cubic_interpolation,0.079789,0.115808,0.997622,403,403
7,7,55475,random,none,0.40,spline_interpolation,0.079795,0.115815,0.997622,403,403
7,7,55475,random,none,0.40,moving_average,0.212923,0.292830,0.984797,403,403
7,7,55475,random,none,0.40,knn,0.093739,0.145732,0.996235,403,403
7,7,55475,random,none,0.40,knn_upgraded,0.106811,0.159311,0.995500,403,403
7,7,55475,random,none,0.40,decision_tree,0.099715,0.150675,0.995975,403,403
7,7,55475,random,none,0.40,random_forest,0.094415,0.145670,0.996238,403,403
7,7,55475,random,none,0.40,neural_net,0.116256,0.173990,0.994633,403,403
7,7,55475,random,none,0.40,adaptive_imputation,0.079795,0.115815,0.997622,403,403
8,8,63394,random,none,0.40,forward_fill,0.322531,0.497197,0.993637,403,403
8,8,63394,random,none,0.40,linear_interpolation,0.134684,0.219552,0.998759,403,403
8,8,63394,random,none,0.40,time_interpolation,0.134684,0.219552,0.998759,403,403
8,8,63394,random,none,0.40,cubic_interpolation,0.136196,0.262259,0.998230,403,403
8,8,63394,random,none,0.40,spline_interpolation,0.136449,0.262595,0.998225,403,403
8,8,63394,random,none,0.40,moving_average,0.267367,0.373980,0.996400,403,403
8,8,63394,random,none,0.40,knn,0.134684,0.219552,0.998759,403,403
8,8,63394,random,none,0.40,knn_upgraded,0.161532,0.255664,0.998318,403,403
8,8,63394,random,none,0.40,decision_tree,0.167216,0.271649,0.998101,403,403
8,8,63394,random,none,0.40,random_forest,0.143030,0.231113,0.998625,403,403
8,8,63394,random,none,0.40,neural_net,0.173275,0.273285,0.998078,403,403
8,8,63394,random,none,0.40,adaptive_imputation,0.136449,0.262595,0.998225,403,403
9,9,71313,random,none,0.40,forward_fill,0.263077,0.417545,0.985204,403,403
9,9,71313,random,none,0.40,linear_interpolation,0.097587,0.139391,0.998351,403,403
9,9,71313,random,none,0.40,time_interpolation,0.097587,0.139391,0.998351,403,403
9,9,71313,random,none,0.40,cubic_interpolation,0.097376,0.148716,0.998123,403,403
9,9,71313,random,none,0.40,spline_interpolation,0.097332,0.148684,0.998124,403,403
9,9,71313,random,none,0.40,moving_average,0.233645,0.331551,0.990671,403,403
9,9,71313,random,none,0.40,knn,0.097587,0.139391,0.998351,403,403
9,9,71313,random,none,0.40,knn_upgraded,0.126420,0.180167,0.997245,403,403
9,9,71313,random,none,0.40,decision_tree,0.122128,0.174615,0.997412,403,403
9,9,71313,random,none,0.40,random_forest,0.101745,0.148081,0.998139,403,403
9,9,71313,random,none,0.40,neural_net,0.127258,0.183249,0.997150,403,403
9,9,71313,random,none,0.40,adaptive_imputation,0.097332,0.148684,0.998124,403,403
10,10,79232,random,none,0.40,forward_fill,0.194963,0.313702,0.994815,403,403
10,10,79232,random,none,0.40,linear_interpolation,0.085282,0.134385,0.999049,403,403
10,10,79232,random,none,0.40,time_interpolation,0.085282,0.134385,0.999049,403,403
10,10,79232,random,none,0.40,cubic_interpolation,0.087610,0.144762,0.998896,403,403
10,10,79232,random,none,0.40,spline_interpolation,0.087657,0.144781,0.998896,403,403
10,10,79232,random,none,0.40,moving_average,0.174508,0.261094,0.996408,403,403
10,10,79232,random,none,0.40,knn,0.085282,0.134385,0.999049,403,403
10,10,79232,random,none,0.40,knn_upgraded,0.106274,0.163840,0.998586,403,403
10,10,79232,random,none,0.40,decision_tree,0.092109,0.143536,0.998915,403,403
10,10,79232,random,none,0.40,random_forest,0.086339,0.136514,0.999018,403,403
10,10,79232,random,none,0.40,neural_net,0.110213,0.165007,0.998566,403,403
10,10,79232,random,none,0.40,adaptive_imputation,0.087657,0.144781,0.998896,403,403
11,11,87151,random,none,0.40,forward_fill,0.323474,0.481013,0.989542,403,403
11,11,87151,random,none,0.40,linear_interpolation,0.124701,0.188324,0.998397,403,403
11,11,87151,random,none,0.40,time_interpolation,0.124701,0.188324,0.998397,403,403
11,11,87151,random,none,0.40,cubic_interpolation,0.120896,0.198493,0.998219,403,403
11,11,87151,random,none,0.40,spline_interpolation,0.120810,0.198479,0.998219,403,403
11,11,87151,random,none,0.40,moving_average,0.282957,0.388518,0.993178,403,403
11,11,87151,random,none,0.40,knn,0.124701,0.188324,0.998397,403,403
11,11,87151,random,none,0.40,knn_upgraded,0.151994,0.216001,0.997891,403,403
11,11,87151,random,none,0.40,decision_tree,0.136302,0.212748,0.997954,403,403
11,11,87151,random,none,0.40,random_forest,0.126703,0.195556,0.998272,403,403
11,11,87151,random,none,0.40,neural_net,0.154361,0.225549,0.997701,403,403
11,11,87151,random,none,0.40,adaptive_imputation,0.120810,0.198479,0.998219,403,403
12,12,95070,random,none,0.40,forward_fill,0.146998,0.225235,0.991759,403,403
12,12,95070,random,none,0.40,linear_interpolation,0.072587,0.115143,0.997846,403,403
12,12,95070,random,none,0.40,time_interpolation,0.072587,0.115143,0.997846,403,403
12,12,95070,random,none,0.40,cubic_interpolation,0.069412,0.109460,0.998054,403,403
12,12,95070,random,none,0.40,spline_interpolation,0.069429,0.109469,0.998053,403,403
12,12,95070,random,none,0.40,moving_average,0.132386,0.190336,0.994115,403,403
12,12,95070,random,none,0.40,knn,0.072587,0.115143,0.997846,403,403
12,12,95070,random,none,0.40,knn_upgraded,0.085602,0.129766,0.997264,403,403
12,12,95070,random,none,0.40,decision_tree,0.074743,0.117121,0.997772,403,403
12,12,95070,random,none,0.40,random_forest,0.073321,0.117682,0.997750,403,403
12,12,95070,random,none,0.40,neural_net,0.083663,0.134939,0.997042,403,403
12,12,95070,random,none,0.40,adaptive_imputation,0.069429,0.109469,0.998053,403,403
13,13,102989,random,none,0.40,forward_fill,0.280819,0.401104,0.986670,403,403
13,13,102989,random,none,0.40,linear_interpolation,0.128227,0.198214,0.996745,403,403
13,13,102989,random,none,0.40,time_interpolation,0.128227,0.198214,0.996745,403,403
13,13,102989,random,none,0.40,cubic_interpolation,0.124802,0.205275,0.996509,403,403
13,13,102989,random,none,0.40,spline_interpolation,0.124805,0.205275,0.996509,403,403
13,13,102989,random,none,0.40,moving_average,0.250580,0.344638,0.990159,403,403
13,13,102989,random,none,0.40,knn,0.128227,0.198214,0.996745,403,403
13,13,102989,random,none,0.40,knn_upgraded,0.157357,0.231883,0.995545,403,403
13,13,102989,random,none,0.40,decision_tree,0.134048,0.200733,0.996662,403,403
13,13,102989,random,none,0.40,random_forest,0.125343,0.189095,0.997037,403,403
13,13,102989,random,none,0.40,neural_net,0.150815,0.225279,0.995795,403,403
13,13,102989,random,none,0.40,adaptive_imputation,0.124805,0.205275,0.996509,403,403
14,14,110908,random,none,0.40,forward_fill,0.123226,0.235941,0.985104,403,403
14,14,110908,random,none,0.40,linear_interpolation,0.055842,0.092099,0.997730,403,403
14,14,110908,random,none,0.40,time_interpolation,0.055842,0.092099,0.997730,403,403
14,14,110908,random,none,0.40,cubic_interpolation,0.057935,0.100737,0.997285,403,403
14,14,110908,random,none,0.40,spline_interpolation,0.057988,0.100818,0.997280,403,403
14,14,110908,random,none,0.40,moving_average,0.110461,0.182838,0.991055,403,403
14,14,110908,random,none,0.40,knn,0.055842,0.092099,0.997730,403,403
14,14,110908,random,none,0.40,knn_upgraded,0.068559,0.105011,0.997049,403,403
14,14,110908,random,none,0.40,decision_tree,0.066992,0.109261,0.996806,403,403
14,14,110908,random,none,0.40,random_forest,0.057109,0.094320,0.997620,403,403
14,14,110908,random,none,0.40,neural_net,0.081249,0.123375,0.995927,403,403
14,14,110908,random,none,0.40,adaptive_imputation,0.057988,0.100818,0.997280,403,403
15,15,118827,random,none,0.40,forward_fill,0.373151,0.532516,0.991303,403,403
15,15,118827,random,none,0.40,linear_interpolation,0.130800,0.171453,0.999098,403,403
15,15,118827,random,none,0.40,time_interpolation,0.130800,0.171453,0.999098,403,403
15,15,118827,random,none,0.40,cubic_interpolation,0.131615,0.174323,0.999068,403,403
15,15,118827,random,none,0.40,spline_interpolation,0.131703,0.174468,0.999066,403,403
15,15,118827,random,none,0.40,moving_average,0.285562,0.389103,0.995357,403,403
15,15,118827,random,none,0.40,knn,0.130800,0.171453,0.999098,403,403
15,15,118827,random,none,0.40,knn_upgraded,0.143567,0.190466,0.998887,403,403
15,15,118827,random,none,0.40,decision_tree,0.140320,0.188432,0.998911,403,403
15,15,118827,random,none,0.40,random_forest,0.128234,0.167872,0.999136,403,403
15,15,118827,random,none,0.40,neural_net,0.153111,0.202496,0.998742,403,403
15,15,118827,random,none,0.40,adaptive_imputation,0.131703,0.174468,0.999066,403,403
16,16,126746,random,none,0.40,forward_fill,0.268065,0.408025,0.977266,403,403
16,16,126746,random,none,0.40,linear_interpolation,0.125526,0.206430,0.994181,403,403
16,16,126746,random,none,0.40,time_interpolation,0.125526,0.206430,0.994181,403,403
16,16,126746,random,none,0.40,cubic_interpolation,0.132767,0.243584,0.991898,403,403
16,16,126746,random,none,0.40,spline_interpolation,0.132743,0.243580,0.991898,403,403
16,16,126746,random,none,0.40,moving_average,0.241348,0.335174,0.984659,403,403
16,16,126746,random,none,0.40,knn,0.125526,0.206430,0.994181,403,403
16,16,126746,random,none,0.40,knn_upgraded,0.138410,0.219691,0.993409,403,403
16,16,126746,random,none,0.40,decision_tree,0.130465,0.218419,0.993485,403,403
16,16,126746,random,none,0.40,random_forest,0.124566,0.207826,0.994102,403,403
16,16,126746,random,none,0.40,neural_net,0.149648,0.229604,0.992801,403,403
16,16,126746,random,none,0.40,adaptive_imputation,0.132743,0.243580,0.991898,403,403
17,17,134665,random,none,0.40,forward_fill,0.184243,0.271736,0.996303,403,403
17,17,134665,random,none,0.40,linear_interpolation,0.086279,0.139839,0.999021,403,403
17,17,134665,random,none,0.40,time_interpolation,0.086279,0.139839,0.999021,403,403
17,17,134665,random,none,0.40,cubic_interpolation,0.075880,0.120075,0.999278,403,403
17,17,134665,random,none,0.40,spline_interpolation,0.075865,0.120038,0.999279,403,403
17,17,134665,random,none,0.40,moving_average,0.194497,0.302116,0.995430,403,403
17,17,134665,random,none,0.40,knn,0.086279,0.139839,0.999021,403,403
17,17,134665,random,none,0.40,knn_upgraded,0.102528,0.157266,0.998762,403,403
17,17,134665,random,none,0.40,decision_tree,0.097853,0.164509,0.998645,403,403
17,17,134665,random,none,0.40,random_forest,0.084781,0.141270,0.999001,403,403
17,17,134665,random,none,0.40,neural_net,0.107547,0.174576,0.998474,403,403
17,17,134665,random,none,0.40,adaptive_imputation,0.075865,0.120038,0.999279,403,403
18,18,142584,random,none,0.40,forward_fill,0.322953,0.510475,0.977172,403,403
18,18,142584,random,none,0.40,linear_interpolation,0.148515,0.239647,0.994969,403,403
18,18,142584,random,none,0.40,time_interpolation,0.148515,0.239647,0.994969,403,403
18,18,142584,random,none,0.40,cubic_interpolation,0.158396,0.256717,0.994227,403,403
18,18,142584,random,none,0.40,spline_interpolation,0.158249,0.256606,0.994232,403,403
18,18,142584,random,none,0.40,moving_average,0.296614,0.435105,0.983415,403,403
18,18,142584,random,none,0.40,knn,0.148515,0.239647,0.994969,403,403
18,18,142584,random,none,0.40,knn_upgraded,0.169909,0.264735,0.993860,403,403
18,18,142584,random,none,0.40,decision_tree,0.165648,0.265194,0.993839,403,403
18,18,142584,random,none,0.40,random_forest,0.152635,0.242132,0.994864,403,403
18,18,142584,random,none,0.40,neural_net,0.178477,0.281345,0.993066,403,403
18,18,142584,random,none,0.40,adaptive_imputation,0.158249,0.256606,0.994232,403,403
19,19,150503,random,none,0.40,forward_fill,0.150769,0.255050,0.996439,403,403
19,19,150503,random,none,0.40,linear_interpolation,0.065241,0.104860,0.999398,403,403
19,19,150503,random,none,0.40,time_interpolation,0.065241,0.104860,0.999398,403,403
19,19,150503,random,none,0.40,cubic_interpolation,0.058681,0.098653,0.999467,403,403
19,19,150503,random,none,0.40,spline_interpolation,0.058699,0.099599,0.999457,403,403
19,19,150503,random,none,0.40,moving_average,0.148061,0.243483,0.996754,403,403
19,19,150503,random,none,0.40,knn,0.065241,0.104860,0.999398,403,403
19,19,150503,random,none,0.40,knn_upgraded,0.080279,0.119141,0.999223,403,403
19,19,150503,random,none,0.40,decision_tree,0.070909,0.113945,0.999289,403,403
19,19,150503,random,none,0.40,random_forest,0.067785,0.104486,0.999402,403,403
19,19,150503,random,none,0.40,neural_net,0.093082,0.138872,0.998944,403,403
19,19,150503,random,none,0.40,adaptive_imputation,0.058699,0.099599,0.999457,403,403
0,0,42,random,none,0.50,forward_fill,0.241548,0.397881,0.995596,504,504
0,0,42,random,none,0.50,linear_interpolation,0.101995,0.180866,0.999090,504,504
0,0,42,random,none,0.50,time_interpolation,0.101995,0.180866,0.999090,504,504
0,0,42,random,none,0.50,cubic_interpolation,0.099811,0.211011,0.998761,504,504
0,0,42,random,none,0.50,spline_interpolation,0.099718,0.210942,0.998762,504,504
0,0,42,random,none,0.50,moving_average,0.229271,0.368590,0.996220,504,504
0,0,42,random,none,0.50,knn,0.101995,0.180866,0.999090,504,504
0,0,42,random,none,0.50,knn_upgraded,0.136427,0.214644,0.998718,504,504
0,0,42,random,none,0.50,decision_tree,0.126604,0.217824,0.998680,504,504
0,0,42,random,none,0.50,random_forest,0.100198,0.165042,0.999242,504,504
0,0,42,random,none,0.50,neural_net,0.142863,0.238511,0.998417,504,504
0,0,42,random,none,0.50,adaptive_imputation,0.099718,0.210942,0.998762,504,504
1,1,7961,random,none,0.50,forward_fill,0.329464,0.474007,0.980618,504,504
1,1,7961,random,none,0.50,linear_interpolation,0.151187,0.217393,0.995923,504,504
1,1,7961,random,none,0.50,time_interpolation,0.151187,0.217393,0.995923,504,504
1,1,7961,random,none,0.50,cubic_interpolation,0.160488,0.233713,0.995288,504,504
1,1,7961,random,none,0.50,spline_interpolation,0.160465,0.233705,0.995288,504,504
1,1,7961,random,none,0.50,moving_average,0.250367,0.343992,0.989792,504,504
1,1,7961,random,none,0.50,knn,0.151187,0.217393,0.995923,504,504
1,1,7961,random,none,0.50,knn_upgraded,0.184365,0.257106,0.994298,504,504
1,1,7961,random,none,0.50,decision_tree,0.179241,0.257370,0.994286,504,504
1,1,7961,random,none,0.50,random_forest,0.156324,0.222841,0.995716,504,504
1,1,7961,random,none,0.50,neural_net,0.193531,0.269281,0.993745,504,504
1,1,7961,random,none,0.50,adaptive_imputation,0.160465,0.233705,0.995288,504,504
2,2,15880,random,none,0.50,forward_fill,0.200595,0.308785,0.975583,504,504
2,2,15880,random,none,0.50,linear_interpolation,0.094599,0.147898,0.994398,504,504
2,2,15880,random,none,0.50,time_interpolation,0.094599,0.147898,0.994398,504,504
2,2,15880,random,none,0.50,cubic_interpolation,0.090750,0.138228,0.995107,504,504
2,2,15880,random,none,0.50,spline_interpolation,0.091484,0.138954,0.995055,504,504
2,2,15880,random,none,0.50,moving_average,0.183894,0.272628,0.980966,504,504
2,2,15880,random,none,0.50,knn,0.094599,0.147898,0.994398,504,504
2,2,15880,random,none,0.50,knn_upgraded,0.111577,0.161628,0.993310,504,504
2,2,15880,random,none,0.50,decision_tree,0.100291,0.153307,0.993981,504,504
2,2,15880,random,none,0.50,random_forest,0.092490,0.144804,0.994630,504,504
2,2,15880,random,none,0.50,neural_net,0.116378,0.177116,0.991967,504,504
2,2,15880,random,none,0.50,adaptive_imputation,0.091484,0.138954,0.995055,504,504
3,3,23799,random,none,0.50,forward_fill,0.319067,0.499936,0.987073,504,504
3,3,23799,random,none,0.50,linear_interpolation,0.127044,0.211837,0.997679,504,504
3,3,23799,random,none,0.50,time_interpolation,0.127044,0.211837,0.997679,504,504
3,3,23799,random,none,0.50,cubic_interpolation,0.127064,0.205279,0.997820,504,504
3,3,23799,random,none,0.50,spline_interpolation,0.127014,0.205269,0.997821,504,504
3,3,23799,random,none,0.50,moving_average,0.263685,0.388506,0.992193,504,504
3,3,23799,random,none,0.50,knn,0.127044,0.211837,0.997679,504,504
3,3,23799,random,none,0.50,knn_upgraded,0.175398,0.276858,0.996035,504,504
3,3,23799,random,none,0.50,decision_tree,0.138165,0.215664,0.997594,504,504
3,3,23799,random,none,0.50,random_forest,0.127061,0.211780,0.997680,504,504
3,3,23799,random,none,0.50,neural_net,0.157163,0.243924,0.996923,504,504
3,3,23799,random,none,0.50,adaptive_imputation,0.127014,0.205269,0.997821,504,504
4,4,31718,random,none,0.50,forward_fill,0.307976,0.486767,0.981440,504,504
4,4,31718,random,none,0.50,linear_interpolation,0.104063,0.156107,0.998091,504,504
4,4,31718,random,none,0.50,time_interpolation,0.104063,0.156107,0.998091,504,504
4,4,31718,random,none,0.50,cubic_interpolation,0.122307,0.193405,0.997070,504,504
4,4,31718,random,none,0.50,spline_interpolation,0.122532,0.193572,0.997065,504,504
4,4,31718,random,none,0.50,moving_average,0.246411,0.357441,0.989992,504,504
4,4,31718,random,none,0.50,knn,0.104063,0.156107,0.998091,504,504
4,4,31718,random,none,0.50,knn_upgraded,0.130303,0.189044,0.997201,504,504
4,4,31718,random,none,0.50,decision_tree,0.126561,0.196368,0.996980,504,504
4,4,31718,random,none,0.50,random_forest,0.112299,0.164905,0.997870,504,504
4,4,31718,random,none,0.50,neural_net,0.145721,0.215335,0.996368,504,504
4,4,31718,random,none,0.50,adaptive_imputation,0.122532,0.193572,0.997065,504,504
5,5,39637,random,none,0.50,forward_fill,0.287619,0.459969,0.989346,504,504
5,5,39637,random,none,0.50,linear_interpolation,0.131516,0.214796,0.997677,504,504
5,5,39637,random,none,0.50,time_interpolation,0.131516,0.214796,0.997677,504,504
5,5,39637,random,none,0.50,cubic_interpolation,0.120033,0.204969,0.997884,504,504
5,5,39637,random,none,0.50,spline_interpolation,0.120055,0.204975,0.997884,504,504
5,5,39637,random,none,0.50,moving_average,0.257924,0.366462,0.993237,504,504
5,5,39637,random,none,0.50,knn,0.131516,0.214796,0.997677,504,504
5,5,39637,random,none,0.50,knn_upgraded,0.163590,0.255940,0.996701,504,504
5,5,39637,random,none,0.50,decision_tree,0.154838,0.242170,0.997047,504,504
5,5,39637,random,none,0.50,random_forest,0.130147,0.214314,0.997687,504,504
5,5,39637,random,none,0.50,neural_net,0.164069,0.240799,0.997080,504,504
5,5,39637,random,none,0.50,adaptive_imputation,0.120055,0.204975,0.997884,504,504
6,6,47556,random,none,0.50,forward_fill,0.323452,0.493199,0.986172,504,504
6,6,47556,random,none,0.50,linear_interpolation,0.157663,0.260093,0.996154,504,504
6,6,47556,random,none,0.50,time_interpolation,0.157663,0.260093,0.996154,504,504
6,6,47556,random,none,0.50,cubic_interpolation,0.153141,0.252633,0.996372,504,504
6,6,47556,random,none,0.50,spline_interpolation,0.153162,0.252643,0.996372,504,504
6,6,47556,random,none,0.50,moving_average,0.249523,0.364801,0.992435,504,504
6,6,47556,random,none,0.50,knn,0.157663,0.260093,0.996154,504,504
6,6,47556,random,none,0.50,knn_upgraded,0.188862,0.292928,0.995122,504,504
6,6,47556,random,none,0.50,decision_tree,0.175363,0.285515,0.995366,504,504
6,6,47556,random,none,0.50,random_forest,0.158237,0.260304,0.996148,504,504
6,6,47556,random,none,0.50,neural_net,0.186750,0.300676,0.994861,504,504
6,6,47556,random,none,0.50,adaptive_imputation,0.153162,0.252643,0.996372,504,504
7,7,55475,random,none,0.50,forward_fill,0.207679,0.317500,0.982518,504,504
7,7,55475,random,none,0.50,linear_interpolation,0.108497,0.164590,0.995302,504,504
7,7,55475,random,none,0.50,time_interpolation,0.108497,0.164590,0.995302,504,504
7,7,55475,random,none,0.50,cubic_interpolation,0.117491,0.228484,0.990947,504,504
7,7,55475,random,none,0.50,spline_interpolation,0.117515,0.228522,0.990944,504,504
7,7,55475,random,none,0.50,moving_average,0.223771,0.323397,0.981863,504,504
7,7,55475,random,none,0.50,knn,0.108497,0.164590,0.995302,504,504
7,7,55475,random,none,0.50,knn_upgraded,0.125038,0.181234,0.994304,504,504
7,7,55475,random,none,0.50,decision_tree,0.114668,0.166526,0.995191,504,504
7,7,55475,random,none,0.50,random_forest,0.104686,0.154621,0.995854,504,504
7,7,55475,random,none,0.50,neural_net,0.125866,0.180050,0.994378,504,504
7,7,55475,random,none,0.50,adaptive_imputation,0.117515,0.228522,0.990944,504,504
8,8,63394,random,none,0.50,forward_fill,0.408552,0.633520,0.989799,504,504
8,8,63394,random,none,0.50,linear_interpolation,0.152464,0.233405,0.998615,504,504
8,8,63394,random,none,0.50,time_interpolation,0.152464,0.233405,0.998615,504,504
8,8,63394,random,none,0.50,cubic_interpolation,0.152864,0.275653,0.998069,504,504
8,8,63394,random,none,0.50,spline_interpolation,0.153072,0.275913,0.998065,504,504
8,8,63394,random,none,0.50,moving_average,0.300354,0.431946,0.995258,504,504
8,8,63394,random,none,0.50,knn,0.152464,0.233405,0.998615,504,504
8,8,63394,random,none,0.50,knn_upgraded,0.191259,0.276618,0.998055,504,504
8,8,63394,random,none,0.50,decision_tree,0.197176,0.302963,0.997667,504,504
8,8,63394,random,none,0.50,random_forest,0.160499,0.242772,0.998502,504,504
8,8,63394,random,none,0.50,neural_net,0.188003,0.297282,0.997754,504,504
8,8,63394,random,none,0.50,adaptive_imputation,0.153072,0.275913,0.998065,504,504
9,9,71313,random,none,0.50,forward_fill,0.302202,0.488175,0.980347,504,504
9,9,71313,random,none,0.50,linear_interpolation,0.108253,0.155792,0.997998,504,504
9,9,71313,random,none,0.50,time_interpolation,0.108253,0.155792,0.997998,504,504
9,9,71313,random,none,0.50,cubic_interpolation,0.121436,0.191531,0.996975,504,504
9,9,71313,random,none,0.50,spline_interpolation,0.121398,0.191510,0.996975,504,504
9,9,71313,random,none,0.50,moving_average,0.233774,0.336574,0.990658,504,504
9,9,71313,random,none,0.50,knn,0.108253,0.155792,0.997998,504,504
9,9,71313,random,none,0.50,knn_upgraded,0.142506,0.197260,0.996791,504,504
9,9,71313,random,none,0.50,decision_tree,0.134664,0.205628,0.996513,504,504
9,9,71313,random,none,0.50,random_forest,0.111274,0.156202,0.997988,504,504
9,9,71313,random,none,0.50,neural_net,0.149407,0.209731,0.996373,504,504
9,9,71313,random,none,0.50,adaptive_imputation,0.121398,0.191510,0.996975,504,504
10,10,79232,random,none,0.50,forward_fill,0.231052,0.373625,0.992806,504,504
10,10,79232,random,none,0.50,linear_interpolation,0.103243,0.161065,0.998663,504,504
10,10,79232,random,none,0.50,time_interpolation,0.103243,0.161065,0.998663,504,504
10,10,79232,random,none,0.50,cubic_interpolation,0.106264,0.166976,0.998563,504,504
10,10,79232,random,none,0.50,spline_interpolation,0.106301,0.166989,0.998563,504,504
10,10,79232,random,none,0.50,moving_average,0.192512,0.280228,0.995953,504,504
10,10,79232,random,none,0.50,knn,0.103243,0.161065,0.998663,504,504
10,10,79232,random,none,0.50,knn_upgraded,0.125536,0.188552,0.998168,504,504
10,10,79232,random,none,0.50,decision_tree,0.112189,0.171738,0.998480,504,504
10,10,79232,random,none,0.50,random_forest,0.104626,0.161574,0.998655,504,504
10,10,79232,random,none,0.50,neural_net,0.130689,0.189974,0.998140,504,504
10,10,79232,random,none,0.50,adaptive_imputation,0.106301,0.166989,0.998563,504,504
11,11,87151,random,none,0.50,forward_fill,0.352619,0.508825,0.988273,504,504
11,11,87151,random,none,0.50,linear_interpolation,0.140756,0.213790,0.997930,504,504
11,11,87151,random,none,0.50,time_interpolation,0.140756,0.213790,0.997930,504,504
11,11,87151,random,none,0.50,cubic_interpolation,0.134310,0.207047,0.998058,504,504
11,11,87151,random,none,0.50,spline_interpolation,0.134279,0.207059,0.998058,504,504
11,11,87151,random,none,0.50,moving_average,0.299905,0.423131,0.991890,504,504
11,11,87151,random,none,0.50,knn,0.140756,0.213790,0.997930,504,504
11,11,87151,random,none,0.50,knn_upgraded,0.185099,0.268532,0.996734,504,504
11,11,87151,random,none,0.50,decision_tree,0.159485,0.246505,0.997248,504,504
11,11,87151,random,none,0.50,random_forest,0.142154,0.214884,0.997908,504,504
11,11,87151,random,none,0.50,neural_net,0.177895,0.247726,0.997220,504,504
11,11,87151,random,none,0.50,adaptive_imputation,0.134279,0.207059,0.998058,504,504
12,12,95070,random,none,0.50,forward_fill,0.176865,0.292542,0.985967,504,504
12,12,95070,random,none,0.50,linear_interpolation,0.078519,0.123224,0.997510,504,504
12,12,95070,random,none,0.50,time_interpolation,0.078519,0.123224,0.997510,504,504
12,12,95070,random,none,0.50,cubic_interpolation,0.077912,0.121901,0.997563,504,504
12,12,95070,random,none,0.50,spline_interpolation,0.077925,0.121908,0.997563,504,504
12,12,95070,random,none,0.50,moving_average,0.134630,0.195924,0.993706,504,504
12,12,95070,random,none,0.50,knn,0.078519,0.123224,0.997510,504,504
12,12,95070,random,none,0.50,knn_upgraded,0.097159,0.142044,0.996692,504,504
12,12,95070,random,none,0.50,decision_tree,0.081088,0.129344,0.997257,504,504
12,12,95070,random,none,0.50,random_forest,0.077946,0.122896,0.997523,504,504
12,12,95070,random,none,0.50,neural_net,0.102231,0.151352,0.996244,504,504
12,12,95070,random,none,0.50,adaptive_imputation,0.077925,0.121908,0.997563,504,504
13,13,102989,random,none,0.50,forward_fill,0.322976,0.452787,0.981979,504,504
13,13,102989,random,none,0.50,linear_interpolation,0.143301,0.213259,0.996002,504,504
13,13,102989,random,none,0.50,time_interpolation,0.143301,0.213259,0.996002,504,504
13,13,102989,random,none,0.50,cubic_interpolation,0.171520,0.307267,0.991701,504,504
13,13,102989,random,none,0.50,spline_interpolation,0.171523,0.307268,0.991701,504,504
13,13,102989,random,none,0.50,moving_average,0.261492,0.360895,0.988551,504,504
13,13,102989,random,none,0.50,knn,0.143301,0.213259,0.996002,504,504
13,13,102989,random,none,0.50,knn_upgraded,0.185017,0.266814,0.993742,504,504
13,13,102989,random,none,0.50,decision_tree,0.168973,0.253670,0.994344,504,504
13,13,102989,random,none,0.50,random_forest,0.146090,0.213702,0.995986,504,504
13,13,102989,random,none,0.50,neural_net,0.178724,0.261924,0.993970,504,504
13,13,102989,random,none,0.50,adaptive_imputation,0.171523,0.307268,0.991701,504,504
14,14,110908,random,none,0.50,forward_fill,0.148770,0.271658,0.980487,504,504
14,14,110908,random,none,0.50,linear_interpolation,0.070470,0.118605,0.996281,504,504
14,14,110908,random,none,0.50,time_interpolation,0.070470,0.118605,0.996281,504,504
14,14,110908,random,none,0.50,cubic_interpolation,0.075224,0.137710,0.994986,504,504
14,14,110908,random,none,0.50,spline_interpolation,0.075265,0.137756,0.994982,504,504
14,14,110908,random,none,0.50,moving_average,0.128224,0.205681,0.988814,504,504
14,14,110908,random,none,0.50,knn,0.070470,0.118605,0.996281,504,504
14,14,110908,random,none,0.50,knn_upgraded,0.090358,0.138900,0.994899,504,504
14,14,110908,random,none,0.50,decision_tree,0.080423,0.140996,0.994744,504,504
14,14,110908,random,none,0.50,random_forest,0.072253,0.125301,0.995849,504,504
14,14,110908,random,none,0.50,neural_net,0.093824,0.154658,0.993676,504,504
14,14,110908,random,none,0.50,adaptive_imputation,0.075265,0.137756,0.994982,504,504
15,15,118827,random,none,0.50,forward_fill,0.454663,0.678638,0.985888,504,504
15,15,118827,random,none,0.50,linear_interpolation,0.138041,0.186521,0.998934,504,504
15,15,118827,random,none,0.50,time_interpolation,0.138041,0.186521,0.998934,504,504
15,15,118827,random,none,0.50,cubic_interpolation,0.149435,0.207158,0.998685,504,504
15,15,118827,random,none,0.50,spline_interpolation,0.149488,0.207256,0.998684,504,504
15,15,118827,random,none,0.50,moving_average,0.318681,0.454046,0.993683,504,504
15,15,118827,random,none,0.50,knn,0.138041,0.186521,0.998934,504,504
15,15,118827,random,none,0.50,knn_upgraded,0.155955,0.207355,0.998683,504,504
15,15,118827,random,none,0.50,decision_tree,0.148210,0.197852,0.998801,504,504
15,15,118827,random,none,0.50,random_forest,0.142303,0.187942,0.998918,504,504
15,15,118827,random,none,0.50,neural_net,0.176042,0.242786,0.998194,504,504
15,15,118827,random,none,0.50,adaptive_imputation,0.149488,0.207256,0.998684,504,504
16,16,126746,random,none,0.50,forward_fill,0.282619,0.421952,0.976671,504,504
16,16,126746,random,none,0.50,linear_interpolation,0.132186,0.214553,0.993968,504,504
16,16,126746,random,none,0.50,time_interpolation,0.132186,0.214553,0.993968,504,504
16,16,126746,random,none,0.50,cubic_interpolation,0.125380,0.208622,0.994297,504,504
16,16,126746,random,none,0.50,spline_interpolation,0.125361,0.208618,0.994297,504,504
16,16,126746,random,none,0.50,moving_average,0.261219,0.362647,0.982768,504,504
16,16,126746,random,none,0.50,knn,0.132186,0.214553,0.993968,504,504
16,16,126746,random,none,0.50,knn_upgraded,0.159307,0.259862,0.991152,504,504
16,16,126746,random,none,0.50,decision_tree,0.142270,0.231095,0.993002,504,504
16,16,126746,random,none,0.50,random_forest,0.128383,0.212699,0.994072,504,504
16,16,126746,random,none,0.50,neural_net,0.151999,0.231411,0.992983,504,504
16,16,126746,random,none,0.50,adaptive_imputation,0.125361,0.208618,0.994297,504,504
17,17,134665,random,none,0.50,forward_fill,0.197679,0.312562,0.995156,504,504
17,17,134665,random,none,0.50,linear_interpolation,0.094364,0.159335,0.998741,504,504
17,17,134665,random,none,0.50,time_interpolation,0.094364,0.159335,0.998741,504,504
17,17,134665,random,none,0.50,cubic_interpolation,0.083473,0.131050,0.999148,504,504
17,17,134665,random,none,0.50,spline_interpolation,0.083461,0.131023,0.999149,504,504
17,17,134665,random,none,0.50,moving_average,0.192057,0.289616,0.995841,504,504
17,17,134665,random,none,0.50,knn,0.094364,0.159335,0.998741,504,504
17,17,134665,random,none,0.50,knn_upgraded,0.114955,0.182278,0.998353,504,504
17,17,134665,random,none,0.50,decision_tree,0.107301,0.178539,0.998419,504,504
17,17,134665,random,none,0.50,random_forest,0.095896,0.160948,0.998716,504,504
17,17,134665,random,none,0.50,neural_net,0.112328,0.175052,0.998481,504,504
17,17,134665,random,none,0.50,adaptive_imputation,0.083461,0.131023,0.999149,504,504
18,18,142584,random,none,0.50,forward_fill,0.347083,0.532672,0.976369,504,504
18,18,142584,random,none,0.50,linear_interpolation,0.152471,0.241078,0.995160,504,504
18,18,142584,random,none,0.50,time_interpolation,0.152471,0.241078,0.995160,504,504
18,18,142584,random,none,0.50,cubic_interpolation,0.177245,0.287890,0.993097,504,504
18,18,142584,random,none,0.50,spline_interpolation,0.177049,0.287760,0.993103,504,504
18,18,142584,random,none,0.50,moving_average,0.298787,0.437815,0.984036,504,504
18,18,142584,random,none,0.50,knn,0.152471,0.241078,0.995160,504,504
18,18,142584,random,none,0.50,knn_upgraded,0.188346,0.294347,0.992784,504,504
18,18,142584,random,none,0.50,decision_tree,0.175594,0.273704,0.993761,504,504
18,18,142584,random,none,0.50,random_forest,0.161362,0.252817,0.994677,504,504
18,18,142584,random,none,0.50,neural_net,0.209305,0.309795,0.992007,504,504
18,18,142584,random,none,0.50,adaptive_imputation,0.177049,0.287760,0.993103,504,504
19,19,150503,random,none,0.50,forward_fill,0.174306,0.303483,0.994977,504,504
19,19,150503,random,none,0.50,linear_interpolation,0.077590,0.125971,0.999135,504,504
19,19,150503,random,none,0.50,time_interpolation,0.077590,0.125971,0.999135,504,504
19,19,150503,random,none,0.50,cubic_interpolation,0.072042,0.124136,0.999160,504,504
19,19,150503,random,none,0.50,spline_interpolation,0.072072,0.124909,0.999149,504,504
19,19,150503,random,none,0.50,moving_average,0.156970,0.252321,0.996528,504,504
19,19,150503,random,none,0.50,knn,0.077590,0.125971,0.999135,504,504
19,19,150503,random,none,0.50,knn_upgraded,0.106641,0.164638,0.998522,504,504
19,19,150503,random,none,0.50,decision_tree,0.080785,0.132075,0.999049,504,504
19,19,150503,random,none,0.50,random_forest,0.079217,0.127238,0.999117,504,504
19,19,150503,random,none,0.50,neural_net,0.104289,0.163711,0.998538,504,504
19,19,150503,random,none,0.50,adaptive_imputation,0.072072,0.124909,0.999149,504,504
0,0,42,random,none,0.60,forward_fill,0.274050,0.423516,0.995111,605,605
0,0,42,random,none,0.60,linear_interpolation,0.127625,0.248372,0.998319,605,605
0,0,42,random,none,0.60,time_interpolation,0.127625,0.248372,0.998319,605,605
0,0,42,random,none,0.60,cubic_interpolation,0.122993,0.236891,0.998470,605,605
0,0,42,random,none,0.60,spline_interpolation,0.123189,0.237052,0.998468,605,605
0,0,42,random,none,0.60,moving_average,0.232347,0.373313,0.996201,605,605
0,0,42,random,none,0.60,knn,0.127625,0.248372,0.998319,605,605
0,0,42,random,none,0.60,knn_upgraded,0.161363,0.274130,0.997952,605,605
0,0,42,random,none,0.60,decision_tree,0.150080,0.265416,0.998080,605,605
0,0,42,random,none,0.60,random_forest,0.129065,0.252788,0.998258,605,605
0,0,42,random,none,0.60,neural_net,0.175435,0.279845,0.997865,605,605
0,0,42,random,none,0.60,adaptive_imputation,0.122993,0.236891,0.998470,605,605
1,1,7961,random,none,0.60,forward_fill,0.414231,0.636303,0.964107,605,605
1,1,7961,random,none,0.60,linear_interpolation,0.191213,0.310068,0.991477,605,605
1,1,7961,random,none,0.60,time_interpolation,0.191213,0.310068,0.991477,605,605
1,1,7961,random,none,0.60,cubic_interpolation,0.207098,0.353480,0.988923,605,605
1,1,7961,random,none,0.60,spline_interpolation,0.207070,0.353490,0.988923,605,605
1,1,7961,random,none,0.60,moving_average,0.295845,0.434908,0.983232,605,605
1,1,7961,random,none,0.60,knn,0.191213,0.310068,0.991477,605,605
1,1,7961,random,none,0.60,knn_upgraded,0.220007,0.330931,0.990292,605,605
1,1,7961,random,none,0.60,decision_tree,0.225847,0.344912,0.989454,605,605
1,1,7961,random,none,0.60,random_forest,0.198320,0.313109,0.991309,605,605
1,1,7961,random,none,0.60,neural_net,0.248953,0.365547,0.988154,605,605
1,1,7961,random,none,0.60,adaptive_imputation,0.207098,0.353480,0.988923,605,605
2,2,15880,random,none,0.60,forward_fill,0.222364,0.337333,0.970950,605,605
2,2,15880,random,none,0.60,linear_interpolation,0.120106,0.198446,0.989946,605,605
2,2,15880,random,none,0.60,time_interpolation,0.120106,0.198446,0.989946,605,605
2,2,15880,random,none,0.60,cubic_interpolation,0.110193,0.177171,0.991987,605,605
2,2,15880,random,none,0.60,spline_interpolation,0.111542,0.178419,0.991873,605,605
2,2,15880,random,none,0.60,moving_average,0.204345,0.308987,0.975627,605,605
2,2,15880,random,none,0.60,knn,0.120106,0.198446,0.989946,605,605
2,2,15880,random,none,0.60,knn_upgraded,0.142470,0.221219,0.987507,605,605
2,2,15880,random,none,0.60,decision_tree,0.137753,0.214369,0.988268,605,605
2,2,15880,random,none,0.60,random_forest,0.121594,0.199128,0.989877,605,605
2,2,15880,random,none,0.60,neural_net,0.155474,0.242266,0.985016,605,605
2,2,15880,random,none,0.60,adaptive_imputation,0.110193,0.177171,0.991987,605,605
3,3,23799,random,none,0.60,forward_fill,0.377901,0.600457,0.982193,605,605
3,3,23799,random,none,0.60,linear_interpolation,0.149253,0.259061,0.996685,605,605
3,3,23799,random,none,0.60,time_interpolation,0.149253,0.259061,0.996685,605,605
3,3,23799,random,none,0.60,cubic_interpolation,0.161118,0.262733,0.996591,605,605
3,3,23799,random,none,0.60,spline_interpolation,0.161386,0.262904,0.996586,605,605
3,3,23799,random,none,0.60,moving_average,0.284957,0.419726,0.991299,605,605
3,3,23799,random,none,0.60,knn,0.149253,0.259061,0.996685,605,605
3,3,23799,random,none,0.60,knn_upgraded,0.195867,0.298965,0.995586,605,605
3,3,23799,random,none,0.60,decision_tree,0.183652,0.284611,0.995999,605,605
3,3,23799,random,none,0.60,random_forest,0.155558,0.254288,0.996806,605,605
3,3,23799,random,none,0.60,neural_net,0.205755,0.330802,0.994595,605,605
3,3,23799,random,none,0.60,adaptive_imputation,0.161118,0.262733,0.996591,605,605
4,4,31718,random,none,0.60,forward_fill,0.370446,0.591525,0.973160,605,605
4,4,31718,random,none,0.60,linear_interpolation,0.145636,0.258587,0.994871,605,605
4,4,31718,random,none,0.60,time_interpolation,0.145636,0.258587,0.994871,605,605
4,4,31718,random,none,0.60,cubic_interpolation,0.165515,0.287227,0.993672,605,605
4,4,31718,random,none,0.60,spline_interpolation,0.165099,0.286432,0.993707,605,605
4,4,31718,random,none,0.60,moving_average,0.280275,0.414965,0.986791,605,605
4,4,31718,random,none,0.60,knn,0.145636,0.258587,0.994871,605,605
4,4,31718,random,none,0.60,knn_upgraded,0.167424,0.274164,0.994234,605,605
4,4,31718,random,none,0.60,decision_tree,0.164945,0.259019,0.994854,605,605
4,4,31718,random,none,0.60,random_forest,0.134105,0.214496,0.996471,605,605
4,4,31718,random,none,0.60,neural_net,0.197013,0.301459,0.993029,605,605
4,4,31718,random,none,0.60,adaptive_imputation,0.165515,0.287227,0.993672,605,605
5,5,39637,random,none,0.60,forward_fill,0.334314,0.525260,0.986412,605,605
5,5,39637,random,none,0.60,linear_interpolation,0.147872,0.229434,0.997408,605,605
5,5,39637,random,none,0.60,time_interpolation,0.147872,0.229434,0.997408,605,605
5,5,39637,random,none,0.60,cubic_interpolation,0.152868,0.244042,0.997067,605,605
5,5,39637,random,none,0.60,spline_interpolation,0.152878,0.244044,0.997067,605,605
5,5,39637,random,none,0.60,moving_average,0.283298,0.401431,0.992064,605,605
5,5,39637,random,none,0.60,knn,0.147872,0.229434,0.997408,605,605
5,5,39637,random,none,0.60,knn_upgraded,0.179188,0.273714,0.996310,605,605
5,5,39637,random,none,0.60,decision_tree,0.180291,0.281294,0.996103,605,605
5,5,39637,random,none,0.60,random_forest,0.147099,0.228860,0.997420,605,605
5,5,39637,random,none,0.60,neural_net,0.198144,0.288470,0.995902,605,605
5,5,39637,random,none,0.60,adaptive_imputation,0.152868,0.244042,0.997067,605,605
6,6,47556,random,none,0.60,forward_fill,0.388116,0.609031,0.978886,605,605
6,6,47556,random,none,0.60,linear_interpolation,0.177952,0.308492,0.994583,605,605
6,6,47556,random,none,0.60,time_interpolation,0.177952,0.308492,0.994583,605,605
6,6,47556,random,none,0.60,cubic_interpolation,0.186799,0.307388,0.994621,605,605
6,6,47556,random,none,0.60,spline_interpolation,0.187124,0.307493,0.994618,605,605
6,6,47556,random,none,0.60,moving_average,0.281192,0.418714,0.990020,605,605
6,6,47556,random,none,0.60,knn,0.177952,0.308492,0.994583,605,605
6,6,47556,random,none,0.60,knn_upgraded,0.206382,0.334447,0.993633,605,605
6,6,47556,random,none,0.60,decision_tree,0.201663,0.325821,0.993957,605,605
6,6,47556,random,none,0.60,random_forest,0.179476,0.307120,0.994631,605,605
6,6,47556,random,none,0.60,neural_net,0.231987,0.362495,0.992520,605,605
6,6,47556,random,none,0.60,adaptive_imputation,0.186799,0.307388,0.994621,605,605
7,7,55475,random,none,0.60,forward_fill,0.299488,0.489303,0.958349,605,605
7,7,55475,random,none,0.60,linear_interpolation,0.139376,0.221544,0.991461,605,605
7,7,55475,random,none,0.60,time_interpolation,0.139376,0.221544,0.991461,605,605
7,7,55475,random,none,0.60,cubic_interpolation,0.132309,0.195132,0.993376,605,605
7,7,55475,random,none,0.60,spline_interpolation,0.132262,0.194992,0.993385,605,605
7,7,55475,random,none,0.60,moving_average,0.246807,0.366008,0.976695,605,605
7,7,55475,random,none,0.60,knn,0.139376,0.221544,0.991461,605,605
7,7,55475,random,none,0.60,knn_upgraded,0.163012,0.243457,0.989689,605,605
7,7,55475,random,none,0.60,decision_tree,0.156098,0.245102,0.989549,605,605
7,7,55475,random,none,0.60,random_forest,0.141214,0.222497,0.991388,605,605
7,7,55475,random,none,0.60,neural_net,0.167010,0.247196,0.989370,605,605
7,7,55475,random,none,0.60,adaptive_imputation,0.132309,0.195132,0.993376,605,605
8,8,63394,random,none,0.60,forward_fill,0.469041,0.732101,0.986610,605,605
8,8,63394,random,none,0.60,linear_interpolation,0.174678,0.282853,0.998001,605,605
8,8,63394,random,none,0.60,time_interpolation,0.174678,0.282853,0.998001,605,605
8,8,63394,random,none,0.60,cubic_interpolation,0.180533,0.293831,0.997843,605,605
8,8,63394,random,none,0.60,spline_interpolation,0.180595,0.293990,0.997841,605,605
8,8,63394,random,none,0.60,moving_average,0.312065,0.452931,0.994875,605,605
8,8,63394,random,none,0.60,knn,0.174678,0.282853,0.998001,605,605
8,8,63394,random,none,0.60,knn_upgraded,0.209150,0.307150,0.997643,605,605
8,8,63394,random,none,0.60,decision_tree,0.223282,0.332629,0.997236,605,605
8,8,63394,random,none,0.60,random_forest,0.176289,0.277645,0.998074,605,605
8,8,63394,random,none,0.60,neural_net,0.220761,0.331482,0.997255,605,605
8,8,63394,random,none,0.60,adaptive_imputation,0.180533,0.293831,0.997843,605,605
9,9,71313,random,none,0.60,forward_fill,0.352942,0.616432,0.968276,605,605
9,9,71313,random,none,0.60,linear_interpolation,0.121606,0.172920,0.997504,605,605
9,9,71313,random,none,0.60,time_interpolation,0.121606,0.172920,0.997504,605,605
9,9,71313,random,none,0.60,cubic_interpolation,0.136933,0.200533,0.996643,605,605
9,9,71313,random,none,0.60,spline_interpolation,0.136916,0.200526,0.996643,605,605
9,9,71313,random,none,0.60,moving_average,0.239163,0.344657,0.990083,605,605
9,9,71313,random,none,0.60,knn,0.121606,0.172920,0.997504,605,605
9,9,71313,random,none,0.60,knn_upgraded,0.149880,0.207467,0.996407,605,605
9,9,71313,random,none,0.60,decision_tree,0.153352,0.214827,0.996147,605,605
9,9,71313,random,none,0.60,random_forest,0.129396,0.185416,0.997130,605,605
9,9,71313,random,none,0.60,neural_net,0.183819,0.260431,0.994338,605,605
9,9,71313,random,none,0.60,adaptive_imputation,0.136933,0.200533,0.996643,605,605
10,10,79232,random,none,0.60,forward_fill,0.294777,0.536083,0.985294,605,605
10,10,79232,random,none,0.60,linear_interpolation,0.109238,0.168327,0.998550,605,605
10,10,79232,random,none,0.60,time_interpolation,0.109238,0.168327,0.998550,605,605
10,10,79232,random,none,0.60,cubic_interpolation,0.125199,0.210724,0.997728,605,605
10,10,79232,random,none,0.60,spline_interpolation,0.124948,0.210527,0.997732,605,605
10,10,79232,random,none,0.60,moving_average,0.210161,0.316921,0.994860,605,605
10,10,79232,random,none,0.60,knn,0.109238,0.168327,0.998550,605,605
10,10,79232,random,none,0.60,knn_upgraded,0.127466,0.187712,0.998197,605,605
10,10,79232,random,none,0.60,decision_tree,0.122267,0.186252,0.998225,605,605
10,10,79232,random,none,0.60,random_forest,0.110980,0.170977,0.998504,605,605
10,10,79232,random,none,0.60,neural_net,0.148725,0.210917,0.997724,605,605
10,10,79232,random,none,0.60,adaptive_imputation,0.125199,0.210724,0.997728,605,605
11,11,87151,random,none,0.60,forward_fill,0.415702,0.619196,0.983073,605,605
11,11,87151,random,none,0.60,linear_interpolation,0.174623,0.334054,0.995073,605,605
11,11,87151,random,none,0.60,time_interpolation,0.174623,0.334054,0.995073,605,605
11,11,87151,random,none,0.60,cubic_interpolation,0.182470,0.354777,0.994443,605,605
11,11,87151,random,none,0.60,spline_interpolation,0.182445,0.354783,0.994443,605,605
11,11,87151,random,none,0.60,moving_average,0.356404,0.558167,0.986245,605,605
11,11,87151,random,none,0.60,knn,0.174623,0.334054,0.995073,605,605
11,11,87151,random,none,0.60,knn_upgraded,0.221219,0.369707,0.993966,605,605
11,11,87151,random,none,0.60,decision_tree,0.214667,0.412841,0.992475,605,605
11,11,87151,random,none,0.60,random_forest,0.180194,0.334600,0.995057,605,605
11,11,87151,random,none,0.60,neural_net,0.252250,0.408180,0.992644,605,605
11,11,87151,random,none,0.60,adaptive_imputation,0.182470,0.354777,0.994443,605,605
12,12,95070,random,none,0.60,forward_fill,0.200479,0.321439,0.982855,605,605
12,12,95070,random,none,0.60,linear_interpolation,0.089676,0.141716,0.996667,605,605
12,12,95070,random,none,0.60,time_interpolation,0.089676,0.141716,0.996667,605,605
12,12,95070,random,none,0.60,cubic_interpolation,0.098960,0.156916,0.995914,605,605
12,12,95070,random,none,0.60,spline_interpolation,0.098978,0.156922,0.995914,605,605
12,12,95070,random,none,0.60,moving_average,0.149014,0.215261,0.992311,605,605
12,12,95070,random,none,0.60,knn,0.089676,0.141716,0.996667,605,605
12,12,95070,random,none,0.60,knn_upgraded,0.104277,0.154325,0.996048,605,605
12,12,95070,random,none,0.60,decision_tree,0.104159,0.161899,0.995651,605,605
12,12,95070,random,none,0.60,random_forest,0.092761,0.144238,0.996548,605,605
12,12,95070,random,none,0.60,neural_net,0.108580,0.157611,0.995878,605,605
12,12,95070,random,none,0.60,adaptive_imputation,0.098960,0.156916,0.995914,605,605
13,13,102989,random,none,0.60,forward_fill,0.379917,0.527818,0.974872,605,605
13,13,102989,random,none,0.60,linear_interpolation,0.158581,0.233721,0.995073,605,605
13,13,102989,random,none,0.60,time_interpolation,0.158581,0.233721,0.995073,605,605
13,13,102989,random,none,0.60,cubic_interpolation,0.183647,0.309474,0.991361,605,605
13,13,102989,random,none,0.60,spline_interpolation,0.182544,0.308472,0.991417,605,605
13,13,102989,random,none,0.60,moving_average,0.281146,0.392229,0.986124,605,605
13,13,102989,random,none,0.60,knn,0.158581,0.233721,0.995073,605,605
13,13,102989,random,none,0.60,knn_upgraded,0.192694,0.272639,0.993295,605,605
13,13,102989,random,none,0.60,decision_tree,0.194416,0.279189,0.992969,605,605
13,13,102989,random,none,0.60,random_forest,0.158727,0.230456,0.995210,605,605
13,13,102989,random,none,0.60,neural_net,0.206855,0.280784,0.992889,605,605
13,13,102989,random,none,0.60,adaptive_imputation,0.183647,0.309474,0.991361,605,605
14,14,110908,random,none,0.60,forward_fill,0.163967,0.300047,0.975327,605,605
14,14,110908,random,none,0.60,linear_interpolation,0.070459,0.115774,0.996327,605,605
14,14,110908,random,none,0.60,time_interpolation,0.070459,0.115774,0.996327,605,605
14,14,110908,random,none,0.60,cubic_interpolation,0.080240,0.137672,0.994806,605,605
14,14,110908,random,none,0.60,spline_interpolation,0.080405,0.137812,0.994795,605,605
14,14,110908,random,none,0.60,moving_average,0.125364,0.203762,0.988621,605,605
14,14,110908,random,none,0.60,knn,0.070459,0.115774,0.996327,605,605
14,14,110908,random,none,0.60,knn_upgraded,0.100261,0.153988,0.993501,605,605
14,14,110908,random,none,0.60,decision_tree,0.086147,0.141368,0.994523,605,605
14,14,110908,random,none,0.60,random_forest,0.072006,0.118006,0.996184,605,605
14,14,110908,random,none,0.60,neural_net,0.100434,0.154589,0.993451,605,605
14,14,110908,random,none,0.60,adaptive_imputation,0.080240,0.137672,0.994806,605,605
15,15,118827,random,none,0.60,forward_fill,0.592298,0.952517,0.971388,605,605
15,15,118827,random,none,0.60,linear_interpolation,0.157355,0.215899,0.998530,605,605
15,15,118827,random,none,0.60,time_interpolation,0.157355,0.215899,0.998530,605,605
15,15,118827,random,none,0.60,cubic_interpolation,0.176904,0.253546,0.997973,605,605
15,15,118827,random,none,0.60,spline_interpolation,0.176946,0.253610,0.997972,605,605
15,15,118827,random,none,0.60,moving_average,0.370446,0.526064,0.991273,605,605
15,15,118827,random,none,0.60,knn,0.157355,0.215899,0.998530,605,605
15,15,118827,random,none,0.60,knn_upgraded,0.184345,0.257719,0.997905,605,605
15,15,118827,random,none,0.60,decision_tree,0.178859,0.248783,0.998048,605,605
15,15,118827,random,none,0.60,random_forest,0.158535,0.214375,0.998551,605,605
15,15,118827,random,none,0.60,neural_net,0.188515,0.264491,0.997794,605,605
15,15,118827,random,none,0.60,adaptive_imputation,0.176904,0.253546,0.997973,605,605
16,16,126746,random,none,0.60,forward_fill,0.300099,0.452626,0.972621,605,605
16,16,126746,random,none,0.60,linear_interpolation,0.152977,0.250238,0.991632,605,605
16,16,126746,random,none,0.60,time_interpolation,0.152977,0.250238,0.991632,605,605
16,16,126746,random,none,0.60,cubic_interpolation,0.157269,0.255411,0.991282,605,605
16,16,126746,random,none,0.60,spline_interpolation,0.156856,0.255254,0.991293,605,605
16,16,126746,random,none,0.60,moving_average,0.274565,0.391592,0.979507,605,605
16,16,126746,random,none,0.60,knn,0.152977,0.250238,0.991632,605,605
16,16,126746,random,none,0.60,knn_upgraded,0.179176,0.276377,0.989792,605,605
16,16,126746,random,none,0.60,decision_tree,0.183547,0.291783,0.988622,605,605
16,16,126746,random,none,0.60,random_forest,0.156631,0.253364,0.991421,605,605
16,16,126746,random,none,0.60,neural_net,0.196516,0.292781,0.988544,605,605
16,16,126746,random,none,0.60,adaptive_imputation,0.157269,0.255411,0.991282,605,605
17,17,134665,random,none,0.60,forward_fill,0.231884,0.356783,0.993545,605,605
17,17,134665,random,none,0.60,linear_interpolation,0.103462,0.171945,0.998501,605,605
17,17,134665,random,none,0.60,time_interpolation,0.103462,0.171945,0.998501,605,605
17,17,134665,random,none,0.60,cubic_interpolation,0.099313,0.153275,0.998809,605,605
17,17,134665,random,none,0.60,spline_interpolation,0.099383,0.153278,0.998809,605,605
17,17,134665,random,none,0.60,moving_average,0.199870,0.300370,0.995425,605,605
17,17,134665,random,none,0.60,knn,0.103462,0.171945,0.998501,605,605
17,17,134665,random,none,0.60,knn_upgraded,0.131681,0.202547,0.997919,605,605
17,17,134665,random,none,0.60,decision_tree,0.126629,0.207209,0.997823,605,605
17,17,134665,random,none,0.60,random_forest,0.105687,0.172839,0.998485,605,605
17,17,134665,random,none,0.60,neural_net,0.136190,0.212049,0.997720,605,605
17,17,134665,random,none,0.60,adaptive_imputation,0.099313,0.153275,0.998809,605,605
18,18,142584,random,none,0.60,forward_fill,0.408446,0.613397,0.968684,605,605
18,18,142584,random,none,0.60,linear_interpolation,0.164201,0.250089,0.994794,605,605
18,18,142584,random,none,0.60,time_interpolation,0.164201,0.250089,0.994794,605,605
18,18,142584,random,none,0.60,cubic_interpolation,0.183972,0.288640,0.993066,605,605
18,18,142584,random,none,0.60,spline_interpolation,0.183858,0.288553,0.993070,605,605
18,18,142584,random,none,0.60,moving_average,0.308886,0.452789,0.982936,605,605
18,18,142584,random,none,0.60,knn,0.164201,0.250089,0.994794,605,605
18,18,142584,random,none,0.60,knn_upgraded,0.198842,0.291953,0.992906,605,605
18,18,142584,random,none,0.60,decision_tree,0.208806,0.308029,0.992103,605,605
18,18,142584,random,none,0.60,random_forest,0.171579,0.256230,0.994536,605,605
18,18,142584,random,none,0.60,neural_net,0.234224,0.344216,0.990139,605,605
18,18,142584,random,none,0.60,adaptive_imputation,0.183972,0.288640,0.993066,605,605
19,19,150503,random,none,0.60,forward_fill,0.195719,0.352528,0.993274,605,605
19,19,150503,random,none,0.60,linear_interpolation,0.085225,0.142367,0.998903,605,605
19,19,150503,random,none,0.60,time_interpolation,0.085225,0.142367,0.998903,605,605
19,19,150503,random,none,0.60,cubic_interpolation,0.087402,0.142835,0.998896,605,605
19,19,150503,random,none,0.60,spline_interpolation,0.087429,0.143399,0.998887,605,605
19,19,150503,random,none,0.60,moving_average,0.162254,0.264134,0.996224,605,605
19,19,150503,random,none,0.60,knn,0.085225,0.142367,0.998903,605,605
19,19,150503,random,none,0.60,knn_upgraded,0.110622,0.167422,0.998483,605,605
19,19,150503,random,none,0.60,decision_tree,0.087555,0.140440,0.998933,605,605
19,19,150503,random,none,0.60,random_forest,0.087029,0.139199,0.998951,605,605
19,19,150503,random,none,0.60,neural_net,0.114363,0.172490,0.998390,605,605
19,19,150503,random,none,0.60,adaptive_imputation,0.087402,0.142835,0.998896,605,605
0,0,42,random,none,0.70,forward_fill,0.407620,0.718256,0.986271,706,706
0,0,42,random,none,0.70,linear_interpolation,0.177387,0.332024,0.997066,706,706
0,0,42,random,none,0.70,time_interpolation,0.177387,0.332024,0.997066,706,706
0,0,42,random,none,0.70,cubic_interpolation,0.213796,0.469148,0.994143,706,706
0,0,42,random,none,0.70,spline_interpolation,0.213956,0.469216,0.994141,706,706
0,0,42,random,none,0.70,moving_average,0.295459,0.513447,0.992984,706,706
0,0,42,random,none,0.70,knn,0.177387,0.332024,0.997066,706,706
0,0,42,random,none,0.70,knn_upgraded,0.208226,0.363024,0.996493,706,706
0,0,42,random,none,0.70,decision_tree,0.209452,0.399204,0.995759,706,706
0,0,42,random,none,0.70,random_forest,0.190382,0.362773,0.996498,706,706
0,0,42,random,none,0.70,neural_net,0.218129,0.373708,0.996283,706,706
0,0,42,random,none,0.70,adaptive_imputation,0.177387,0.332024,0.997066,706,706
1,1,7961,random,none,0.70,forward_fill,0.496813,0.723696,0.954984,706,706
1,1,7961,random,none,0.70,linear_interpolation,0.216508,0.339890,0.990070,706,706
1,1,7961,random,none,0.70,time_interpolation,0.216508,0.339890,0.990070,706,706
1,1,7961,random,none,0.70,cubic_interpolation,0.215885,0.343727,0.989845,706,706
1,1,7961,random,none,0.70,spline_interpolation,0.216428,0.344051,0.989826,706,706
1,1,7961,random,none,0.70,moving_average,0.323920,0.477780,0.980379,706,706
1,1,7961,random,none,0.70,knn,0.216508,0.339890,0.990070,706,706
1,1,7961,random,none,0.70,knn_upgraded,0.240486,0.362485,0.988706,706,706
1,1,7961,random,none,0.70,decision_tree,0.256706,0.377793,0.987732,706,706
1,1,7961,random,none,0.70,random_forest,0.227494,0.341847,0.989956,706,706
1,1,7961,random,none,0.70,neural_net,0.301063,0.434046,0.983807,706,706
1,1,7961,random,none,0.70,adaptive_imputation,0.216508,0.339890,0.990070,706,706
2,2,15880,random,none,0.70,forward_fill,0.291091,0.488696,0.941537,706,706
2,2,15880,random,none,0.70,linear_interpolation,0.139016,0.221681,0.987970,706,706
2,2,15880,random,none,0.70,time_interpolation,0.139016,0.221681,0.987970,706,706
2,2,15880,random,none,0.70,cubic_interpolation,0.139022,0.239400,0.985970,706,706
2,2,15880,random,none,0.70,spline_interpolation,0.140195,0.240203,0.985876,706,706
2,2,15880,random,none,0.70,moving_average,0.220788,0.355287,0.969100,706,706
2,2,15880,random,none,0.70,knn,0.139016,0.221681,0.987970,706,706
2,2,15880,random,none,0.70,knn_upgraded,0.157819,0.238722,0.986050,706,706
2,2,15880,random,none,0.70,decision_tree,0.146787,0.226708,0.987418,706,706
2,2,15880,random,none,0.70,random_forest,0.137664,0.213272,0.988866,706,706
2,2,15880,random,none,0.70,neural_net,0.173336,0.263837,0.982960,706,706
2,2,15880,random,none,0.70,adaptive_imputation,0.139016,0.221681,0.987970,706,706
3,3,23799,random,none,0.70,forward_fill,0.467125,0.718752,0.974014,706,706
3,3,23799,random,none,0.70,linear_interpolation,0.175868,0.290167,0.995765,706,706
3,3,23799,random,none,0.70,time_interpolation,0.175868,0.290167,0.995765,706,706
3,3,23799,random,none,0.70,cubic_interpolation,0.189406,0.311524,0.995118,706,706
3,3,23799,random,none,0.70,spline_interpolation,0.189605,0.311596,0.995116,706,706
3,3,23799,random,none,0.70,moving_average,0.327206,0.476598,0.988574,706,706
3,3,23799,random,none,0.70,knn,0.175868,0.290167,0.995765,706,706
3,3,23799,random,none,0.70,knn_upgraded,0.219037,0.324484,0.994704,706,706
3,3,23799,random,none,0.70,decision_tree,0.230197,0.330282,0.994513,706,706
3,3,23799,random,none,0.70,random_forest,0.183085,0.282425,0.995988,706,706
3,3,23799,random,none,0.70,neural_net,0.274032,0.413379,0.991404,706,706
3,3,23799,random,none,0.70,adaptive_imputation,0.175868,0.290167,0.995765,706,706
4,4,31718,random,none,0.70,forward_fill,0.437649,0.699495,0.962232,706,706
4,4,31718,random,none,0.70,linear_interpolation,0.175712,0.291055,0.993461,706,706
4,4,31718,random,none,0.70,time_interpolation,0.175712,0.291055,0.993461,706,706
4,4,31718,random,none,0.70,cubic_interpolation,0.164445,0.274371,0.994189,706,706
4,4,31718,random,none,0.70,spline_interpolation,0.164038,0.273573,0.994223,706,706
4,4,31718,random,none,0.70,moving_average,0.305923,0.449258,0.984421,706,706
4,4,31718,random,none,0.70,knn,0.175712,0.291055,0.993461,706,706
4,4,31718,random,none,0.70,knn_upgraded,0.193460,0.320725,0.992060,706,706
4,4,31718,random,none,0.70,decision_tree,0.220346,0.344917,0.990817,706,706
4,4,31718,random,none,0.70,random_forest,0.172552,0.284296,0.993761,706,706
4,4,31718,random,none,0.70,neural_net,0.229257,0.346066,0.990756,706,706
4,4,31718,random,none,0.70,adaptive_imputation,0.175712,0.291055,0.993461,706,706
5,5,39637,random,none,0.70,forward_fill,0.469136,0.818371,0.967433,706,706
5,5,39637,random,none,0.70,linear_interpolation,0.187196,0.277427,0.996257,706,706
5,5,39637,random,none,0.70,time_interpolation,0.187196,0.277427,0.996257,706,706
5,5,39637,random,none,0.70,cubic_interpolation,0.207424,0.334719,0.994552,706,706
5,5,39637,random,none,0.70,spline_interpolation,0.207428,0.334719,0.994552,706,706
5,5,39637,random,none,0.70,moving_average,0.346845,0.532174,0.986228,706,706
5,5,39637,random,none,0.70,knn,0.187196,0.277427,0.996257,706,706
5,5,39637,random,none,0.70,knn_upgraded,0.206028,0.296278,0.995731,706,706
5,5,39637,random,none,0.70,decision_tree,0.224323,0.335778,0.994517,706,706
5,5,39637,random,none,0.70,random_forest,0.189708,0.283894,0.996081,706,706
5,5,39637,random,none,0.70,neural_net,0.248889,0.369678,0.993355,706,706
5,5,39637,random,none,0.70,adaptive_imputation,0.187196,0.277427,0.996257,706,706
6,6,47556,random,none,0.70,forward_fill,0.508385,0.884294,0.955533,706,706
6,6,47556,random,none,0.70,linear_interpolation,0.198475,0.316192,0.994315,706,706
6,6,47556,random,none,0.70,time_interpolation,0.198475,0.316192,0.994315,706,706
6,6,47556,random,none,0.70,cubic_interpolation,0.204845,0.321406,0.994126,706,706
6,6,47556,random,none,0.70,spline_interpolation,0.205165,0.321510,0.994122,706,706
6,6,47556,random,none,0.70,moving_average,0.329849,0.488115,0.986451,706,706
6,6,47556,random,none,0.70,knn,0.198475,0.316192,0.994315,706,706
6,6,47556,random,none,0.70,knn_upgraded,0.217532,0.336312,0.993568,706,706
6,6,47556,random,none,0.70,decision_tree,0.234285,0.358595,0.992688,706,706
6,6,47556,random,none,0.70,random_forest,0.201101,0.322650,0.994080,706,706
6,6,47556,random,none,0.70,neural_net,0.252240,0.477206,0.987050,706,706
6,6,47556,random,none,0.70,adaptive_imputation,0.198475,0.316192,0.994315,706,706
7,7,55475,random,none,0.70,forward_fill,0.324858,0.505998,0.957970,706,706
7,7,55475,random,none,0.70,linear_interpolation,0.156751,0.238965,0.990626,706,706
7,7,55475,random,none,0.70,time_interpolation,0.156751,0.238965,0.990626,706,706
7,7,55475,random,none,0.70,cubic_interpolation,0.151871,0.214372,0.992456,706,706
7,7,55475,random,none,0.70,spline_interpolation,0.151592,0.214149,0.992472,706,706
7,7,55475,random,none,0.70,moving_average,0.251681,0.368411,0.977719,706,706
7,7,55475,random,none,0.70,knn,0.156751,0.238965,0.990626,706,706
7,7,55475,random,none,0.70,knn_upgraded,0.174314,0.256430,0.989206,706,706
7,7,55475,random,none,0.70,decision_tree,0.174297,0.267717,0.988234,706,706
7,7,55475,random,none,0.70,random_forest,0.153026,0.232371,0.991136,706,706
7,7,55475,random,none,0.70,neural_net,0.192606,0.270039,0.988029,706,706
7,7,55475,random,none,0.70,adaptive_imputation,0.156751,0.238965,0.990626,706,706
8,8,63394,random,none,0.70,forward_fill,0.630184,1.017192,0.974325,706,706
8,8,63394,random,none,0.70,linear_interpolation,0.222041,0.349580,0.996967,706,706
8,8,63394,random,none,0.70,time_interpolation,0.222041,0.349580,0.996967,706,706
8,8,63394,random,none,0.70,cubic_interpolation,0.221372,0.345492,0.997038,706,706
8,8,63394,random,none,0.70,spline_interpolation,0.221515,0.345555,0.997037,706,706
8,8,63394,random,none,0.70,moving_average,0.404816,0.605559,0.990900,706,706
8,8,63394,random,none,0.70,knn,0.222041,0.349580,0.996967,706,706
8,8,63394,random,none,0.70,knn_upgraded,0.249060,0.370131,0.996600,706,706
8,8,63394,random,none,0.70,decision_tree,0.243375,0.380501,0.996407,706,706
8,8,63394,random,none,0.70,random_forest,0.220230,0.349145,0.996975,706,706
8,8,63394,random,none,0.70,neural_net,0.297194,0.430611,0.995399,706,706
8,8,63394,random,none,0.70,adaptive_imputation,0.222041,0.349580,0.996967,706,706
9,9,71313,random,none,0.70,forward_fill,0.452195,0.709442,0.959224,706,706
9,9,71313,random,none,0.70,linear_interpolation,0.150285,0.220180,0.996072,706,706
9,9,71313,random,none,0.70,time_interpolation,0.150285,0.220180,0.996072,706,706
9,9,71313,random,none,0.70,cubic_interpolation,0.176136,0.269254,0.994127,706,706
9,9,71313,random,none,0.70,spline_interpolation,0.176119,0.269246,0.994127,706,706
9,9,71313,random,none,0.70,moving_average,0.276895,0.408690,0.986468,706,706
9,9,71313,random,none,0.70,knn,0.150285,0.220180,0.996072,706,706
9,9,71313,random,none,0.70,knn_upgraded,0.181305,0.261370,0.994465,706,706
9,9,71313,random,none,0.70,decision_tree,0.216362,0.329281,0.991216,706,706
9,9,71313,random,none,0.70,random_forest,0.160154,0.242205,0.995247,706,706
9,9,71313,random,none,0.70,neural_net,0.232011,0.337422,0.990776,706,706
9,9,71313,random,none,0.70,adaptive_imputation,0.150285,0.220180,0.996072,706,706
10,10,79232,random,none,0.70,forward_fill,0.381317,0.676585,0.976154,706,706
10,10,79232,random,none,0.70,linear_interpolation,0.135814,0.209878,0.997705,706,706
10,10,79232,random,none,0.70,time_interpolation,0.135814,0.209878,0.997705,706,706
10,10,79232,random,none,0.70,cubic_interpolation,0.153364,0.249063,0.996769,706,706
10,10,79232,random,none,0.70,spline_interpolation,0.153070,0.248946,0.996772,706,706
10,10,79232,random,none,0.70,moving_average,0.262924,0.408712,0.991298,706,706
10,10,79232,random,none,0.70,knn,0.135814,0.209878,0.997705,706,706
10,10,79232,random,none,0.70,knn_upgraded,0.151872,0.224117,0.997384,706,706
10,10,79232,random,none,0.70,decision_tree,0.166728,0.265068,0.996340,706,706
10,10,79232,random,none,0.70,random_forest,0.139856,0.218719,0.997508,706,706
10,10,79232,random,none,0.70,neural_net,0.182752,0.266456,0.996302,706,706
10,10,79232,random,none,0.70,adaptive_imputation,0.135814,0.209878,0.997705,706,706
11,11,87151,random,none,0.70,forward_fill,0.506204,0.782953,0.973805,706,706
11,11,87151,random,none,0.70,linear_interpolation,0.226428,0.456368,0.991100,706,706
11,11,87151,random,none,0.70,time_interpolation,0.226428,0.456368,0.991100,706,706
11,11,87151,random,none,0.70,cubic_interpolation,0.230863,0.429785,0.992107,706,706
11,11,87151,random,none,0.70,spline_interpolation,0.230814,0.429776,0.992107,706,706
11,11,87151,random,none,0.70,moving_average,0.382002,0.619138,0.983620,706,706
11,11,87151,random,none,0.70,knn,0.226428,0.456368,0.991100,706,706
11,11,87151,random,none,0.70,knn_upgraded,0.243431,0.461045,0.990917,706,706
11,11,87151,random,none,0.70,decision_tree,0.263768,0.478414,0.990220,706,706
11,11,87151,random,none,0.70,random_forest,0.227331,0.444282,0.991566,706,706
11,11,87151,random,none,0.70,neural_net,0.335441,0.533626,0.987832,706,706
11,11,87151,random,none,0.70,adaptive_imputation,0.226428,0.456368,0.991100,706,706
12,12,95070,random,none,0.70,forward_fill,0.246756,0.388419,0.974800,706,706
12,12,95070,random,none,0.70,linear_interpolation,0.113480,0.180446,0.994561,706,706
12,12,95070,random,none,0.70,time_interpolation,0.113480,0.180446,0.994561,706,706
12,12,95070,random,none,0.70,cubic_interpolation,0.121126,0.199927,0.993324,706,706
12,12,95070,random,none,0.70,spline_interpolation,0.121129,0.199927,0.993324,706,706
12,12,95070,random,none,0.70,moving_average,0.173586,0.253197,0.989292,706,706
12,12,95070,random,none,0.70,knn,0.113480,0.180446,0.994561,706,706
12,12,95070,random,none,0.70,knn_upgraded,0.124923,0.188742,0.994050,706,706
12,12,95070,random,none,0.70,decision_tree,0.122587,0.192360,0.993819,706,706
12,12,95070,random,none,0.70,random_forest,0.114172,0.181594,0.994492,706,706
12,12,95070,random,none,0.70,neural_net,0.137593,0.196805,0.993530,706,706
12,12,95070,random,none,0.70,adaptive_imputation,0.113480,0.180446,0.994561,706,706
13,13,102989,random,none,0.70,forward_fill,0.443697,0.628249,0.964617,706,706
13,13,102989,random,none,0.70,linear_interpolation,0.175731,0.262254,0.993834,706,706
13,13,102989,random,none,0.70,time_interpolation,0.175731,0.262254,0.993834,706,706
13,13,102989,random,none,0.70,cubic_interpolation,0.185024,0.285896,0.992673,706,706
13,13,102989,random,none,0.70,spline_interpolation,0.184092,0.284969,0.992720,706,706
13,13,102989,random,none,0.70,moving_average,0.308602,0.432615,0.983222,706,706
13,13,102989,random,none,0.70,knn,0.175731,0.262254,0.993834,706,706
13,13,102989,random,none,0.70,knn_upgraded,0.200998,0.294641,0.992218,706,706
13,13,102989,random,none,0.70,decision_tree,0.223666,0.328646,0.990318,706,706
13,13,102989,random,none,0.70,random_forest,0.183200,0.275015,0.993220,706,706
13,13,102989,random,none,0.70,neural_net,0.244860,0.341882,0.989522,706,706
13,13,102989,random,none,0.70,adaptive_imputation,0.175731,0.262254,0.993834,706,706
14,14,110908,random,none,0.70,forward_fill,0.218343,0.431766,0.947682,706,706
14,14,110908,random,none,0.70,linear_interpolation,0.090455,0.159797,0.992834,706,706
14,14,110908,random,none,0.70,time_interpolation,0.090455,0.159797,0.992834,706,706
14,14,110908,random,none,0.70,cubic_interpolation,0.095416,0.175936,0.991313,706,706
14,14,110908,random,none,0.70,spline_interpolation,0.095537,0.176096,0.991297,706,706
14,14,110908,random,none,0.70,moving_average,0.155721,0.267803,0.979872,706,706
14,14,110908,random,none,0.70,knn,0.090455,0.159797,0.992834,706,706
14,14,110908,random,none,0.70,knn_upgraded,0.115803,0.193123,0.989533,706,706
14,14,110908,random,none,0.70,decision_tree,0.107163,0.188940,0.989981,706,706
14,14,110908,random,none,0.70,random_forest,0.092346,0.162029,0.992632,706,706
14,14,110908,random,none,0.70,neural_net,0.112769,0.188199,0.990060,706,706
14,14,110908,random,none,0.70,adaptive_imputation,0.090455,0.159797,0.992834,706,706
15,15,118827,random,none,0.70,forward_fill,0.751572,1.337207,0.943002,706,706
15,15,118827,random,none,0.70,linear_interpolation,0.195337,0.315865,0.996820,706,706
15,15,118827,random,none,0.70,time_interpolation,0.195337,0.315865,0.996820,706,706
15,15,118827,random,none,0.70,cubic_interpolation,0.229712,0.395263,0.995020,706,706
15,15,118827,random,none,0.70,spline_interpolation,0.229705,0.395281,0.995019,706,706
15,15,118827,random,none,0.70,moving_average,0.459857,0.766323,0.981281,706,706
15,15,118827,random,none,0.70,knn,0.195337,0.315865,0.996820,706,706
15,15,118827,random,none,0.70,knn_upgraded,0.212523,0.317002,0.996797,706,706
15,15,118827,random,none,0.70,decision_tree,0.225469,0.340572,0.996303,706,706
15,15,118827,random,none,0.70,random_forest,0.196932,0.310159,0.996934,706,706
15,15,118827,random,none,0.70,neural_net,0.253753,0.367826,0.995687,706,706
15,15,118827,random,none,0.70,adaptive_imputation,0.195337,0.315865,0.996820,706,706
16,16,126746,random,none,0.70,forward_fill,0.387082,0.640808,0.944293,706,706
16,16,126746,random,none,0.70,linear_interpolation,0.214744,0.375629,0.980859,706,706
16,16,126746,random,none,0.70,time_interpolation,0.214744,0.375629,0.980859,706,706
16,16,126746,random,none,0.70,cubic_interpolation,0.229008,0.445388,0.973089,706,706
16,16,126746,random,none,0.70,spline_interpolation,0.228323,0.444860,0.973153,706,706
16,16,126746,random,none,0.70,moving_average,0.313751,0.457613,0.971591,706,706
16,16,126746,random,none,0.70,knn,0.214744,0.375629,0.980859,706,706
16,16,126746,random,none,0.70,knn_upgraded,0.227077,0.369556,0.981473,706,706
16,16,126746,random,none,0.70,decision_tree,0.242367,0.453680,0.972078,706,706
16,16,126746,random,none,0.70,random_forest,0.208136,0.366105,0.981817,706,706
16,16,126746,random,none,0.70,neural_net,0.275975,0.452694,0.972199,706,706
16,16,126746,random,none,0.70,adaptive_imputation,0.214744,0.375629,0.980859,706,706
17,17,134665,random,none,0.70,forward_fill,0.297224,0.457756,0.989282,706,706
17,17,134665,random,none,0.70,linear_interpolation,0.130693,0.212933,0.997681,706,706
17,17,134665,random,none,0.70,time_interpolation,0.130693,0.212933,0.997681,706,706
17,17,134665,random,none,0.70,cubic_interpolation,0.139279,0.224394,0.997425,706,706
17,17,134665,random,none,0.70,spline_interpolation,0.139475,0.224635,0.997419,706,706
17,17,134665,random,none,0.70,moving_average,0.236653,0.354834,0.993560,706,706
17,17,134665,random,none,0.70,knn,0.130693,0.212933,0.997681,706,706
17,17,134665,random,none,0.70,knn_upgraded,0.152375,0.237934,0.997104,706,706
17,17,134665,random,none,0.70,decision_tree,0.155909,0.235792,0.997156,706,706
17,17,134665,random,none,0.70,random_forest,0.135286,0.216732,0.997597,706,706
17,17,134665,random,none,0.70,neural_net,0.181001,0.263298,0.996454,706,706
17,17,134665,random,none,0.70,adaptive_imputation,0.130693,0.212933,0.997681,706,706
18,18,142584,random,none,0.70,forward_fill,0.530779,0.768664,0.951783,706,706
18,18,142584,random,none,0.70,linear_interpolation,0.186504,0.278208,0.993684,706,706
18,18,142584,random,none,0.70,time_interpolation,0.186504,0.278208,0.993684,706,706
18,18,142584,random,none,0.70,cubic_interpolation,0.233749,0.393976,0.987333,706,706
18,18,142584,random,none,0.70,spline_interpolation,0.233598,0.393854,0.987341,706,706
18,18,142584,random,none,0.70,moving_average,0.350163,0.511750,0.978628,706,706
18,18,142584,random,none,0.70,knn,0.186504,0.278208,0.993684,706,706
18,18,142584,random,none,0.70,knn_upgraded,0.220089,0.322997,0.991486,706,706
18,18,142584,random,none,0.70,decision_tree,0.236178,0.343586,0.990366,706,706
18,18,142584,random,none,0.70,random_forest,0.194150,0.282070,0.993507,706,706
18,18,142584,random,none,0.70,neural_net,0.251245,0.362871,0.989254,706,706
18,18,142584,random,none,0.70,adaptive_imputation,0.186504,0.278208,0.993684,706,706
19,19,150503,random,none,0.70,forward_fill,0.244618,0.399473,0.991565,706,706
19,19,150503,random,none,0.70,linear_interpolation,0.099881,0.165866,0.998546,706,706
19,19,150503,random,none,0.70,time_interpolation,0.099881,0.165866,0.998546,706,706
19,19,150503,random,none,0.70,cubic_interpolation,0.121836,0.202385,0.997835,706,706
19,19,150503,random,none,0.70,spline_interpolation,0.122156,0.202749,0.997827,706,706
19,19,150503,random,none,0.70,moving_average,0.184084,0.293088,0.995460,706,706
19,19,150503,random,none,0.70,knn,0.099881,0.165866,0.998546,706,706
19,19,150503,random,none,0.70,knn_upgraded,0.118160,0.187131,0.998149,706,706
19,19,150503,random,none,0.70,decision_tree,0.114420,0.187177,0.998148,706,706
19,19,150503,random,none,0.70,random_forest,0.100796,0.163367,0.998589,706,706
19,19,150503,random,none,0.70,neural_net,0.153303,0.239405,0.996971,706,706
19,19,150503,random,none,0.70,adaptive_imputation,0.099881,0.165866,0.998546,706,706
0,0,42,random,none,0.80,forward_fill,0.541638,0.983812,0.974145,806,806
0,0,42,random,none,0.80,linear_interpolation,0.178550,0.314456,0.997359,806,806
0,0,42,random,none,0.80,time_interpolation,0.178550,0.314456,0.997359,806,806
0,0,42,random,none,0.80,cubic_interpolation,0.193895,0.344621,0.996827,806,806
0,0,42,random,none,0.80,spline_interpolation,0.193612,0.344311,0.996833,806,806
0,0,42,random,none,0.80,moving_average,0.352796,0.660646,0.988341,806,806
0,0,42,random,none,0.80,knn,0.178550,0.314456,0.997359,806,806
0,0,42,random,none,0.80,knn_upgraded,0.201257,0.332668,0.997044,806,806
0,0,42,random,none,0.80,decision_tree,0.236806,0.374841,0.996247,806,806
0,0,42,random,none,0.80,random_forest,0.182931,0.314609,0.997356,806,806
0,0,42,random,none,0.80,neural_net,0.253086,0.388563,0.995967,806,806
0,0,42,random,none,0.80,adaptive_imputation,0.178550,0.314456,0.997359,806,806
1,1,7961,random,none,0.80,forward_fill,0.648065,0.954356,0.921746,806,806
1,1,7961,random,none,0.80,linear_interpolation,0.256651,0.389919,0.986937,806,806
1,1,7961,random,none,0.80,time_interpolation,0.256651,0.389919,0.986937,806,806
1,1,7961,random,none,0.80,cubic_interpolation,0.272738,0.393025,0.986728,806,806
1,1,7961,random,none,0.80,spline_interpolation,0.272840,0.393029,0.986728,806,806
1,1,7961,random,none,0.80,moving_average,0.372062,0.551123,0.973904,806,806
1,1,7961,random,none,0.80,knn,0.256651,0.389919,0.986937,806,806
1,1,7961,random,none,0.80,knn_upgraded,0.266700,0.392132,0.986789,806,806
1,1,7961,random,none,0.80,decision_tree,0.325628,0.460063,0.981815,806,806
1,1,7961,random,none,0.80,random_forest,0.276396,0.404225,0.985961,806,806
1,1,7961,random,none,0.80,neural_net,0.334228,0.492502,0.979160,806,806
1,1,7961,random,none,0.80,adaptive_imputation,0.256651,0.389919,0.986937,806,806
2,2,15880,random,none,0.80,forward_fill,0.381476,0.590169,0.914566,806,806
2,2,15880,random,none,0.80,linear_interpolation,0.153722,0.234395,0.986524,806,806
2,2,15880,random,none,0.80,time_interpolation,0.153722,0.234395,0.986524,806,806
2,2,15880,random,none,0.80,cubic_interpolation,0.163187,0.273901,0.981598,806,806
2,2,15880,random,none,0.80,spline_interpolation,0.164376,0.274569,0.981508,806,806
2,2,15880,random,none,0.80,moving_average,0.264563,0.396917,0.961357,806,806
2,2,15880,random,none,0.80,knn,0.153722,0.234395,0.986524,806,806
2,2,15880,random,none,0.80,knn_upgraded,0.173145,0.249511,0.984729,806,806
2,2,15880,random,none,0.80,decision_tree,0.214255,0.292382,0.979031,806,806
2,2,15880,random,none,0.80,random_forest,0.162355,0.234661,0.986493,806,806
2,2,15880,random,none,0.80,neural_net,0.237254,0.333185,0.972770,806,806
2,2,15880,random,none,0.80,adaptive_imputation,0.153722,0.234395,0.986524,806,806
3,3,23799,random,none,0.80,forward_fill,0.703859,1.227896,0.922912,806,806
3,3,23799,random,none,0.80,linear_interpolation,0.239846,0.372301,0.992913,806,806
3,3,23799,random,none,0.80,time_interpolation,0.239846,0.372301,0.992913,806,806
3,3,23799,random,none,0.80,cubic_interpolation,0.262594,0.429563,0.990566,806,806
3,3,23799,random,none,0.80,spline_interpolation,0.262603,0.429530,0.990567,806,806
3,3,23799,random,none,0.80,moving_average,0.473387,0.851635,0.962917,806,806
3,3,23799,random,none,0.80,knn,0.239846,0.372301,0.992913,806,806
3,3,23799,random,none,0.80,knn_upgraded,0.257578,0.385995,0.992382,806,806
3,3,23799,random,none,0.80,decision_tree,0.316265,0.447848,0.989745,806,806
3,3,23799,random,none,0.80,random_forest,0.245250,0.361785,0.993308,806,806
3,3,23799,random,none,0.80,neural_net,0.375386,0.556500,0.984166,806,806
3,3,23799,random,none,0.80,adaptive_imputation,0.239846,0.372301,0.992913,806,806
4,4,31718,random,none,0.80,forward_fill,0.676228,1.120551,0.901692,806,806
4,4,31718,random,none,0.80,linear_interpolation,0.253471,0.433579,0.985282,806,806
4,4,31718,random,none,0.80,time_interpolation,0.253471,0.433579,0.985282,806,806
4,4,31718,random,none,0.80,cubic_interpolation,0.295215,0.608455,0.971014,806,806
4,4,31718,random,none,0.80,spline_interpolation,0.294767,0.607970,0.971061,806,806
4,4,31718,random,none,0.80,moving_average,0.493941,0.829851,0.946083,806,806
4,4,31718,random,none,0.80,knn,0.253471,0.433579,0.985282,806,806
4,4,31718,random,none,0.80,knn_upgraded,0.271465,0.436016,0.985116,806,806
4,4,31718,random,none,0.80,decision_tree,0.324395,0.522014,0.978665,806,806
4,4,31718,random,none,0.80,random_forest,0.264771,0.440182,0.984830,806,806
4,4,31718,random,none,0.80,neural_net,0.341869,0.541263,0.977063,806,806
4,4,31718,random,none,0.80,adaptive_imputation,0.253471,0.433579,0.985282,806,806
5,5,39637,random,none,0.80,forward_fill,0.536973,0.876291,0.962736,806,806
5,5,39637,random,none,0.80,linear_interpolation,0.208823,0.304435,0.995502,806,806
5,5,39637,random,none,0.80,time_interpolation,0.208823,0.304435,0.995502,806,806
5,5,39637,random,none,0.80,cubic_interpolation,0.237056,0.371006,0.993320,806,806
5,5,39637,random,none,0.80,spline_interpolation,0.237111,0.371011,0.993320,806,806
5,5,39637,random,none,0.80,moving_average,0.342708,0.523902,0.986680,806,806
5,5,39637,random,none,0.80,knn,0.208823,0.304435,0.995502,806,806
5,5,39637,random,none,0.80,knn_upgraded,0.219563,0.304122,0.995512,806,806
5,5,39637,random,none,0.80,decision_tree,0.275553,0.403412,0.992102,806,806
5,5,39637,random,none,0.80,random_forest,0.216253,0.310625,0.995318,806,806
5,5,39637,random,none,0.80,neural_net,0.303297,0.423738,0.991287,806,806
5,5,39637,random,none,0.80,adaptive_imputation,0.208823,0.304435,0.995502,806,806
6,6,47556,random,none,0.80,forward_fill,0.654479,1.086737,0.933396,806,806
6,6,47556,random,none,0.80,linear_interpolation,0.322359,0.663233,0.975193,806,806
6,6,47556,random,none,0.80,time_interpolation,0.322359,0.663233,0.975193,806,806
6,6,47556,random,none,0.80,cubic_interpolation,0.317107,0.738039,0.969281,806,806
6,6,47556,random,none,0.80,spline_interpolation,0.317247,0.738078,0.969278,806,806
6,6,47556,random,none,0.80,moving_average,0.448614,0.772375,0.966356,806,806
6,6,47556,random,none,0.80,knn,0.322359,0.663233,0.975193,806,806
6,6,47556,random,none,0.80,knn_upgraded,0.310500,0.631049,0.977542,806,806
6,6,47556,random,none,0.80,decision_tree,0.347501,0.668365,0.974807,806,806
6,6,47556,random,none,0.80,random_forest,0.306463,0.663394,0.975180,806,806
6,6,47556,random,none,0.80,neural_net,0.371580,0.813788,0.962652,806,806
6,6,47556,random,none,0.80,adaptive_imputation,0.322359,0.663233,0.975193,806,806
7,7,55475,random,none,0.80,forward_fill,0.421675,0.638363,0.932366,806,806
7,7,55475,random,none,0.80,linear_interpolation,0.190101,0.290476,0.985996,806,806
7,7,55475,random,none,0.80,time_interpolation,0.190101,0.290476,0.985996,806,806
7,7,55475,random,none,0.80,cubic_interpolation,0.202279,0.300245,0.985038,806,806
7,7,55475,random,none,0.80,spline_interpolation,0.202453,0.300542,0.985009,806,806
7,7,55475,random,none,0.80,moving_average,0.298110,0.446740,0.966876,806,806
7,7,55475,random,none,0.80,knn,0.190101,0.290476,0.985996,806,806
7,7,55475,random,none,0.80,knn_upgraded,0.203246,0.299142,0.985148,806,806
7,7,55475,random,none,0.80,decision_tree,0.237538,0.336985,0.981153,806,806
7,7,55475,random,none,0.80,random_forest,0.192519,0.293468,0.985706,806,806
7,7,55475,random,none,0.80,neural_net,0.244503,0.346000,0.980131,806,806
7,7,55475,random,none,0.80,adaptive_imputation,0.190101,0.290476,0.985996,806,806
8,8,63394,random,none,0.80,forward_fill,0.837184,1.357068,0.953967,806,806
8,8,63394,random,none,0.80,linear_interpolation,0.261396,0.419530,0.995601,806,806
8,8,63394,random,none,0.80,time_interpolation,0.261396,0.419530,0.995601,806,806
8,8,63394,random,none,0.80,cubic_interpolation,0.329878,0.538913,0.992741,806,806
8,8,63394,random,none,0.80,spline_interpolation,0.330002,0.538946,0.992740,806,806
8,8,63394,random,none,0.80,moving_average,0.522576,0.843371,0.982221,806,806
8,8,63394,random,none,0.80,knn,0.261396,0.419530,0.995601,806,806
8,8,63394,random,none,0.80,knn_upgraded,0.294003,0.459624,0.994720,806,806
8,8,63394,random,none,0.80,decision_tree,0.314187,0.480662,0.994225,806,806
8,8,63394,random,none,0.80,random_forest,0.284486,0.441741,0.995122,806,806
8,8,63394,random,none,0.80,neural_net,0.423400,0.644828,0.989607,806,806
8,8,63394,random,none,0.80,adaptive_imputation,0.261396,0.419530,0.995601,806,806
9,9,71313,random,none,0.80,forward_fill,0.602097,0.992639,0.920056,806,806
9,9,71313,random,none,0.80,linear_interpolation,0.189599,0.275357,0.993848,806,806
9,9,71313,random,none,0.80,time_interpolation,0.189599,0.275357,0.993848,806,806
9,9,71313,random,none,0.80,cubic_interpolation,0.258698,0.402084,0.986883,806,806
9,9,71313,random,none,0.80,spline_interpolation,0.259864,0.404959,0.986695,806,806
9,9,71313,random,none,0.80,moving_average,0.359187,0.553707,0.975125,806,806
9,9,71313,random,none,0.80,knn,0.189599,0.275357,0.993848,806,806
9,9,71313,random,none,0.80,knn_upgraded,0.215260,0.302034,0.992599,806,806
9,9,71313,random,none,0.80,decision_tree,0.272432,0.383874,0.988044,806,806
9,9,71313,random,none,0.80,random_forest,0.227760,0.311530,0.992126,806,806
9,9,71313,random,none,0.80,neural_net,0.338673,0.477840,0.981475,806,806
9,9,71313,random,none,0.80,adaptive_imputation,0.189599,0.275357,0.993848,806,806
10,10,79232,random,none,0.80,forward_fill,0.487233,0.836399,0.963318,806,806
10,10,79232,random,none,0.80,linear_interpolation,0.168439,0.261624,0.996411,806,806
10,10,79232,random,none,0.80,time_interpolation,0.168439,0.261624,0.996411,806,806
10,10,79232,random,none,0.80,cubic_interpolation,0.175152,0.262393,0.996390,806,806
10,10,79232,random,none,0.80,spline_interpolation,0.175284,0.262479,0.996387,806,806
10,10,79232,random,none,0.80,moving_average,0.318015,0.500579,0.986861,806,806
10,10,79232,random,none,0.80,knn,0.168439,0.261624,0.996411,806,806
10,10,79232,random,none,0.80,knn_upgraded,0.185097,0.271394,0.996138,806,806
10,10,79232,random,none,0.80,decision_tree,0.230718,0.331453,0.994239,806,806
10,10,79232,random,none,0.80,random_forest,0.180735,0.276158,0.996001,806,806
10,10,79232,random,none,0.80,neural_net,0.231447,0.339607,0.993952,806,806
10,10,79232,random,none,0.80,adaptive_imputation,0.168439,0.261624,0.996411,806,806
11,11,87151,random,none,0.80,forward_fill,0.667221,1.038207,0.953618,806,806
11,11,87151,random,none,0.80,linear_interpolation,0.264951,0.440421,0.991653,806,806
11,11,87151,random,none,0.80,time_interpolation,0.264951,0.440421,0.991653,806,806
11,11,87151,random,none,0.80,cubic_interpolation,0.289813,0.464337,0.990722,806,806
11,11,87151,random,none,0.80,spline_interpolation,0.289663,0.464244,0.990726,806,806
11,11,87151,random,none,0.80,moving_average,0.412053,0.552539,0.986863,806,806
11,11,87151,random,none,0.80,knn,0.264951,0.440421,0.991653,806,806
11,11,87151,random,none,0.80,knn_upgraded,0.271371,0.414557,0.992605,806,806
11,11,87151,random,none,0.80,decision_tree,0.343311,0.515843,0.988550,806,806
11,11,87151,random,none,0.80,random_forest,0.279816,0.445848,0.991446,806,806
11,11,87151,random,none,0.80,neural_net,0.401049,0.605821,0.984207,806,806
11,11,87151,random,none,0.80,adaptive_imputation,0.264951,0.440421,0.991653,806,806
12,12,95070,random,none,0.80,forward_fill,0.293784,0.465002,0.963243,806,806
12,12,95070,random,none,0.80,linear_interpolation,0.133986,0.209574,0.992534,806,806
12,12,95070,random,none,0.80,time_interpolation,0.133986,0.209574,0.992534,806,806
12,12,95070,random,none,0.80,cubic_interpolation,0.152526,0.258892,0.988606,806,806
12,12,95070,random,none,0.80,spline_interpolation,0.152539,0.258901,0.988605,806,806
12,12,95070,random,none,0.80,moving_average,0.196219,0.294933,0.985213,806,806
12,12,95070,random,none,0.80,knn,0.133986,0.209574,0.992534,806,806
12,12,95070,random,none,0.80,knn_upgraded,0.141555,0.216381,0.992041,806,806
12,12,95070,random,none,0.80,decision_tree,0.160710,0.246348,0.989684,806,806
12,12,95070,random,none,0.80,random_forest,0.137312,0.213111,0.992280,806,806
12,12,95070,random,none,0.80,neural_net,0.164602,0.232648,0.990799,806,806
12,12,95070,random,none,0.80,adaptive_imputation,0.133986,0.209574,0.992534,806,806
13,13,102989,random,none,0.80,forward_fill,0.609591,1.004582,0.908186,806,806
13,13,102989,random,none,0.80,linear_interpolation,0.234238,0.340904,0.989427,806,806
13,13,102989,random,none,0.80,time_interpolation,0.234238,0.340904,0.989427,806,806
13,13,102989,random,none,0.80,cubic_interpolation,0.262525,0.394167,0.985865,806,806
13,13,102989,random,none,0.80,spline_interpolation,0.261656,0.393588,0.985906,806,806
13,13,102989,random,none,0.80,moving_average,0.399921,0.676640,0.958346,806,806
13,13,102989,random,none,0.80,knn,0.234238,0.340904,0.989427,806,806
13,13,102989,random,none,0.80,knn_upgraded,0.252414,0.364747,0.987896,806,806
13,13,102989,random,none,0.80,decision_tree,0.295130,0.402595,0.985254,806,806
13,13,102989,random,none,0.80,random_forest,0.241396,0.348005,0.988982,806,806
13,13,102989,random,none,0.80,neural_net,0.323876,0.442513,0.982185,806,806
13,13,102989,random,none,0.80,adaptive_imputation,0.234238,0.340904,0.989427,806,806
14,14,110908,random,none,0.80,forward_fill,0.273759,0.487020,0.931754,806,806
14,14,110908,random,none,0.80,linear_interpolation,0.113983,0.184214,0.990236,806,806
14,14,110908,random,none,0.80,time_interpolation,0.113983,0.184214,0.990236,806,806
14,14,110908,random,none,0.80,cubic_interpolation,0.156841,0.309069,0.972515,806,806
14,14,110908,random,none,0.80,spline_interpolation,0.157129,0.309352,0.972465,806,806
14,14,110908,random,none,0.80,moving_average,0.183485,0.309691,0.972404,806,806
14,14,110908,random,none,0.80,knn,0.113983,0.184214,0.990236,806,806
14,14,110908,random,none,0.80,knn_upgraded,0.148328,0.216838,0.986471,806,806
14,14,110908,random,none,0.80,decision_tree,0.131674,0.211538,0.987125,806,806
14,14,110908,random,none,0.80,random_forest,0.118223,0.187580,0.989876,806,806
14,14,110908,random,none,0.80,neural_net,0.166701,0.260067,0.980539,806,806
14,14,110908,random,none,0.80,adaptive_imputation,0.113983,0.184214,0.990236,806,806
15,15,118827,random,none,0.80,forward_fill,1.088387,1.980693,0.877793,806,806
15,15,118827,random,none,0.80,linear_interpolation,0.258614,0.431387,0.994203,806,806
15,15,118827,random,none,0.80,time_interpolation,0.258614,0.431387,0.994203,806,806
15,15,118827,random,none,0.80,cubic_interpolation,0.238315,0.362389,0.995909,806,806
15,15,118827,random,none,0.80,spline_interpolation,0.238449,0.362411,0.995909,806,806
15,15,118827,random,none,0.80,moving_average,0.674787,1.321055,0.945637,806,806
15,15,118827,random,none,0.80,knn,0.258614,0.431387,0.994203,806,806
15,15,118827,random,none,0.80,knn_upgraded,0.267026,0.434144,0.994129,806,806
15,15,118827,random,none,0.80,decision_tree,0.318585,0.461902,0.993354,806,806
15,15,118827,random,none,0.80,random_forest,0.249229,0.395656,0.995124,806,806
15,15,118827,random,none,0.80,neural_net,0.284633,0.381430,0.995468,806,806
15,15,118827,random,none,0.80,adaptive_imputation,0.258614,0.431387,0.994203,806,806
16,16,126746,random,none,0.80,forward_fill,0.533052,0.853442,0.901218,806,806
16,16,126746,random,none,0.80,linear_interpolation,0.267934,0.448593,0.972708,806,806
16,16,126746,random,none,0.80,time_interpolation,0.267934,0.448593,0.972708,806,806
16,16,126746,random,none,0.80,cubic_interpolation,0.261911,0.466447,0.970492,806,806
16,16,126746,random,none,0.80,spline_interpolation,0.262497,0.467078,0.970412,806,806
16,16,126746,random,none,0.80,moving_average,0.378903,0.559897,0.957485,806,806
16,16,126746,random,none,0.80,knn,0.267934,0.448593,0.972708,806,806
16,16,126746,random,none,0.80,knn_upgraded,0.269694,0.430233,0.974896,806,806
16,16,126746,random,none,0.80,decision_tree,0.297483,0.447620,0.972826,806,806
16,16,126746,random,none,0.80,random_forest,0.268353,0.416252,0.976501,806,806
16,16,126746,random,none,0.80,neural_net,0.377643,0.599518,0.951254,806,806
16,16,126746,random,none,0.80,adaptive_imputation,0.267934,0.448593,0.972708,806,806
17,17,134665,random,none,0.80,forward_fill,0.413015,0.623859,0.980135,806,806
17,17,134665,random,none,0.80,linear_interpolation,0.158141,0.250816,0.996789,806,806
17,17,134665,random,none,0.80,time_interpolation,0.158141,0.250816,0.996789,806,806
17,17,134665,random,none,0.80,cubic_interpolation,0.190800,0.299859,0.995411,806,806
17,17,134665,random,none,0.80,spline_interpolation,0.191358,0.300165,0.995401,806,806
17,17,134665,random,none,0.80,moving_average,0.286677,0.440404,0.990100,806,806
17,17,134665,random,none,0.80,knn,0.158141,0.250816,0.996789,806,806
17,17,134665,random,none,0.80,knn_upgraded,0.177143,0.281667,0.995951,806,806
17,17,134665,random,none,0.80,decision_tree,0.212179,0.316931,0.994873,806,806
17,17,134665,random,none,0.80,random_forest,0.164019,0.261974,0.996497,806,806
17,17,134665,random,none,0.80,neural_net,0.224704,0.317780,0.994846,806,806
17,17,134665,random,none,0.80,adaptive_imputation,0.158141,0.250816,0.996789,806,806
18,18,142584,random,none,0.80,forward_fill,0.826725,1.251092,0.869386,806,806
18,18,142584,random,none,0.80,linear_interpolation,0.257149,0.391614,0.987202,806,806
18,18,142584,random,none,0.80,time_interpolation,0.257149,0.391614,0.987202,806,806
18,18,142584,random,none,0.80,cubic_interpolation,0.309822,0.579347,0.971992,806,806
18,18,142584,random,none,0.80,spline_interpolation,0.309619,0.579244,0.972002,806,806
18,18,142584,random,none,0.80,moving_average,0.527884,0.799547,0.946654,806,806
18,18,142584,random,none,0.80,knn,0.257149,0.391614,0.987202,806,806
18,18,142584,random,none,0.80,knn_upgraded,0.280149,0.412604,0.985794,806,806
18,18,142584,random,none,0.80,decision_tree,0.299192,0.413872,0.985706,806,806
18,18,142584,random,none,0.80,random_forest,0.257305,0.375813,0.988214,806,806
18,18,142584,random,none,0.80,neural_net,0.345535,0.502403,0.978937,806,806
18,18,142584,random,none,0.80,adaptive_imputation,0.257149,0.391614,0.987202,806,806
19,19,150503,random,none,0.80,forward_fill,0.341774,0.605535,0.980344,806,806
19,19,150503,random,none,0.80,linear_interpolation,0.120166,0.190753,0.998049,806,806
19,19,150503,random,none,0.80,time_interpolation,0.120166,0.190753,0.998049,806,806
19,19,150503,random,none,0.80,cubic_interpolation,0.140666,0.233925,0.997067,806,806
19,19,150503,random,none,0.80,spline_interpolation,0.141131,0.234590,0.997050,806,806
19,19,150503,random,none,0.80,moving_average,0.215841,0.336596,0.993927,806,806
19,19,150503,random,none,0.80,knn,0.120166,0.190753,0.998049,806,806
19,19,150503,random,none,0.80,knn_upgraded,0.138491,0.206371,0.997717,806,806
19,19,150503,random,none,0.80,decision_tree,0.177725,0.272723,0.996013,806,806
19,19,150503,random,none,0.80,random_forest,0.130346,0.195545,0.997950,806,806
19,19,150503,random,none,0.80,neural_net,0.184065,0.276549,0.995900,806,806
19,19,150503,random,none,0.80,adaptive_imputation,0.120166,0.190753,0.998049,806,806
0,0,42,block,none,0.10,forward_fill,1.543465,1.708428,-4.440913,101,101
0,0,42,block,none,0.10,linear_interpolation,1.028467,1.188035,-1.631096,101,101
0,0,42,block,none,0.10,time_interpolation,1.028467,1.188035,-1.631096,101,101
0,0,42,block,none,0.10,cubic_interpolation,1.160414,1.397769,-2.642077,101,101
0,0,42,block,none,0.10,spline_interpolation,1.160414,1.397769,-2.642077,101,101
0,0,42,block,none,0.10,moving_average,1.488393,1.677436,-4.245300,101,101
0,0,42,block,none,0.10,knn,1.028467,1.188035,-1.631096,101,101
0,0,42,block,none,0.10,knn_upgraded,1.038727,1.196613,-1.669231,101,101
0,0,42,block,none,0.10,decision_tree,1.026769,1.185414,-1.619499,101,101
0,0,42,block,none,0.10,random_forest,1.014457,1.173858,-1.568676,101,101
0,0,42,block,none,0.10,neural_net,1.024900,1.171043,-1.556372,101,101
0,0,42,block,none,0.10,adaptive_imputation,1.028467,1.188035,-1.631096,101,101
1,1,7961,block,none,0.10,forward_fill,1.605545,2.045701,-0.120673,101,101
1,1,7961,block,none,0.10,linear_interpolation,2.062772,2.341501,-0.468194,101,101
1,1,7961,block,none,0.10,time_interpolation,2.062772,2.341501,-0.468194,101,101
1,1,7961,block,none,0.10,cubic_interpolation,0.657268,1.065819,0.695798,101,101
1,1,7961,block,none,0.10,spline_interpolation,0.657268,1.065819,0.695798,101,101
1,1,7961,block,none,0.10,moving_average,1.385825,1.699475,0.226564,101,101
1,1,7961,block,none,0.10,knn,2.062772,2.341501,-0.468194,101,101
1,1,7961,block,none,0.10,knn_upgraded,2.037856,2.315848,-0.436200,101,101
1,1,7961,block,none,0.10,decision_tree,1.941273,2.222637,-0.322915,101,101
1,1,7961,block,none,0.10,random_forest,2.036690,2.319534,-0.440775,101,101
1,1,7961,block,none,0.10,neural_net,2.013333,2.296082,-0.411789,101,101
1,1,7961,block,none,0.10,adaptive_imputation,2.062772,2.341501,-0.468194,101,101
2,2,15880,block,none,0.10,forward_fill,2.247327,2.605368,-2.906808,101,101
2,2,15880,block,none,0.10,linear_interpolation,1.876686,2.368120,-2.227686,101,101
2,2,15880,block,none,0.10,time_interpolation,1.876686,2.368120,-2.227686,101,101
2,2,15880,block,none,0.10,cubic_interpolation,5.130844,5.922563,-19.188464,101,101
2,2,15880,block,none,0.10,spline_interpolation,5.130844,5.922563,-19.188464,101,101
2,2,15880,block,none,0.10,moving_average,2.243899,2.623894,-2.962566,101,101
2,2,15880,block,none,0.10,knn,1.876686,2.368120,-2.227686,101,101
2,2,15880,block,none,0.10,knn_upgraded,1.799663,2.291125,-2.021214,101,101
2,2,15880,block,none,0.10,decision_tree,1.877255,2.368820,-2.229594,101,101
2,2,15880,block,none,0.10,random_forest,1.836704,2.315033,-2.084596,101,101
2,2,15880,block,none,0.10,neural_net,1.670101,2.088797,-1.511171,101,101
2,2,15880,block,none,0.10,adaptive_imputation,1.876686,2.368120,-2.227686,101,101
3,3,23799,block,none,0.10,forward_fill,0.622376,0.743440,-0.049454,101,101
3,3,23799,block,none,0.10,linear_interpolation,0.668745,0.821379,-0.281030,101,101
3,3,23799,block,none,0.10,time_interpolation,0.668745,0.821379,-0.281030,101,101
3,3,23799,block,none,0.10,cubic_interpolation,2.534887,3.155980,-17.912125,101,101
3,3,23799,block,none,0.10,spline_interpolation,2.534887,3.155980,-17.912125,101,101
3,3,23799,block,none,0.10,moving_average,0.581719,0.720175,0.015199,101,101
3,3,23799,block,none,0.10,knn,0.668745,0.821379,-0.281030,101,101
3,3,23799,block,none,0.10,knn_upgraded,0.678326,0.835530,-0.325549,101,101
3,3,23799,block,none,0.10,decision_tree,0.667993,0.820598,-0.278593,101,101
3,3,23799,block,none,0.10,random_forest,0.677398,0.831199,-0.311843,101,101
3,3,23799,block,none,0.10,neural_net,0.692322,0.859890,-0.403969,101,101
3,3,23799,block,none,0.10,adaptive_imputation,0.668745,0.821379,-0.281030,101,101
4,4,31718,block,none,0.10,forward_fill,7.377327,8.262939,-3.918880,101,101
4,4,31718,block,none,0.10,linear_interpolation,2.614177,2.916395,0.387241,101,101
4,4,31718,block,none,0.10,time_interpolation,2.614177,2.916395,0.387241,101,101
4,4,31718,block,none,0.10,cubic_interpolation,1.115335,1.279993,0.881965,101,101
4,4,31718,block,none,0.10,spline_interpolation,1.115335,1.279993,0.881965,101,101
4,4,31718,block,none,0.10,moving_average,6.833366,7.853610,-3.443608,101,101
4,4,31718,block,none,0.10,knn,2.614177,2.916395,0.387241,101,101
4,4,31718,block,none,0.10,knn_upgraded,2.574333,2.876353,0.403952,101,101
4,4,31718,block,none,0.10,decision_tree,2.403393,2.704990,0.472857,101,101
4,4,31718,block,none,0.10,random_forest,2.509126,2.800583,0.434941,101,101
4,4,31718,block,none,0.10,neural_net,2.602512,2.900266,0.394000,101,101
4,4,31718,block,none,0.10,adaptive_imputation,2.614177,2.916395,0.387241,101,101
5,5,39637,block,none,0.10,forward_fill,0.730594,1.125978,-0.040101,101,101
5,5,39637,block,none,0.10,linear_interpolation,1.786089,2.309857,-3.377091,101,101
5,5,39637,block,none,0.10,time_interpolation,1.786089,2.309857,-3.377091,101,101
5,5,39637,block,none,0.10,cubic_interpolation,2.100220,2.881617,-5.812210,101,101
5,5,39637,block,none,0.10,spline_interpolation,2.100220,2.881617,-5.812210,101,101
5,5,39637,block,none,0.10,moving_average,0.641360,0.989511,0.196740,101,101
5,5,39637,block,none,0.10,knn,1.786089,2.309857,-3.377091,101,101
5,5,39637,block,none,0.10,knn_upgraded,1.788417,2.313809,-3.392084,101,101
5,5,39637,block,none,0.10,decision_tree,1.848000,2.385750,-3.669443,101,101
5,5,39637,block,none,0.10,random_forest,1.795237,2.324505,-3.432781,101,101
5,5,39637,block,none,0.10,neural_net,1.783974,2.324761,-3.433758,101,101
5,5,39637,block,none,0.10,adaptive_imputation,1.786089,2.309857,-3.377091,101,101
6,6,47556,block,none,0.10,forward_fill,3.028515,3.620889,-1.509105,101,101
6,6,47556,block,none,0.10,linear_interpolation,1.097476,1.187158,0.730285,101,101
6,6,47556,block,none,0.10,time_interpolation,1.097476,1.187158,0.730285,101,101
6,6,47556,block,none,0.10,cubic_interpolation,0.590796,0.788272,0.881084,101,101
6,6,47556,block,none,0.10,spline_interpolation,0.590796,0.788272,0.881084,101,101
6,6,47556,block,none,0.10,moving_average,2.754921,3.415485,-1.232508,101,101
6,6,47556,block,none,0.10,knn,1.097476,1.187158,0.730285,101,101
6,6,47556,block,none,0.10,knn_upgraded,1.076502,1.166758,0.739474,101,101
6,6,47556,block,none,0.10,decision_tree,1.080777,1.178797,0.734070,101,101
6,6,47556,block,none,0.10,random_forest,1.092097,1.182676,0.732318,101,101
6,6,47556,block,none,0.10,neural_net,1.023124,1.129106,0.756018,101,101
6,6,47556,block,none,0.10,adaptive_imputation,1.097476,1.187158,0.730285,101,101
7,7,55475,block,none,0.10,forward_fill,1.703069,2.075406,-0.036182,101,101
7,7,55475,block,none,0.10,linear_interpolation,1.350067,1.705110,0.300586,101,101
7,7,55475,block,none,0.10,time_interpolation,1.350067,1.705110,0.300586,101,101
7,7,55475,block,none,0.10,cubic_interpolation,0.696446,0.880561,0.813470,101,101
7,7,55475,block,none,0.10,spline_interpolation,0.696446,0.880561,0.813470,101,101
7,7,55475,block,none,0.10,moving_average,1.557979,1.956776,0.078889,101,101
7,7,55475,block,none,0.10,knn,1.350067,1.705110,0.300586,101,101
7,7,55475,block,none,0.10,knn_upgraded,1.335481,1.693848,0.309794,101,101
7,7,55475,block,none,0.10,decision_tree,1.350320,1.704705,0.300918,101,101
7,7,55475,block,none,0.10,random_forest,1.330076,1.685247,0.316785,101,101
7,7,55475,block,none,0.10,neural_net,1.314781,1.666940,0.331549,101,101
7,7,55475,block,none,0.10,adaptive_imputation,1.350067,1.705110,0.300586,101,101
8,8,63394,block,none,0.10,forward_fill,2.926436,3.546645,-0.034363,101,101
8,8,63394,block,none,0.10,linear_interpolation,2.950838,3.600827,-0.066208,101,101
8,8,63394,block,none,0.10,time_interpolation,2.950838,3.600827,-0.066208,101,101
8,8,63394,block,none,0.10,cubic_interpolation,6.807958,8.924439,-5.549368,101,101
8,8,63394,block,none,0.10,spline_interpolation,6.807958,8.924439,-5.549368,101,101
8,8,63394,block,none,0.10,moving_average,2.941416,3.549253,-0.035885,101,101
8,8,63394,block,none,0.10,knn,2.950838,3.600827,-0.066208,101,101
8,8,63394,block,none,0.10,knn_upgraded,2.947830,3.615411,-0.074862,101,101
8,8,63394,block,none,0.10,decision_tree,2.953384,3.597598,-0.064297,101,101
8,8,63394,block,none,0.10,random_forest,2.952813,3.610754,-0.072095,101,101
8,8,63394,block,none,0.10,neural_net,2.985510,3.639405,-0.089176,101,101
8,8,63394,block,none,0.10,adaptive_imputation,2.950838,3.600827,-0.066208,101,101
9,9,71313,block,none,0.10,forward_fill,2.779505,3.208844,-0.030380,101,101
9,9,71313,block,none,0.10,linear_interpolation,3.744310,4.515604,-1.040478,101,101
9,9,71313,block,none,0.10,time_interpolation,3.744310,4.515604,-1.040478,101,101
9,9,71313,block,none,0.10,cubic_interpolation,2.714816,3.500816,-0.226419,101,101
9,9,71313,block,none,0.10,spline_interpolation,2.714816,3.500816,-0.226419,101,101
9,9,71313,block,none,0.10,moving_average,2.453452,2.855147,0.184250,101,101
9,9,71313,block,none,0.10,knn,3.744310,4.515604,-1.040478,101,101
9,9,71313,block,none,0.10,knn_upgraded,3.729725,4.496513,-1.023261,101,101
9,9,71313,block,none,0.10,decision_tree,3.745658,4.516765,-1.041528,101,101
9,9,71313,block,none,0.10,random_forest,3.754534,4.524831,-1.048825,101,101
9,9,71313,block,none,0.10,neural_net,3.737746,4.518671,-1.043251,101,101
9,9,71313,block,none,0.10,adaptive_imputation,3.744310,4.515604,-1.040478,101,101
10,10,79232,block,none,0.10,forward_fill,6.893168,7.305383,-8.118397,101,101
10,10,79232,block,none,0.10,linear_interpolation,4.183230,5.029772,-3.322442,101,101
10,10,79232,block,none,0.10,time_interpolation,4.183230,5.029772,-3.322442,101,101
10,10,79232,block,none,0.10,cubic_interpolation,2.729527,3.604499,-1.219843,101,101
10,10,79232,block,none,0.10,spline_interpolation,2.729527,3.604499,-1.219843,101,101
10,10,79232,block,none,0.10,moving_average,6.582041,7.184411,-7.818908,101,101
10,10,79232,block,none,0.10,knn,4.183230,5.029772,-3.322442,101,101
10,10,79232,block,none,0.10,knn_upgraded,4.164019,5.012183,-3.292264,101,101
10,10,79232,block,none,0.10,decision_tree,4.183241,5.029479,-3.321938,101,101
10,10,79232,block,none,0.10,random_forest,4.180239,5.023588,-3.311820,101,101
10,10,79232,block,none,0.10,neural_net,4.182012,5.031614,-3.325608,101,101
10,10,79232,block,none,0.10,adaptive_imputation,4.183230,5.029772,-3.322442,101,101
11,11,87151,block,none,0.10,forward_fill,6.746040,8.133170,-0.785928,101,101
11,11,87151,block,none,0.10,linear_interpolation,3.312432,3.587911,0.652442,101,101
11,11,87151,block,none,0.10,time_interpolation,3.312432,3.587911,0.652442,101,101
11,11,87151,block,none,0.10,cubic_interpolation,2.292476,2.563984,0.822510,101,101
11,11,87151,block,none,0.10,spline_interpolation,2.292476,2.563984,0.822510,101,101
11,11,87151,block,none,0.10,moving_average,6.147185,7.657597,-0.583176,101,101
11,11,87151,block,none,0.10,knn,3.312432,3.587911,0.652442,101,101
11,11,87151,block,none,0.10,knn_upgraded,3.298222,3.577921,0.654375,101,101
11,11,87151,block,none,0.10,decision_tree,3.248981,3.505398,0.668244,101,101
11,11,87151,block,none,0.10,random_forest,3.308434,3.582774,0.653436,101,101
11,11,87151,block,none,0.10,neural_net,3.187218,3.468876,0.675121,101,101
11,11,87151,block,none,0.10,adaptive_imputation,3.312432,3.587911,0.652442,101,101
12,12,95070,block,none,0.10,forward_fill,2.354950,2.708061,-3.102011,101,101
12,12,95070,block,none,0.10,linear_interpolation,0.281878,0.364017,0.925882,101,101
12,12,95070,block,none,0.10,time_interpolation,0.281878,0.364017,0.925882,101,101
12,12,95070,block,none,0.10,cubic_interpolation,0.731729,0.879054,0.567774,101,101
12,12,95070,block,none,0.10,spline_interpolation,0.731729,0.879054,0.567774,101,101
12,12,95070,block,none,0.10,moving_average,2.121810,2.518110,-2.546739,101,101
12,12,95070,block,none,0.10,knn,0.281878,0.364017,0.925882,101,101
12,12,95070,block,none,0.10,knn_upgraded,0.283020,0.365087,0.925446,101,101
12,12,95070,block,none,0.10,decision_tree,0.281729,0.363860,0.925946,101,101
12,12,95070,block,none,0.10,random_forest,0.275188,0.355512,0.929305,101,101
12,12,95070,block,none,0.10,neural_net,0.285509,0.368795,0.923924,101,101
12,12,95070,block,none,0.10,adaptive_imputation,0.281878,0.364017,0.925882,101,101
13,13,102989,block,none,0.10,forward_fill,5.802079,7.351660,-1.449059,101,101
13,13,102989,block,none,0.10,linear_interpolation,2.234243,2.547958,0.705820,101,101
13,13,102989,block,none,0.10,time_interpolation,2.234243,2.547958,0.705820,101,101
13,13,102989,block,none,0.10,cubic_interpolation,2.236609,2.648677,0.682103,101,101
13,13,102989,block,none,0.10,spline_interpolation,2.236609,2.648677,0.682103,101,101
13,13,102989,block,none,0.10,moving_average,5.259876,6.921327,-1.170737,101,101
13,13,102989,block,none,0.10,knn,2.234243,2.547958,0.705820,101,101
13,13,102989,block,none,0.10,knn_upgraded,2.221563,2.538989,0.707888,101,101
13,13,102989,block,none,0.10,decision_tree,2.178710,2.485728,0.720014,101,101
13,13,102989,block,none,0.10,random_forest,2.219063,2.540674,0.707500,101,101
13,13,102989,block,none,0.10,neural_net,2.167876,2.487729,0.719564,101,101
13,13,102989,block,none,0.10,adaptive_imputation,2.234243,2.547958,0.705820,101,101
14,14,110908,block,none,0.10,forward_fill,3.469703,4.133939,-2.372632,101,101
14,14,110908,block,none,0.10,linear_interpolation,2.892091,3.685465,-1.680559,101,101
14,14,110908,block,none,0.10,time_interpolation,2.892091,3.685465,-1.680559,101,101
14,14,110908,block,none,0.10,cubic_interpolation,2.194177,3.066512,-0.855795,101,101
14,14,110908,block,none,0.10,spline_interpolation,2.194177,3.066512,-0.855795,101,101
14,14,110908,block,none,0.10,moving_average,3.410393,4.120307,-2.350426,101,101
14,14,110908,block,none,0.10,knn,2.892091,3.685465,-1.680559,101,101
14,14,110908,block,none,0.10,knn_upgraded,2.884915,3.681995,-1.675514,101,101
14,14,110908,block,none,0.10,decision_tree,2.826688,3.626202,-1.595044,101,101
14,14,110908,block,none,0.10,random_forest,2.885825,3.684562,-1.679246,101,101
14,14,110908,block,none,0.10,neural_net,2.884862,3.709023,-1.714938,101,101
14,14,110908,block,none,0.10,adaptive_imputation,2.892091,3.685465,-1.680559,101,101
15,15,118827,block,none,0.10,forward_fill,4.669901,6.205114,-0.821486,101,101
15,15,118827,block,none,0.10,linear_interpolation,1.959898,2.178207,0.775547,101,101
15,15,118827,block,none,0.10,time_interpolation,1.959898,2.178207,0.775547,101,101
15,15,118827,block,none,0.10,cubic_interpolation,1.867129,2.232751,0.764166,101,101
15,15,118827,block,none,0.10,spline_interpolation,1.867129,2.232751,0.764166,101,101
15,15,118827,block,none,0.10,moving_average,4.097168,5.609453,-0.488563,101,101
15,15,118827,block,none,0.10,knn,1.959898,2.178207,0.775547,101,101
15,15,118827,block,none,0.10,knn_upgraded,1.923820,2.138150,0.783727,101,101
15,15,118827,block,none,0.10,decision_tree,1.776981,2.001204,0.810544,101,101
15,15,118827,block,none,0.10,random_forest,1.953202,2.168540,0.777535,101,101
15,15,118827,block,none,0.10,neural_net,1.789612,2.006248,0.809588,101,101
15,15,118827,block,none,0.10,adaptive_imputation,1.959898,2.178207,0.775547,101,101
16,16,126746,block,none,0.10,forward_fill,1.955941,2.164218,-0.030274,101,101
16,16,126746,block,none,0.10,linear_interpolation,2.429595,2.835893,-0.769012,101,101
16,16,126746,block,none,0.10,time_interpolation,2.429595,2.835893,-0.769012,101,101
16,16,126746,block,none,0.10,cubic_interpolation,1.258956,1.515628,0.494715,101,101
16,16,126746,block,none,0.10,spline_interpolation,1.258956,1.515628,0.494715,101,101
16,16,126746,block,none,0.10,moving_average,1.719997,1.912608,0.195358,101,101
16,16,126746,block,none,0.10,knn,2.429595,2.835893,-0.769012,101,101
16,16,126746,block,none,0.10,knn_upgraded,2.422194,2.820817,-0.750253,101,101
16,16,126746,block,none,0.10,decision_tree,2.413330,2.831026,-0.762945,101,101
16,16,126746,block,none,0.10,random_forest,2.393308,2.800650,-0.725316,101,101
16,16,126746,block,none,0.10,neural_net,2.433931,2.844985,-0.780373,101,101
16,16,126746,block,none,0.10,adaptive_imputation,2.429595,2.835893,-0.769012,101,101
17,17,134665,block,none,0.10,forward_fill,3.539109,4.001776,-2.911685,101,101
17,17,134665,block,none,0.10,linear_interpolation,0.631269,0.765377,0.856910,101,101
17,17,134665,block,none,0.10,time_interpolation,0.631269,0.765377,0.856910,101,101
17,17,134665,block,none,0.10,cubic_interpolation,4.416671,4.806735,-4.643631,101,101
17,17,134665,block,none,0.10,spline_interpolation,4.416671,4.806735,-4.643631,101,101
17,17,134665,block,none,0.10,moving_average,3.234536,3.760648,-2.454487,101,101
17,17,134665,block,none,0.10,knn,0.631269,0.765377,0.856910,101,101
17,17,134665,block,none,0.10,knn_upgraded,0.657570,0.787282,0.848602,101,101
17,17,134665,block,none,0.10,decision_tree,0.705938,0.830604,0.831482,101,101
17,17,134665,block,none,0.10,random_forest,0.642982,0.775963,0.852925,101,101
17,17,134665,block,none,0.10,neural_net,0.649236,0.782791,0.850325,101,101
17,17,134665,block,none,0.10,adaptive_imputation,0.631269,0.765377,0.856910,101,101
18,18,142584,block,none,0.10,forward_fill,8.218515,8.699457,-8.301288,101,101
18,18,142584,block,none,0.10,linear_interpolation,5.788620,6.317802,-3.905585,101,101
18,18,142584,block,none,0.10,time_interpolation,5.788620,6.317802,-3.905585,101,101
18,18,142584,block,none,0.10,cubic_interpolation,2.762249,3.171221,-0.235981,101,101
18,18,142584,block,none,0.10,spline_interpolation,2.762249,3.171221,-0.235981,101,101
18,18,142584,block,none,0.10,moving_average,7.964388,8.591956,-8.072831,101,101
18,18,142584,block,none,0.10,knn,5.788620,6.317802,-3.905585,101,101
18,18,142584,block,none,0.10,knn_upgraded,5.700672,6.235569,-3.778712,101,101
18,18,142584,block,none,0.10,decision_tree,5.782281,6.312249,-3.896966,101,101
18,18,142584,block,none,0.10,random_forest,5.712259,6.255480,-3.809280,101,101
18,18,142584,block,none,0.10,neural_net,5.735953,6.278547,-3.844814,101,101
18,18,142584,block,none,0.10,adaptive_imputation,5.788620,6.317802,-3.905585,101,101
19,19,150503,block,none,0.10,forward_fill,0.408911,0.633014,-0.336482,101,101
19,19,150503,block,none,0.10,linear_interpolation,0.445962,0.534572,0.046879,101,101
19,19,150503,block,none,0.10,time_interpolation,0.445962,0.534572,0.046879,101,101
19,19,150503,block,none,0.10,cubic_interpolation,0.318771,0.397150,0.473927,101,101
19,19,150503,block,none,0.10,spline_interpolation,0.318771,0.397150,0.473927,101,101
19,19,150503,block,none,0.10,moving_average,0.325307,0.521814,0.091829,101,101
19,19,150503,block,none,0.10,knn,0.445962,0.534572,0.046879,101,101
19,19,150503,block,none,0.10,knn_upgraded,0.444977,0.534236,0.048076,101,101
19,19,150503,block,none,0.10,decision_tree,0.446225,0.534903,0.045698,101,101
19,19,150503,block,none,0.10,random_forest,0.443636,0.533422,0.050975,101,101
19,19,150503,block,none,0.10,neural_net,0.458149,0.552437,-0.017893,101,101
19,19,150503,block,none,0.10,adaptive_imputation,0.445962,0.534572,0.046879,101,101
0,0,42,block,none,0.20,forward_fill,1.605396,1.833026,-3.292882,202,202
0,0,42,block,none,0.20,linear_interpolation,1.476546,1.696833,-2.678662,202,202
0,0,42,block,none,0.20,time_interpolation,1.476546,1.696833,-2.678662,202,202
0,0,42,block,none,0.20,cubic_interpolation,4.244165,5.098265,-32.209065,202,202
0,0,42,block,none,0.20,spline_interpolation,4.244165,5.098265,-32.209065,202,202
0,0,42,block,none,0.20,moving_average,1.599031,1.830842,-3.282661,202,202
0,0,42,block,none,0.20,knn,1.476546,1.696833,-2.678662,202,202
0,0,42,block,none,0.20,knn_upgraded,1.487711,1.705668,-2.717072,202,202
0,0,42,block,none,0.20,decision_tree,1.476108,1.695674,-2.673640,202,202
0,0,42,block,none,0.20,random_forest,1.476287,1.696057,-2.675297,202,202
0,0,42,block,none,0.20,neural_net,1.478007,1.746606,-2.897641,202,202
0,0,42,block,none,0.20,adaptive_imputation,1.476546,1.696833,-2.678662,202,202
1,1,7961,block,none,0.20,forward_fill,2.109455,2.513390,-0.082004,202,202
1,1,7961,block,none,0.20,linear_interpolation,2.213484,2.692686,-0.241883,202,202
1,1,7961,block,none,0.20,time_interpolation,2.213484,2.692686,-0.241883,202,202
1,1,7961,block,none,0.20,cubic_interpolation,7.455846,9.180293,-13.435181,202,202
1,1,7961,block,none,0.20,spline_interpolation,7.455846,9.180293,-13.435181,202,202
1,1,7961,block,none,0.20,moving_average,2.133629,2.519649,-0.087400,202,202
1,1,7961,block,none,0.20,knn,2.213484,2.692686,-0.241883,202,202
1,1,7961,block,none,0.20,knn_upgraded,2.191530,2.661518,-0.213299,202,202
1,1,7961,block,none,0.20,decision_tree,2.213187,2.692204,-0.241438,202,202
1,1,7961,block,none,0.20,random_forest,2.209281,2.680603,-0.230762,202,202
1,1,7961,block,none,0.20,neural_net,2.164067,2.619327,-0.175137,202,202
1,1,7961,block,none,0.20,adaptive_imputation,2.213484,2.692686,-0.241883,202,202
2,2,15880,block,none,0.20,forward_fill,1.969604,2.469348,-0.830283,202,202
2,2,15880,block,none,0.20,linear_interpolation,1.379316,1.886592,-0.068341,202,202
2,2,15880,block,none,0.20,time_interpolation,1.379316,1.886592,-0.068341,202,202
2,2,15880,block,none,0.20,cubic_interpolation,1.667307,1.883727,-0.065098,202,202
2,2,15880,block,none,0.20,spline_interpolation,1.667307,1.883727,-0.065098,202,202
2,2,15880,block,none,0.20,moving_average,1.915802,2.441472,-0.789194,202,202
2,2,15880,block,none,0.20,knn,1.379316,1.886592,-0.068341,202,202
2,2,15880,block,none,0.20,knn_upgraded,1.378180,1.883344,-0.064666,202,202
2,2,15880,block,none,0.20,decision_tree,1.376514,1.883883,-0.065275,202,202
2,2,15880,block,none,0.20,random_forest,1.371826,1.874951,-0.055197,202,202
2,2,15880,block,none,0.20,neural_net,1.386951,1.893532,-0.076215,202,202
2,2,15880,block,none,0.20,adaptive_imputation,1.379316,1.886592,-0.068341,202,202
3,3,23799,block,none,0.20,forward_fill,2.432822,2.710735,-4.130082,202,202
3,3,23799,block,none,0.20,linear_interpolation,1.890492,2.245698,-2.520893,202,202
3,3,23799,block,none,0.20,time_interpolation,1.890492,2.245698,-2.520893,202,202
3,3,23799,block,none,0.20,cubic_interpolation,1.941715,2.254386,-2.548191,202,202
3,3,23799,block,none,0.20,spline_interpolation,1.941715,2.254386,-2.548191,202,202
3,3,23799,block,none,0.20,moving_average,2.298193,2.517372,-3.424306,202,202
3,3,23799,block,none,0.20,knn,1.890492,2.245698,-2.520893,202,202
3,3,23799,block,none,0.20,knn_upgraded,1.885994,2.235478,-2.488920,202,202
3,3,23799,block,none,0.20,decision_tree,1.877932,2.226423,-2.460712,202,202
3,3,23799,block,none,0.20,random_forest,1.890704,2.240721,-2.505305,202,202
3,3,23799,block,none,0.20,neural_net,1.900432,2.247418,-2.526290,202,202
3,3,23799,block,none,0.20,adaptive_imputation,1.890492,2.245698,-2.520893,202,202
4,4,31718,block,none,0.20,forward_fill,6.974851,8.118288,-2.750861,202,202
4,4,31718,block,none,0.20,linear_interpolation,3.928868,4.903267,-0.368274,202,202
4,4,31718,block,none,0.20,time_interpolation,3.928868,4.903267,-0.368274,202,202
4,4,31718,block,none,0.20,cubic_interpolation,8.712152,10.050165,-4.748421,202,202
4,4,31718,block,none,0.20,spline_interpolation,8.712152,10.050165,-4.748421,202,202
4,4,31718,block,none,0.20,moving_average,6.598253,7.778656,-2.443589,202,202
4,4,31718,block,none,0.20,knn,3.928868,4.903267,-0.368274,202,202
4,4,31718,block,none,0.20,knn_upgraded,3.903682,4.882322,-0.356610,202,202
4,4,31718,block,none,0.20,decision_tree,3.929591,4.904307,-0.368855,202,202
4,4,31718,block,none,0.20,random_forest,3.934470,4.912273,-0.373306,202,202
4,4,31718,block,none,0.20,neural_net,3.971769,5.003890,-0.425009,202,202
4,4,31718,block,none,0.20,adaptive_imputation,3.928868,4.903267,-0.368274,202,202
5,5,39637,block,none,0.20,forward_fill,2.848911,3.977202,-0.162737,202,202
5,5,39637,block,none,0.20,linear_interpolation,3.098633,3.856139,-0.093028,202,202
5,5,39637,block,none,0.20,time_interpolation,3.098633,3.856139,-0.093028,202,202
5,5,39637,block,none,0.20,cubic_interpolation,20.373435,23.667573,-40.174988,202,202
5,5,39637,block,none,0.20,spline_interpolation,20.373435,23.667573,-40.174988,202,202
5,5,39637,block,none,0.20,moving_average,2.866343,3.981933,-0.165504,202,202
5,5,39637,block,none,0.20,knn,3.098633,3.856139,-0.093028,202,202
5,5,39637,block,none,0.20,knn_upgraded,3.074495,3.866686,-0.099016,202,202
5,5,39637,block,none,0.20,decision_tree,3.070704,3.870624,-0.101255,202,202
5,5,39637,block,none,0.20,random_forest,3.075154,3.876352,-0.104517,202,202
5,5,39637,block,none,0.20,neural_net,3.059051,3.862370,-0.096564,202,202
5,5,39637,block,none,0.20,adaptive_imputation,3.098633,3.856139,-0.093028,202,202
6,6,47556,block,none,0.20,forward_fill,3.171584,4.184969,-0.148323,202,202
6,6,47556,block,none,0.20,linear_interpolation,3.197916,4.181034,-0.146165,202,202
6,6,47556,block,none,0.20,time_interpolation,3.197916,4.181034,-0.146165,202,202
6,6,47556,block,none,0.20,cubic_interpolation,12.172765,13.776854,-11.444570,202,202
6,6,47556,block,none,0.20,spline_interpolation,12.172765,13.776854,-11.444570,202,202
6,6,47556,block,none,0.20,moving_average,3.185061,4.186538,-0.149185,202,202
6,6,47556,block,none,0.20,knn,3.197916,4.181034,-0.146165,202,202
6,6,47556,block,none,0.20,knn_upgraded,3.198018,4.192135,-0.152259,202,202
6,6,47556,block,none,0.20,decision_tree,3.193529,4.166570,-0.138249,202,202
6,6,47556,block,none,0.20,random_forest,3.189482,4.173869,-0.142240,202,202
6,6,47556,block,none,0.20,neural_net,3.170848,4.180446,-0.145843,202,202
6,6,47556,block,none,0.20,adaptive_imputation,3.197916,4.181034,-0.146165,202,202
7,7,55475,block,none,0.20,forward_fill,1.919455,2.309798,-0.014305,202,202
7,7,55475,block,none,0.20,linear_interpolation,1.892987,2.193248,0.085473,202,202
7,7,55475,block,none,0.20,time_interpolation,1.892987,2.193248,0.085473,202,202
7,7,55475,block,none,0.20,cubic_interpolation,1.977903,2.346470,-0.046769,202,202
7,7,55475,block,none,0.20,spline_interpolation,1.977903,2.346470,-0.046769,202,202
7,7,55475,block,none,0.20,moving_average,1.915774,2.308423,-0.013099,202,202
7,7,55475,block,none,0.20,knn,1.892987,2.193248,0.085473,202,202
7,7,55475,block,none,0.20,knn_upgraded,1.890207,2.192015,0.086501,202,202
7,7,55475,block,none,0.20,decision_tree,1.892604,2.193072,0.085620,202,202
7,7,55475,block,none,0.20,random_forest,1.887897,2.190185,0.088026,202,202
7,7,55475,block,none,0.20,neural_net,1.894127,2.194880,0.084112,202,202
7,7,55475,block,none,0.20,adaptive_imputation,1.892987,2.193248,0.085473,202,202
8,8,63394,block,none,0.20,forward_fill,2.426238,2.860417,-0.046903,202,202
8,8,63394,block,none,0.20,linear_interpolation,2.965224,3.810759,-0.858106,202,202
8,8,63394,block,none,0.20,time_interpolation,2.965224,3.810759,-0.858106,202,202
8,8,63394,block,none,0.20,cubic_interpolation,4.865739,5.835407,-3.357023,202,202
8,8,63394,block,none,0.20,spline_interpolation,4.865941,5.835645,-3.357378,202,202
8,8,63394,block,none,0.20,moving_average,2.294216,2.715956,0.056172,202,202
8,8,63394,block,none,0.20,knn,2.965224,3.810759,-0.858106,202,202
8,8,63394,block,none,0.20,knn_upgraded,2.969374,3.824549,-0.871578,202,202
8,8,63394,block,none,0.20,decision_tree,3.113436,4.006836,-1.054237,202,202
8,8,63394,block,none,0.20,random_forest,2.985368,3.841038,-0.887751,202,202
8,8,63394,block,none,0.20,neural_net,2.905029,3.766803,-0.815487,202,202
8,8,63394,block,none,0.20,adaptive_imputation,4.865739,5.835407,-3.357023,202,202
9,9,71313,block,none,0.20,forward_fill,5.293564,6.559447,-1.541210,202,202
9,9,71313,block,none,0.20,linear_interpolation,3.900890,4.816778,-0.370312,202,202
9,9,71313,block,none,0.20,time_interpolation,3.900890,4.816778,-0.370312,202,202
9,9,71313,block,none,0.20,cubic_interpolation,3.835824,4.717756,-0.314550,202,202
9,9,71313,block,none,0.20,spline_interpolation,3.835824,4.717756,-0.314550,202,202
9,9,71313,block,none,0.20,moving_average,5.052764,6.403518,-1.421829,202,202
9,9,71313,block,none,0.20,knn,3.900890,4.816778,-0.370312,202,202
9,9,71313,block,none,0.20,knn_upgraded,3.896557,4.810822,-0.366925,202,202
9,9,71313,block,none,0.20,decision_tree,3.897341,4.809657,-0.366263,202,202
9,9,71313,block,none,0.20,random_forest,3.895697,4.811545,-0.367336,202,202
9,9,71313,block,none,0.20,neural_net,3.899176,4.813623,-0.368517,202,202
9,9,71313,block,none,0.20,adaptive_imputation,3.900890,4.816778,-0.370312,202,202
10,10,79232,block,none,0.20,forward_fill,3.336634,3.945409,-2.511346,202,202
10,10,79232,block,none,0.20,linear_interpolation,2.018382,2.538912,-0.454068,202,202
10,10,79232,block,none,0.20,time_interpolation,2.018382,2.538912,-0.454068,202,202
10,10,79232,block,none,0.20,cubic_interpolation,17.801755,20.927264,-97.790323,202,202
10,10,79232,block,none,0.20,spline_interpolation,17.801755,20.927264,-97.790323,202,202
10,10,79232,block,none,0.20,moving_average,3.211971,3.854327,-2.351094,202,202
10,10,79232,block,none,0.20,knn,2.018382,2.538912,-0.454068,202,202
10,10,79232,block,none,0.20,knn_upgraded,1.991276,2.497035,-0.406497,202,202
10,10,79232,block,none,0.20,decision_tree,1.970527,2.471535,-0.377917,202,202
10,10,79232,block,none,0.20,random_forest,1.977860,2.475972,-0.382869,202,202
10,10,79232,block,none,0.20,neural_net,1.972094,2.423229,-0.324581,202,202
10,10,79232,block,none,0.20,adaptive_imputation,2.018382,2.538912,-0.454068,202,202
11,11,87151,block,none,0.20,forward_fill,4.698812,6.007373,-0.206249,202,202
11,11,87151,block,none,0.20,linear_interpolation,5.115065,6.068879,-0.231076,202,202
11,11,87151,block,none,0.20,time_interpolation,5.115065,6.068879,-0.231076,202,202
11,11,87151,block,none,0.20,cubic_interpolation,11.226792,14.288213,-5.823758,202,202
11,11,87151,block,none,0.20,spline_interpolation,11.226792,14.288213,-5.823758,202,202
11,11,87151,block,none,0.20,moving_average,4.680876,5.997714,-0.202373,202,202
11,11,87151,block,none,0.20,knn,5.115065,6.068879,-0.231076,202,202
11,11,87151,block,none,0.20,knn_upgraded,5.100344,6.064329,-0.229230,202,202
11,11,87151,block,none,0.20,decision_tree,5.167291,6.157878,-0.267447,202,202
11,11,87151,block,none,0.20,random_forest,5.101731,6.061968,-0.228273,202,202
11,11,87151,block,none,0.20,neural_net,5.126604,6.110973,-0.248213,202,202
11,11,87151,block,none,0.20,adaptive_imputation,5.115065,6.068879,-0.231076,202,202
12,12,95070,block,none,0.20,forward_fill,1.669356,2.029603,-0.474005,202,202
12,12,95070,block,none,0.20,linear_interpolation,1.364026,1.564160,0.124535,202,202
12,12,95070,block,none,0.20,time_interpolation,1.364026,1.564160,0.124535,202,202
12,12,95070,block,none,0.20,cubic_interpolation,2.632574,2.833077,-1.872059,202,202
12,12,95070,block,none,0.20,spline_interpolation,2.632574,2.833077,-1.872059,202,202
12,12,95070,block,none,0.20,moving_average,1.591393,1.972143,-0.391725,202,202
12,12,95070,block,none,0.20,knn,1.364026,1.564160,0.124535,202,202
12,12,95070,block,none,0.20,knn_upgraded,1.365062,1.563226,0.125579,202,202
12,12,95070,block,none,0.20,decision_tree,1.364000,1.563989,0.124726,202,202
12,12,95070,block,none,0.20,random_forest,1.360499,1.559444,0.129805,202,202
12,12,95070,block,none,0.20,neural_net,1.365051,1.564526,0.124125,202,202
12,12,95070,block,none,0.20,adaptive_imputation,1.364026,1.564160,0.124535,202,202
13,13,102989,block,none,0.20,forward_fill,5.479752,6.346208,-2.587259,202,202
13,13,102989,block,none,0.20,linear_interpolation,3.182397,4.130211,-0.519423,202,202
13,13,102989,block,none,0.20,time_interpolation,3.182397,4.130211,-0.519423,202,202
13,13,102989,block,none,0.20,cubic_interpolation,8.340956,10.258341,-8.373212,202,202
13,13,102989,block,none,0.20,spline_interpolation,8.340956,10.258341,-8.373212,202,202
13,13,102989,block,none,0.20,moving_average,5.261394,6.188509,-2.411193,202,202
13,13,102989,block,none,0.20,knn,3.182397,4.130211,-0.519423,202,202
13,13,102989,block,none,0.20,knn_upgraded,3.181764,4.146768,-0.531630,202,202
13,13,102989,block,none,0.20,decision_tree,3.192314,4.200237,-0.571382,202,202
13,13,102989,block,none,0.20,random_forest,3.187865,4.167662,-0.547103,202,202
13,13,102989,block,none,0.20,neural_net,3.178564,4.148205,-0.532691,202,202
13,13,102989,block,none,0.20,adaptive_imputation,3.182397,4.130211,-0.519423,202,202
14,14,110908,block,none,0.20,forward_fill,2.027228,2.437032,-2.102127,202,202
14,14,110908,block,none,0.20,linear_interpolation,0.518400,0.658316,0.773637,202,202
14,14,110908,block,none,0.20,time_interpolation,0.518400,0.658316,0.773637,202,202
14,14,110908,block,none,0.20,cubic_interpolation,1.351710,1.564774,-0.278911,202,202
14,14,110908,block,none,0.20,spline_interpolation,1.351710,1.564774,-0.278911,202,202
14,14,110908,block,none,0.20,moving_average,1.936555,2.374368,-1.944647,202,202
14,14,110908,block,none,0.20,knn,0.518400,0.658316,0.773637,202,202
14,14,110908,block,none,0.20,knn_upgraded,0.512897,0.653694,0.776804,202,202
14,14,110908,block,none,0.20,decision_tree,0.523745,0.680915,0.757829,202,202
14,14,110908,block,none,0.20,random_forest,0.512733,0.648462,0.780363,202,202
14,14,110908,block,none,0.20,neural_net,0.563613,0.702678,0.742101,202,202
14,14,110908,block,none,0.20,adaptive_imputation,0.518400,0.658316,0.773637,202,202
15,15,118827,block,none,0.20,forward_fill,4.456634,4.951751,-0.007437,202,202
15,15,118827,block,none,0.20,linear_interpolation,4.689187,5.523532,-0.253528,202,202
15,15,118827,block,none,0.20,time_interpolation,4.689187,5.523532,-0.253528,202,202
15,15,118827,block,none,0.20,cubic_interpolation,11.752448,14.258264,-7.352829,202,202
15,15,118827,block,none,0.20,spline_interpolation,11.752448,14.258264,-7.352829,202,202
15,15,118827,block,none,0.20,moving_average,4.368264,4.883322,0.020215,202,202
15,15,118827,block,none,0.20,knn,4.689187,5.523532,-0.253528,202,202
15,15,118827,block,none,0.20,knn_upgraded,4.691098,5.539496,-0.260784,202,202
15,15,118827,block,none,0.20,decision_tree,4.707639,5.583371,-0.280835,202,202
15,15,118827,block,none,0.20,random_forest,4.709873,5.584348,-0.281284,202,202
15,15,118827,block,none,0.20,neural_net,4.567861,5.448724,-0.219803,202,202
15,15,118827,block,none,0.20,adaptive_imputation,4.689187,5.523532,-0.253528,202,202
16,16,126746,block,none,0.20,forward_fill,2.532723,3.364090,-1.292082,202,202
16,16,126746,block,none,0.20,linear_interpolation,2.078688,2.606323,-0.375788,202,202
16,16,126746,block,none,0.20,time_interpolation,2.078688,2.606323,-0.375788,202,202
16,16,126746,block,none,0.20,cubic_interpolation,5.279710,6.457617,-7.445776,202,202
16,16,126746,block,none,0.20,spline_interpolation,5.279710,6.457617,-7.445776,202,202
16,16,126746,block,none,0.20,moving_average,2.345778,3.167781,-1.032381,202,202
16,16,126746,block,none,0.20,knn,2.078688,2.606323,-0.375788,202,202
16,16,126746,block,none,0.20,knn_upgraded,2.082852,2.611732,-0.381504,202,202
16,16,126746,block,none,0.20,decision_tree,2.070464,2.577357,-0.345377,202,202
16,16,126746,block,none,0.20,random_forest,2.099221,2.634594,-0.405797,202,202
16,16,126746,block,none,0.20,neural_net,2.108807,2.642904,-0.414678,202,202
16,16,126746,block,none,0.20,adaptive_imputation,2.078688,2.606323,-0.375788,202,202
17,17,134665,block,none,0.20,forward_fill,2.020000,2.721664,-0.431407,202,202
17,17,134665,block,none,0.20,linear_interpolation,1.277704,1.617644,0.494338,202,202
17,17,134665,block,none,0.20,time_interpolation,1.277704,1.617644,0.494338,202,202
17,17,134665,block,none,0.20,cubic_interpolation,3.048462,3.712393,-1.663189,202,202
17,17,134665,block,none,0.20,spline_interpolation,3.048462,3.712393,-1.663189,202,202
17,17,134665,block,none,0.20,moving_average,1.938006,2.643775,-0.350650,202,202
17,17,134665,block,none,0.20,knn,1.277704,1.617644,0.494338,202,202
17,17,134665,block,none,0.20,knn_upgraded,1.283279,1.619139,0.493404,202,202
17,17,134665,block,none,0.20,decision_tree,1.277718,1.618209,0.493985,202,202
17,17,134665,block,none,0.20,random_forest,1.277559,1.612738,0.497401,202,202
17,17,134665,block,none,0.20,neural_net,1.253539,1.591707,0.510424,202,202
17,17,134665,block,none,0.20,adaptive_imputation,1.277704,1.617644,0.494338,202,202
18,18,142584,block,none,0.20,forward_fill,5.063416,5.738521,-1.165618,202,202
18,18,142584,block,none,0.20,linear_interpolation,2.617404,3.121094,0.359387,202,202
18,18,142584,block,none,0.20,time_interpolation,2.617404,3.121094,0.359387,202,202
18,18,142584,block,none,0.20,cubic_interpolation,5.484608,6.347231,-1.649418,202,202
18,18,142584,block,none,0.20,spline_interpolation,5.484608,6.347231,-1.649418,202,202
18,18,142584,block,none,0.20,moving_average,4.841753,5.579519,-1.047272,202,202
18,18,142584,block,none,0.20,knn,2.617404,3.121094,0.359387,202,202
18,18,142584,block,none,0.20,knn_upgraded,2.612375,3.116637,0.361216,202,202
18,18,142584,block,none,0.20,decision_tree,2.528722,2.987357,0.413111,202,202
18,18,142584,block,none,0.20,random_forest,2.595781,3.092929,0.370897,202,202
18,18,142584,block,none,0.20,neural_net,2.627565,3.134747,0.353770,202,202
18,18,142584,block,none,0.20,adaptive_imputation,2.617404,3.121094,0.359387,202,202
19,19,150503,block,none,0.20,forward_fill,3.113416,3.653301,-1.457100,202,202
19,19,150503,block,none,0.20,linear_interpolation,1.865532,2.218140,0.094205,202,202
19,19,150503,block,none,0.20,time_interpolation,1.865532,2.218140,0.094205,202,202
19,19,150503,block,none,0.20,cubic_interpolation,1.100578,1.345280,0.666821,202,202
19,19,150503,block,none,0.20,spline_interpolation,1.100578,1.345280,0.666821,202,202
19,19,150503,block,none,0.20,moving_average,3.029658,3.614198,-1.404783,202,202
19,19,150503,block,none,0.20,knn,1.865532,2.218140,0.094205,202,202
19,19,150503,block,none,0.20,knn_upgraded,1.866180,2.214380,0.097273,202,202
19,19,150503,block,none,0.20,decision_tree,1.866535,2.218517,0.093897,202,202
19,19,150503,block,none,0.20,random_forest,1.858287,2.212549,0.098766,202,202
19,19,150503,block,none,0.20,neural_net,1.803763,2.165504,0.136684,202,202
19,19,150503,block,none,0.20,adaptive_imputation,1.865532,2.218140,0.094205,202,202
0,0,42,block,none,0.30,forward_fill,4.101755,6.539254,-0.572950,302,302
0,0,42,block,none,0.30,linear_interpolation,3.428633,4.045308,0.398048,302,302
0,0,42,block,none,0.30,time_interpolation,3.428633,4.045308,0.398048,302,302
0,0,42,block,none,0.30,cubic_interpolation,7.759924,9.552009,-2.356202,302,302
0,0,42,block,none,0.30,spline_interpolation,7.759924,9.552009,-2.356202,302,302
0,0,42,block,none,0.30,moving_average,3.817837,6.189037,-0.408980,302,302
0,0,42,block,none,0.30,knn,3.428633,4.045308,0.398048,302,302
0,0,42,block,none,0.30,knn_upgraded,3.433441,4.052842,0.395804,302,302
0,0,42,block,none,0.30,decision_tree,3.523433,4.138157,0.370099,302,302
0,0,42,block,none,0.30,random_forest,3.436431,4.056480,0.394719,302,302
0,0,42,block,none,0.30,neural_net,3.423620,4.046360,0.397735,302,302
0,0,42,block,none,0.30,adaptive_imputation,3.428633,4.045308,0.398048,302,302
1,1,7961,block,none,0.30,forward_fill,2.366987,2.995586,-0.078876,302,302
1,1,7961,block,none,0.30,linear_interpolation,4.157710,4.765582,-1.730484,302,302
1,1,7961,block,none,0.30,time_interpolation,4.157710,4.765582,-1.730484,302,302
1,1,7961,block,none,0.30,cubic_interpolation,6.662229,8.635954,-7.966612,302,302
1,1,7961,block,none,0.30,spline_interpolation,6.662229,8.635954,-7.966612,302,302
1,1,7961,block,none,0.30,moving_average,2.269761,2.882520,0.001030,302,302
1,1,7961,block,none,0.30,knn,4.157710,4.765582,-1.730484,302,302
1,1,7961,block,none,0.30,knn_upgraded,4.131324,4.748406,-1.710838,302,302
1,1,7961,block,none,0.30,decision_tree,4.214217,4.857191,-1.836470,302,302
1,1,7961,block,none,0.30,random_forest,4.154912,4.773324,-1.739363,302,302
1,1,7961,block,none,0.30,neural_net,4.130346,4.762004,-1.726385,302,302
1,1,7961,block,none,0.30,adaptive_imputation,6.662229,8.635954,-7.966612,302,302
2,2,15880,block,none,0.30,forward_fill,2.395728,2.710597,-0.003901,302,302
2,2,15880,block,none,0.30,linear_interpolation,2.578503,2.949831,-0.188927,302,302
2,2,15880,block,none,0.30,time_interpolation,2.578503,2.949831,-0.188927,302,302
2,2,15880,block,none,0.30,cubic_interpolation,11.065041,12.684344,-20.983512,302,302
2,2,15880,block,none,0.30,spline_interpolation,11.065041,12.684344,-20.983512,302,302
2,2,15880,block,none,0.30,moving_average,2.399408,2.711672,-0.004697,302,302
2,2,15880,block,none,0.30,knn,2.578503,2.949831,-0.188927,302,302
2,2,15880,block,none,0.30,knn_upgraded,2.565741,2.936258,-0.178011,302,302
2,2,15880,block,none,0.30,decision_tree,2.578612,2.949969,-0.189039,302,302
2,2,15880,block,none,0.30,random_forest,2.570643,2.940658,-0.181545,302,302
2,2,15880,block,none,0.30,neural_net,2.580376,2.920271,-0.165218,302,302
2,2,15880,block,none,0.30,adaptive_imputation,11.065041,12.684344,-20.983512,302,302
3,3,23799,block,none,0.30,forward_fill,4.789570,5.658358,-0.210928,302,302
3,3,23799,block,none,0.30,linear_interpolation,4.476303,5.283556,-0.055820,302,302
3,3,23799,block,none,0.30,time_interpolation,4.476303,5.283556,-0.055820,302,302
3,3,23799,block,none,0.30,cubic_interpolation,8.343142,10.836531,-3.441381,302,302
3,3,23799,block,none,0.30,spline_interpolation,8.343142,10.836531,-3.441381,302,302
3,3,23799,block,none,0.30,moving_average,4.770539,5.655915,-0.209883,302,302
3,3,23799,block,none,0.30,knn,4.476303,5.283556,-0.055820,302,302
3,3,23799,block,none,0.30,knn_upgraded,4.470016,5.288392,-0.057755,302,302
3,3,23799,block,none,0.30,decision_tree,4.509550,5.324735,-0.072343,302,302
3,3,23799,block,none,0.30,random_forest,4.483305,5.302424,-0.063375,302,302
3,3,23799,block,none,0.30,neural_net,4.433866,5.256568,-0.045062,302,302
3,3,23799,block,none,0.30,adaptive_imputation,4.476303,5.283556,-0.055820,302,302
4,4,31718,block,none,0.30,forward_fill,2.322848,2.603428,-0.549392,302,302
4,4,31718,block,none,0.30,linear_interpolation,2.407474,2.710681,-0.679682,302,302
4,4,31718,block,none,0.30,time_interpolation,2.407474,2.710681,-0.679682,302,302
4,4,31718,block,none,0.30,cubic_interpolation,2.810295,3.076164,-1.163163,302,302
4,4,31718,block,none,0.30,spline_interpolation,2.810295,3.076164,-1.163163,302,302
4,4,31718,block,none,0.30,moving_average,2.318336,2.601306,-0.546867,302,302
4,4,31718,block,none,0.30,knn,2.407474,2.710681,-0.679682,302,302
4,4,31718,block,none,0.30,knn_upgraded,2.410726,2.702573,-0.669648,302,302
4,4,31718,block,none,0.30,decision_tree,2.407579,2.710791,-0.679819,302,302
4,4,31718,block,none,0.30,random_forest,2.400838,2.702360,-0.669386,302,302
4,4,31718,block,none,0.30,neural_net,2.370284,2.670805,-0.630626,302,302
4,4,31718,block,none,0.30,adaptive_imputation,2.407474,2.710681,-0.679682,302,302
5,5,39637,block,none,0.30,forward_fill,5.823576,6.931875,-1.388047,302,302
5,5,39637,block,none,0.30,linear_interpolation,3.654885,4.246436,0.103829,302,302
5,5,39637,block,none,0.30,time_interpolation,3.654885,4.246436,0.103829,302,302
5,5,39637,block,none,0.30,cubic_interpolation,14.233867,16.294261,-12.195042,302,302
5,5,39637,block,none,0.30,spline_interpolation,14.233867,16.294261,-12.195042,302,302
5,5,39637,block,none,0.30,moving_average,5.709799,6.853746,-1.334520,302,302
5,5,39637,block,none,0.30,knn,3.654885,4.246436,0.103829,302,302
5,5,39637,block,none,0.30,knn_upgraded,3.627496,4.212050,0.118284,302,302
5,5,39637,block,none,0.30,decision_tree,3.620642,4.200257,0.123215,302,302
5,5,39637,block,none,0.30,random_forest,3.616588,4.189991,0.127496,302,302
5,5,39637,block,none,0.30,neural_net,3.604677,4.188104,0.128281,302,302
5,5,39637,block,none,0.30,adaptive_imputation,14.233867,16.294261,-12.195042,302,302
6,6,47556,block,none,0.30,forward_fill,2.568974,3.143463,-1.365295,302,302
6,6,47556,block,none,0.30,linear_interpolation,2.038526,2.445396,-0.431420,302,302
6,6,47556,block,none,0.30,time_interpolation,2.038526,2.445396,-0.431420,302,302
6,6,47556,block,none,0.30,cubic_interpolation,3.256258,4.049280,-2.924860,302,302
6,6,47556,block,none,0.30,spline_interpolation,3.256258,4.049280,-2.924860,302,302
6,6,47556,block,none,0.30,moving_average,2.514195,3.116865,-1.325438,302,302
6,6,47556,block,none,0.30,knn,2.038526,2.445396,-0.431420,302,302
6,6,47556,block,none,0.30,knn_upgraded,2.032627,2.445833,-0.431932,302,302
6,6,47556,block,none,0.30,decision_tree,2.058410,2.454852,-0.442512,302,302
6,6,47556,block,none,0.30,random_forest,2.051128,2.456321,-0.444239,302,302
6,6,47556,block,none,0.30,neural_net,2.032421,2.437729,-0.422458,302,302
6,6,47556,block,none,0.30,adaptive_imputation,3.256258,4.049280,-2.924860,302,302
7,7,55475,block,none,0.30,forward_fill,3.269238,3.646491,-1.308905,302,302
7,7,55475,block,none,0.30,linear_interpolation,1.862605,2.091035,0.240761,302,302
7,7,55475,block,none,0.30,time_interpolation,1.862605,2.091035,0.240761,302,302
7,7,55475,block,none,0.30,cubic_interpolation,5.662708,7.106240,-7.768707,302,302
7,7,55475,block,none,0.30,spline_interpolation,5.662708,7.106240,-7.768707,302,302
7,7,55475,block,none,0.30,moving_average,3.152179,3.529766,-1.163454,302,302
7,7,55475,block,none,0.30,knn,1.862605,2.091035,0.240761,302,302
7,7,55475,block,none,0.30,knn_upgraded,1.872577,2.100991,0.233514,302,302
7,7,55475,block,none,0.30,decision_tree,1.859045,2.074732,0.252554,302,302
7,7,55475,block,none,0.30,random_forest,1.870622,2.089219,0.242080,302,302
7,7,55475,block,none,0.30,neural_net,1.912324,2.135785,0.207917,302,302
7,7,55475,block,none,0.30,adaptive_imputation,5.662708,7.106240,-7.768707,302,302
8,8,63394,block,none,0.30,forward_fill,15.940629,17.305981,-4.877861,302,302
8,8,63394,block,none,0.30,linear_interpolation,7.101458,7.847779,-0.208705,302,302
8,8,63394,block,none,0.30,time_interpolation,7.101458,7.847779,-0.208705,302,302
8,8,63394,block,none,0.30,cubic_interpolation,5.460719,7.428985,-0.083143,302,302
8,8,63394,block,none,0.30,spline_interpolation,5.460719,7.428985,-0.083143,302,302
8,8,63394,block,none,0.30,moving_average,15.589097,17.111861,-4.746737,302,302
8,8,63394,block,none,0.30,knn,7.101458,7.847779,-0.208705,302,302
8,8,63394,block,none,0.30,knn_upgraded,7.089407,7.840819,-0.206562,302,302
8,8,63394,block,none,0.30,decision_tree,7.258787,8.037182,-0.267752,302,302
8,8,63394,block,none,0.30,random_forest,7.133294,7.888880,-0.221399,302,302
8,8,63394,block,none,0.30,neural_net,7.062554,7.839041,-0.206015,302,302
8,8,63394,block,none,0.30,adaptive_imputation,7.101458,7.847779,-0.208705,302,302
9,9,71313,block,none,0.30,forward_fill,2.426291,3.224780,-0.344179,302,302
9,9,71313,block,none,0.30,linear_interpolation,2.629906,3.591112,-0.666921,302,302
9,9,71313,block,none,0.30,time_interpolation,2.629906,3.591112,-0.666921,302,302
9,9,71313,block,none,0.30,cubic_interpolation,9.988114,11.110261,-14.955324,302,302
9,9,71313,block,none,0.30,spline_interpolation,9.988114,11.110261,-14.955324,302,302
9,9,71313,block,none,0.30,moving_average,2.406582,3.219297,-0.339612,302,302
9,9,71313,block,none,0.30,knn,2.629906,3.591112,-0.666921,302,302
9,9,71313,block,none,0.30,knn_upgraded,2.616638,3.567571,-0.645138,302,302
9,9,71313,block,none,0.30,decision_tree,2.631470,3.592678,-0.668375,302,302
9,9,71313,block,none,0.30,random_forest,2.621094,3.585327,-0.661554,302,302
9,9,71313,block,none,0.30,neural_net,2.590033,3.561688,-0.639717,302,302
9,9,71313,block,none,0.30,adaptive_imputation,2.629906,3.591112,-0.666921,302,302
10,10,79232,block,none,0.30,forward_fill,1.405265,1.753144,-1.313385,302,302
10,10,79232,block,none,0.30,linear_interpolation,1.075153,1.234485,-0.147056,302,302
10,10,79232,block,none,0.30,time_interpolation,1.075153,1.234485,-0.147056,302,302
10,10,79232,block,none,0.30,cubic_interpolation,3.039254,3.643311,-8.990910,302,302
10,10,79232,block,none,0.30,spline_interpolation,3.039254,3.643311,-8.990910,302,302
10,10,79232,block,none,0.30,moving_average,1.367700,1.724210,-1.237655,302,302
10,10,79232,block,none,0.30,knn,1.075153,1.234485,-0.147056,302,302
10,10,79232,block,none,0.30,knn_upgraded,1.074943,1.236820,-0.151399,302,302
10,10,79232,block,none,0.30,decision_tree,1.075114,1.234543,-0.147162,302,302
10,10,79232,block,none,0.30,random_forest,1.073935,1.233205,-0.144678,302,302
10,10,79232,block,none,0.30,neural_net,1.064495,1.224865,-0.129247,302,302
10,10,79232,block,none,0.30,adaptive_imputation,1.075153,1.234485,-0.147056,302,302
11,11,87151,block,none,0.30,forward_fill,6.794007,7.564484,-3.805108,302,302
11,11,87151,block,none,0.30,linear_interpolation,3.819027,4.841924,-0.968705,302,302
11,11,87151,block,none,0.30,time_interpolation,3.819027,4.841924,-0.968705,302,302
11,11,87151,block,none,0.30,cubic_interpolation,7.230118,8.955323,-5.734527,302,302
11,11,87151,block,none,0.30,spline_interpolation,7.230118,8.955323,-5.734527,302,302
11,11,87151,block,none,0.30,moving_average,6.671468,7.506693,-3.731969,302,302
11,11,87151,block,none,0.30,knn,3.819027,4.841924,-0.968705,302,302
11,11,87151,block,none,0.30,knn_upgraded,3.828577,4.848632,-0.974163,302,302
11,11,87151,block,none,0.30,decision_tree,3.698572,4.693345,-0.849735,302,302
11,11,87151,block,none,0.30,random_forest,3.819032,4.842466,-0.969145,302,302
11,11,87151,block,none,0.30,neural_net,3.819167,4.859284,-0.982847,302,302
11,11,87151,block,none,0.30,adaptive_imputation,3.819027,4.841924,-0.968705,302,302
12,12,95070,block,none,0.30,forward_fill,1.769040,2.011538,-0.000566,302,302
12,12,95070,block,none,0.30,linear_interpolation,2.071591,2.716199,-0.824369,302,302
12,12,95070,block,none,0.30,time_interpolation,2.071591,2.716199,-0.824369,302,302
12,12,95070,block,none,0.30,cubic_interpolation,13.559964,14.745103,-52.763181,302,302
12,12,95070,block,none,0.30,spline_interpolation,13.559964,14.745103,-52.763181,302,302
12,12,95070,block,none,0.30,moving_average,1.713456,1.956829,0.053120,302,302
12,12,95070,block,none,0.30,knn,2.071591,2.716199,-0.824369,302,302
12,12,95070,block,none,0.30,knn_upgraded,2.097278,2.744662,-0.862804,302,302
12,12,95070,block,none,0.30,decision_tree,2.149503,2.803966,-0.944173,302,302
12,12,95070,block,none,0.30,random_forest,2.107993,2.759089,-0.882438,302,302
12,12,95070,block,none,0.30,neural_net,2.084829,2.739630,-0.855979,302,302
12,12,95070,block,none,0.30,adaptive_imputation,13.559964,14.745103,-52.763181,302,302
13,13,102989,block,none,0.30,forward_fill,7.839536,8.307454,-7.293495,302,302
13,13,102989,block,none,0.30,linear_interpolation,4.365392,5.105458,-2.132357,302,302
13,13,102989,block,none,0.30,time_interpolation,4.365392,5.105458,-2.132357,302,302
13,13,102989,block,none,0.30,cubic_interpolation,14.754283,16.203183,-30.550220,302,302
13,13,102989,block,none,0.30,spline_interpolation,14.754283,16.203183,-30.550220,302,302
13,13,102989,block,none,0.30,moving_average,7.717229,8.252587,-7.184307,302,302
13,13,102989,block,none,0.30,knn,4.365392,5.105458,-2.132357,302,302
13,13,102989,block,none,0.30,knn_upgraded,4.394964,5.137456,-2.171742,302,302
13,13,102989,block,none,0.30,decision_tree,4.329034,5.058671,-2.075208,302,302
13,13,102989,block,none,0.30,random_forest,4.406998,5.155618,-2.194208,302,302
13,13,102989,block,none,0.30,neural_net,4.387669,5.130460,-2.163110,302,302
13,13,102989,block,none,0.30,adaptive_imputation,4.365392,5.105458,-2.132357,302,302
14,14,110908,block,none,0.30,forward_fill,2.663444,3.130931,-2.561883,302,302
14,14,110908,block,none,0.30,linear_interpolation,2.483600,2.972574,-2.210688,302,302
14,14,110908,block,none,0.30,time_interpolation,2.483600,2.972574,-2.210688,302,302
14,14,110908,block,none,0.30,cubic_interpolation,4.224950,4.650930,-6.859815,302,302
14,14,110908,block,none,0.30,spline_interpolation,4.224950,4.650930,-6.859815,302,302
14,14,110908,block,none,0.30,moving_average,2.655217,3.130021,-2.559814,302,302
14,14,110908,block,none,0.30,knn,2.483600,2.972574,-2.210688,302,302
14,14,110908,block,none,0.30,knn_upgraded,2.458984,2.942755,-2.146595,302,302
14,14,110908,block,none,0.30,decision_tree,2.400743,2.886459,-2.027356,302,302
14,14,110908,block,none,0.30,random_forest,2.456360,2.940790,-2.142394,302,302
14,14,110908,block,none,0.30,neural_net,2.453282,2.930972,-2.121447,302,302
14,14,110908,block,none,0.30,adaptive_imputation,2.483600,2.972574,-2.210688,302,302
15,15,118827,block,none,0.30,forward_fill,11.788444,13.093633,-4.231341,302,302
15,15,118827,block,none,0.30,linear_interpolation,10.063932,11.406174,-2.969837,302,302
15,15,118827,block,none,0.30,time_interpolation,10.063932,11.406174,-2.969837,302,302
15,15,118827,block,none,0.30,cubic_interpolation,13.405931,16.047975,-6.858382,302,302
15,15,118827,block,none,0.30,spline_interpolation,13.405931,16.047975,-6.858382,302,302
15,15,118827,block,none,0.30,moving_average,11.722479,13.084045,-4.223682,302,302
15,15,118827,block,none,0.30,knn,10.063932,11.406174,-2.969837,302,302
15,15,118827,block,none,0.30,knn_upgraded,10.044682,11.383438,-2.954026,302,302
15,15,118827,block,none,0.30,decision_tree,10.111246,11.439232,-2.992881,302,302
15,15,118827,block,none,0.30,random_forest,10.109357,11.451689,-3.001582,302,302
15,15,118827,block,none,0.30,neural_net,10.102715,11.434833,-2.989811,302,302
15,15,118827,block,none,0.30,adaptive_imputation,10.063932,11.406174,-2.969837,302,302
16,16,126746,block,none,0.30,forward_fill,1.911060,2.420876,-0.161144,302,302
16,16,126746,block,none,0.30,linear_interpolation,2.254802,3.149713,-0.965544,302,302
16,16,126746,block,none,0.30,time_interpolation,2.254802,3.149713,-0.965544,302,302
16,16,126746,block,none,0.30,cubic_interpolation,2.077636,2.650553,-0.391919,302,302
16,16,126746,block,none,0.30,spline_interpolation,2.077636,2.650553,-0.391919,302,302
16,16,126746,block,none,0.30,moving_average,1.875402,2.405729,-0.146659,302,302
16,16,126746,block,none,0.30,knn,2.254802,3.149713,-0.965544,302,302
16,16,126746,block,none,0.30,knn_upgraded,2.251090,3.145846,-0.960720,302,302
16,16,126746,block,none,0.30,decision_tree,2.255494,3.150699,-0.966775,302,302
16,16,126746,block,none,0.30,random_forest,2.260279,3.156911,-0.974538,302,302
16,16,126746,block,none,0.30,neural_net,2.281957,3.177361,-1.000202,302,302
16,16,126746,block,none,0.30,adaptive_imputation,2.254802,3.149713,-0.965544,302,302
17,17,134665,block,none,0.30,forward_fill,4.441291,4.811910,-3.187658,302,302
17,17,134665,block,none,0.30,linear_interpolation,6.008245,6.482425,-6.599959,302,302
17,17,134665,block,none,0.30,time_interpolation,6.008245,6.482425,-6.599959,302,302
17,17,134665,block,none,0.30,cubic_interpolation,1.795923,2.254154,0.081026,302,302
17,17,134665,block,none,0.30,spline_interpolation,1.795923,2.254154,0.081026,302,302
17,17,134665,block,none,0.30,moving_average,4.398460,4.794508,-3.157424,302,302
17,17,134665,block,none,0.30,knn,6.008245,6.482425,-6.599959,302,302
17,17,134665,block,none,0.30,knn_upgraded,5.981343,6.456803,-6.539998,302,302
17,17,134665,block,none,0.30,decision_tree,5.936742,6.416532,-6.446239,302,302
17,17,134665,block,none,0.30,random_forest,5.985876,6.462830,-6.554082,302,302
17,17,134665,block,none,0.30,neural_net,5.954385,6.432882,-6.484235,302,302
17,17,134665,block,none,0.30,adaptive_imputation,6.008245,6.482425,-6.599959,302,302
18,18,142584,block,none,0.30,forward_fill,5.302119,6.642530,-1.751748,302,302
18,18,142584,block,none,0.30,linear_interpolation,4.159557,5.870317,-1.149140,302,302
18,18,142584,block,none,0.30,time_interpolation,4.159557,5.870317,-1.149140,302,302
18,18,142584,block,none,0.30,cubic_interpolation,29.316648,32.431924,-64.597447,302,302
18,18,142584,block,none,0.30,spline_interpolation,29.316648,32.431924,-64.597447,302,302
18,18,142584,block,none,0.30,moving_average,5.298179,6.641327,-1.750751,302,302
18,18,142584,block,none,0.30,knn,4.159557,5.870317,-1.149140,302,302
18,18,142584,block,none,0.30,knn_upgraded,4.209046,5.924270,-1.188826,302,302
18,18,142584,block,none,0.30,decision_tree,4.300002,6.002526,-1.247034,302,302
18,18,142584,block,none,0.30,random_forest,4.225437,5.929796,-1.192911,302,302
18,18,142584,block,none,0.30,neural_net,4.174679,5.873448,-1.151433,302,302
18,18,142584,block,none,0.30,adaptive_imputation,4.159557,5.870317,-1.149140,302,302
19,19,150503,block,none,0.30,forward_fill,5.556722,6.416756,-2.774855,302,302
19,19,150503,block,none,0.30,linear_interpolation,4.490122,5.194293,-1.473558,302,302
19,19,150503,block,none,0.30,time_interpolation,4.490122,5.194293,-1.473558,302,302
19,19,150503,block,none,0.30,cubic_interpolation,19.311698,21.697831,-42.162029,302,302
19,19,150503,block,none,0.30,spline_interpolation,19.311698,21.697831,-42.162029,302,302
19,19,150503,block,none,0.30,moving_average,5.534363,6.410629,-2.767650,302,302
19,19,150503,block,none,0.30,knn,4.490122,5.194293,-1.473558,302,302
19,19,150503,block,none,0.30,knn_upgraded,4.512065,5.222963,-1.500939,302,302
19,19,150503,block,none,0.30,decision_tree,4.489557,5.193600,-1.472898,302,302
19,19,150503,block,none,0.30,random_forest,4.527813,5.241821,-1.519031,302,302
19,19,150503,block,none,0.30,neural_net,4.549898,5.295771,-1.571151,302,302
19,19,150503,block,none,0.30,adaptive_imputation,4.490122,5.194293,-1.473558,302,302
0,0,42,block,none,0.40,forward_fill,7.382730,10.069521,-1.146440,403,403
0,0,42,block,none,0.40,linear_interpolation,2.930832,3.605338,0.724835,403,403
0,0,42,block,none,0.40,time_interpolation,2.930832,3.605338,0.724835,403,403
0,0,42,block,none,0.40,cubic_interpolation,27.737170,31.854280,-20.480120,403,403
0,0,42,block,none,0.40,spline_interpolation,27.737170,31.854280,-20.480120,403,403
0,0,42,block,none,0.40,moving_average,7.096457,9.764498,-1.018371,403,403
0,0,42,block,none,0.40,knn,2.930832,3.605338,0.724835,403,403
0,0,42,block,none,0.40,knn_upgraded,2.867703,3.536914,0.735180,403,403
0,0,42,block,none,0.40,decision_tree,2.716257,3.387207,0.757124,403,403
0,0,42,block,none,0.40,random_forest,2.768470,3.442736,0.749095,403,403
0,0,42,block,none,0.40,neural_net,2.742867,3.374970,0.758876,403,403
0,0,42,block,none,0.40,adaptive_imputation,2.930832,3.605338,0.724835,403,403
1,1,7961,block,none,0.40,forward_fill,2.777916,3.349947,-1.054351,403,403
1,1,7961,block,none,0.40,linear_interpolation,4.045650,4.655497,-2.967626,403,403
1,1,7961,block,none,0.40,time_interpolation,4.045650,4.655497,-2.967626,403,403
1,1,7961,block,none,0.40,cubic_interpolation,5.788110,6.779395,-7.413574,403,403
1,1,7961,block,none,0.40,spline_interpolation,5.788110,6.779395,-7.413574,403,403
1,1,7961,block,none,0.40,moving_average,2.732167,3.326577,-1.025787,403,403
1,1,7961,block,none,0.40,knn,4.045650,4.655497,-2.967626,403,403
1,1,7961,block,none,0.40,knn_upgraded,4.048705,4.654961,-2.966713,403,403
1,1,7961,block,none,0.40,decision_tree,4.034534,4.665568,-2.984811,403,403
1,1,7961,block,none,0.40,random_forest,4.053704,4.663294,-2.980928,403,403
1,1,7961,block,none,0.40,neural_net,4.122115,4.752373,-3.134470,403,403
1,1,7961,block,none,0.40,adaptive_imputation,4.045650,4.655497,-2.967626,403,403
2,2,15880,block,none,0.40,forward_fill,1.801042,2.393196,-0.505989,403,403
2,2,15880,block,none,0.40,linear_interpolation,2.522525,3.260136,-1.794711,403,403
2,2,15880,block,none,0.40,time_interpolation,2.522525,3.260136,-1.794711,403,403
2,2,15880,block,none,0.40,cubic_interpolation,2.074801,2.495868,-0.637980,403,403
2,2,15880,block,none,0.40,spline_interpolation,2.074801,2.495868,-0.637980,403,403
2,2,15880,block,none,0.40,moving_average,1.780618,2.383388,-0.493671,403,403
2,2,15880,block,none,0.40,knn,2.522525,3.260136,-1.794711,403,403
2,2,15880,block,none,0.40,knn_upgraded,2.513016,3.248297,-1.774450,403,403
2,2,15880,block,none,0.40,decision_tree,2.522304,3.259944,-1.794382,403,403
2,2,15880,block,none,0.40,random_forest,2.518590,3.260732,-1.795733,403,403
2,2,15880,block,none,0.40,neural_net,2.512956,3.265164,-1.803338,403,403
2,2,15880,block,none,0.40,adaptive_imputation,2.522525,3.260136,-1.794711,403,403
3,3,23799,block,none,0.40,forward_fill,3.632928,4.145336,-1.147275,403,403
3,3,23799,block,none,0.40,linear_interpolation,1.564824,1.887745,0.554698,403,403
3,3,23799,block,none,0.40,time_interpolation,1.564824,1.887745,0.554698,403,403
3,3,23799,block,none,0.40,cubic_interpolation,9.866224,11.393230,-15.220414,403,403
3,3,23799,block,none,0.40,spline_interpolation,9.866224,11.393230,-15.220414,403,403
3,3,23799,block,none,0.40,moving_average,3.552390,4.089035,-1.089344,403,403
3,3,23799,block,none,0.40,knn,1.564824,1.887745,0.554698,403,403
3,3,23799,block,none,0.40,knn_upgraded,1.561817,1.884797,0.556087,403,403
3,3,23799,block,none,0.40,decision_tree,1.563038,1.877490,0.559523,403,403
3,3,23799,block,none,0.40,random_forest,1.564103,1.886273,0.555392,403,403
3,3,23799,block,none,0.40,neural_net,1.557184,1.878237,0.559172,403,403
3,3,23799,block,none,0.40,adaptive_imputation,1.564824,1.887745,0.554698,403,403
4,4,31718,block,none,0.40,forward_fill,1.874739,2.145684,-0.530204,403,403
4,4,31718,block,none,0.40,linear_interpolation,2.829313,3.258535,-2.529088,403,403
4,4,31718,block,none,0.40,time_interpolation,2.829313,3.258535,-2.529088,403,403
4,4,31718,block,none,0.40,cubic_interpolation,22.729420,25.875455,-221.532618,403,403
4,4,31718,block,none,0.40,spline_interpolation,22.729420,25.875455,-221.532618,403,403
4,4,31718,block,none,0.40,moving_average,1.836603,2.114065,-0.485437,403,403
4,4,31718,block,none,0.40,knn,2.829313,3.258535,-2.529088,403,403
4,4,31718,block,none,0.40,knn_upgraded,2.740390,3.155407,-2.309241,403,403
4,4,31718,block,none,0.40,decision_tree,2.825239,3.254466,-2.520280,403,403
4,4,31718,block,none,0.40,random_forest,2.770797,3.200222,-2.403908,403,403
4,4,31718,block,none,0.40,neural_net,2.761286,3.171906,-2.343938,403,403
4,4,31718,block,none,0.40,adaptive_imputation,2.770797,3.200222,-2.403908,403,403
5,5,39637,block,none,0.40,forward_fill,5.129007,6.505678,-1.078504,403,403
5,5,39637,block,none,0.40,linear_interpolation,4.219975,5.346767,-0.403939,403,403
5,5,39637,block,none,0.40,time_interpolation,4.219975,5.346767,-0.403939,403,403
5,5,39637,block,none,0.40,cubic_interpolation,6.531037,8.191869,-2.295580,403,403
5,5,39637,block,none,0.40,spline_interpolation,6.531037,8.191869,-2.295580,403,403
5,5,39637,block,none,0.40,moving_average,5.088111,6.495065,-1.071729,403,403
5,5,39637,block,none,0.40,knn,4.219975,5.346767,-0.403939,403,403
5,5,39637,block,none,0.40,knn_upgraded,4.221161,5.352688,-0.407051,403,403
5,5,39637,block,none,0.40,decision_tree,4.241843,5.393699,-0.428694,403,403
5,5,39637,block,none,0.40,random_forest,4.224598,5.356040,-0.408814,403,403
5,5,39637,block,none,0.40,neural_net,4.228182,5.360285,-0.411047,403,403
5,5,39637,block,none,0.40,adaptive_imputation,4.219975,5.346767,-0.403939,403,403
6,6,47556,block,none,0.40,forward_fill,6.523846,7.633027,-2.227838,403,403
6,6,47556,block,none,0.40,linear_interpolation,2.279006,2.825061,0.557846,403,403
6,6,47556,block,none,0.40,time_interpolation,2.279006,2.825061,0.557846,403,403
6,6,47556,block,none,0.40,cubic_interpolation,16.092044,20.011294,-21.185460,403,403
6,6,47556,block,none,0.40,spline_interpolation,16.092044,20.011294,-21.185460,403,403
6,6,47556,block,none,0.40,moving_average,6.348882,7.491017,-2.108849,403,403
6,6,47556,block,none,0.40,knn,2.279006,2.825061,0.557846,403,403
6,6,47556,block,none,0.40,knn_upgraded,2.279629,2.823807,0.558238,403,403
6,6,47556,block,none,0.40,decision_tree,2.393481,2.920953,0.527320,403,403
6,6,47556,block,none,0.40,random_forest,2.261194,2.816403,0.560552,403,403
6,6,47556,block,none,0.40,neural_net,2.255530,2.823572,0.558312,403,403
6,6,47556,block,none,0.40,adaptive_imputation,2.279006,2.825061,0.557846,403,403
7,7,55475,block,none,0.40,forward_fill,1.477667,1.823934,-0.320114,403,403
7,7,55475,block,none,0.40,linear_interpolation,1.700279,2.120880,-0.784948,403,403
7,7,55475,block,none,0.40,time_interpolation,1.700279,2.120880,-0.784948,403,403
7,7,55475,block,none,0.40,cubic_interpolation,3.219610,4.047848,-5.501922,403,403
7,7,55475,block,none,0.40,spline_interpolation,3.219610,4.047848,-5.501922,403,403
7,7,55475,block,none,0.40,moving_average,1.464106,1.818846,-0.312759,403,403
7,7,55475,block,none,0.40,knn,1.700279,2.120880,-0.784948,403,403
7,7,55475,block,none,0.40,knn_upgraded,1.697313,2.117269,-0.778875,403,403
7,7,55475,block,none,0.40,decision_tree,1.699048,2.117350,-0.779011,403,403
7,7,55475,block,none,0.40,random_forest,1.702257,2.122907,-0.788362,403,403
7,7,55475,block,none,0.40,neural_net,1.709302,2.138909,-0.815423,403,403
7,7,55475,block,none,0.40,adaptive_imputation,1.700279,2.120880,-0.784948,403,403
8,8,63394,block,none,0.40,forward_fill,3.726873,4.707319,-0.277831,403,403
8,8,63394,block,none,0.40,linear_interpolation,3.006725,3.780007,0.176030,403,403
8,8,63394,block,none,0.40,time_interpolation,3.006725,3.780007,0.176030,403,403
8,8,63394,block,none,0.40,cubic_interpolation,24.068826,27.291329,-41.951224,403,403
8,8,63394,block,none,0.40,spline_interpolation,24.068826,27.291329,-41.951224,403,403
8,8,63394,block,none,0.40,moving_average,3.691028,4.688976,-0.267892,403,403
8,8,63394,block,none,0.40,knn,3.006725,3.780007,0.176030,403,403
8,8,63394,block,none,0.40,knn_upgraded,3.008251,3.788007,0.172539,403,403
8,8,63394,block,none,0.40,decision_tree,2.957268,3.711507,0.205623,403,403
8,8,63394,block,none,0.40,random_forest,2.988562,3.760857,0.184357,403,403
8,8,63394,block,none,0.40,neural_net,3.032333,3.824731,0.156417,403,403
8,8,63394,block,none,0.40,adaptive_imputation,2.988562,3.760857,0.184357,403,403
9,9,71313,block,none,0.40,forward_fill,3.253921,3.981511,-1.919358,403,403
9,9,71313,block,none,0.40,linear_interpolation,3.793362,4.544572,-2.803447,403,403
9,9,71313,block,none,0.40,time_interpolation,3.793362,4.544572,-2.803447,403,403
9,9,71313,block,none,0.40,cubic_interpolation,6.107691,6.945945,-7.884932,403,403
9,9,71313,block,none,0.40,spline_interpolation,6.107691,6.945945,-7.884932,403,403
9,9,71313,block,none,0.40,moving_average,3.250409,3.981013,-1.918627,403,403
9,9,71313,block,none,0.40,knn,3.793362,4.544572,-2.803447,403,403
9,9,71313,block,none,0.40,knn_upgraded,3.801780,4.547067,-2.807625,403,403
9,9,71313,block,none,0.40,decision_tree,3.796400,4.546206,-2.806183,403,403
9,9,71313,block,none,0.40,random_forest,3.789623,4.548616,-2.810218,403,403
9,9,71313,block,none,0.40,neural_net,3.801845,4.591938,-2.883144,403,403
9,9,71313,block,none,0.40,adaptive_imputation,3.793362,4.544572,-2.803447,403,403
10,10,79232,block,none,0.40,forward_fill,1.726328,2.021244,-0.017528,403,403
10,10,79232,block,none,0.40,linear_interpolation,2.039294,2.490236,-0.544507,403,403
10,10,79232,block,none,0.40,time_interpolation,2.039294,2.490236,-0.544507,403,403
10,10,79232,block,none,0.40,cubic_interpolation,20.911633,25.799891,-164.784800,403,403
10,10,79232,block,none,0.40,spline_interpolation,20.911633,25.799891,-164.784800,403,403
10,10,79232,block,none,0.40,moving_average,1.694727,1.995839,0.007890,403,403
10,10,79232,block,none,0.40,knn,2.039294,2.490236,-0.544507,403,403
10,10,79232,block,none,0.40,knn_upgraded,1.992037,2.432309,-0.473488,403,403
10,10,79232,block,none,0.40,decision_tree,2.037714,2.488206,-0.541990,403,403
10,10,79232,block,none,0.40,random_forest,2.005520,2.438725,-0.481271,403,403
10,10,79232,block,none,0.40,neural_net,2.052946,2.432712,-0.473976,403,403
10,10,79232,block,none,0.40,adaptive_imputation,2.039294,2.490236,-0.544507,403,403
11,11,87151,block,none,0.40,forward_fill,4.555732,5.713991,-1.141569,403,403
11,11,87151,block,none,0.40,linear_interpolation,4.014737,5.309480,-0.849085,403,403
11,11,87151,block,none,0.40,time_interpolation,4.014737,5.309480,-0.849085,403,403
11,11,87151,block,none,0.40,cubic_interpolation,8.114099,9.460461,-4.870533,403,403
11,11,87151,block,none,0.40,spline_interpolation,8.114099,9.460461,-4.870533,403,403
11,11,87151,block,none,0.40,moving_average,4.543389,5.709402,-1.138130,403,403
11,11,87151,block,none,0.40,knn,4.014737,5.309480,-0.849085,403,403
11,11,87151,block,none,0.40,knn_upgraded,3.981840,5.288163,-0.834268,403,403
11,11,87151,block,none,0.40,decision_tree,4.027572,5.323393,-0.858789,403,403
11,11,87151,block,none,0.40,random_forest,3.992125,5.288609,-0.834577,403,403
11,11,87151,block,none,0.40,neural_net,3.981664,5.350001,-0.877417,403,403
11,11,87151,block,none,0.40,adaptive_imputation,4.014737,5.309480,-0.849085,403,403
12,12,95070,block,none,0.40,forward_fill,4.700422,5.181013,-3.957808,403,403
12,12,95070,block,none,0.40,linear_interpolation,1.865989,2.257705,0.058555,403,403
12,12,95070,block,none,0.40,time_interpolation,1.865989,2.257705,0.058555,403,403
12,12,95070,block,none,0.40,cubic_interpolation,3.046588,3.599987,-1.393659,403,403
12,12,95070,block,none,0.40,spline_interpolation,3.046588,3.599987,-1.393659,403,403
12,12,95070,block,none,0.40,moving_average,4.585332,5.092137,-3.789173,403,403
12,12,95070,block,none,0.40,knn,1.865989,2.257705,0.058555,403,403
12,12,95070,block,none,0.40,knn_upgraded,1.862245,2.254101,0.061559,403,403
12,12,95070,block,none,0.40,decision_tree,1.859887,2.256188,0.059820,403,403
12,12,95070,block,none,0.40,random_forest,1.860446,2.245834,0.068429,403,403
12,12,95070,block,none,0.40,neural_net,1.851529,2.242800,0.070945,403,403
12,12,95070,block,none,0.40,adaptive_imputation,1.865989,2.257705,0.058555,403,403
13,13,102989,block,none,0.40,forward_fill,3.677916,4.452006,-0.321781,403,403
13,13,102989,block,none,0.40,linear_interpolation,3.433551,4.148118,-0.147493,403,403
13,13,102989,block,none,0.40,time_interpolation,3.433551,4.148118,-0.147493,403,403
13,13,102989,block,none,0.40,cubic_interpolation,21.032227,25.677628,-42.970129,403,403
13,13,102989,block,none,0.40,spline_interpolation,21.032227,25.677628,-42.970129,403,403
13,13,102989,block,none,0.40,moving_average,3.612868,4.398719,-0.290329,403,403
13,13,102989,block,none,0.40,knn,3.433551,4.148118,-0.147493,403,403
13,13,102989,block,none,0.40,knn_upgraded,3.428797,4.145637,-0.146121,403,403
13,13,102989,block,none,0.40,decision_tree,3.421530,4.160366,-0.154280,403,403
13,13,102989,block,none,0.40,random_forest,3.435331,4.155794,-0.151744,403,403
13,13,102989,block,none,0.40,neural_net,3.478804,4.209836,-0.181894,403,403
13,13,102989,block,none,0.40,adaptive_imputation,3.433551,4.148118,-0.147493,403,403
14,14,110908,block,none,0.40,forward_fill,0.980496,1.429073,-0.023573,403,403
14,14,110908,block,none,0.40,linear_interpolation,1.080152,1.713831,-0.472129,403,403
14,14,110908,block,none,0.40,time_interpolation,1.080152,1.713831,-0.472129,403,403
14,14,110908,block,none,0.40,cubic_interpolation,4.195540,5.003619,-11.548112,403,403
14,14,110908,block,none,0.40,spline_interpolation,4.195540,5.003619,-11.548112,403,403
14,14,110908,block,none,0.40,moving_average,0.962502,1.416327,-0.005396,403,403
14,14,110908,block,none,0.40,knn,1.080152,1.713831,-0.472129,403,403
14,14,110908,block,none,0.40,knn_upgraded,1.074537,1.710924,-0.467140,403,403
14,14,110908,block,none,0.40,decision_tree,1.094647,1.759377,-0.551414,403,403
14,14,110908,block,none,0.40,random_forest,1.058274,1.688673,-0.429227,403,403
14,14,110908,block,none,0.40,neural_net,1.076355,1.697927,-0.444933,403,403
14,14,110908,block,none,0.40,adaptive_imputation,1.080152,1.713831,-0.472129,403,403
15,15,118827,block,none,0.40,forward_fill,7.192730,8.448572,-1.111960,403,403
15,15,118827,block,none,0.40,linear_interpolation,3.400668,4.380129,0.432334,403,403
15,15,118827,block,none,0.40,time_interpolation,3.400668,4.380129,0.432334,403,403
15,15,118827,block,none,0.40,cubic_interpolation,15.438676,17.956488,-8.540299,403,403
15,15,118827,block,none,0.40,spline_interpolation,15.438676,17.956488,-8.540299,403,403
15,15,118827,block,none,0.40,moving_average,7.018266,8.288626,-1.032751,403,403
15,15,118827,block,none,0.40,knn,3.400668,4.380129,0.432334,403,403
15,15,118827,block,none,0.40,knn_upgraded,3.389810,4.384818,0.431118,403,403
15,15,118827,block,none,0.40,decision_tree,3.365748,4.344381,0.441562,403,403
15,15,118827,block,none,0.40,random_forest,3.376900,4.359028,0.437790,403,403
15,15,118827,block,none,0.40,neural_net,3.401859,4.411127,0.424271,403,403
15,15,118827,block,none,0.40,adaptive_imputation,3.376900,4.359028,0.437790,403,403
16,16,126746,block,none,0.40,forward_fill,2.498908,3.092805,-0.122788,403,403
16,16,126746,block,none,0.40,linear_interpolation,2.419339,3.138932,-0.156529,403,403
16,16,126746,block,none,0.40,time_interpolation,2.419339,3.138932,-0.156529,403,403
16,16,126746,block,none,0.40,cubic_interpolation,10.613989,12.606196,-17.653525,403,403
16,16,126746,block,none,0.40,spline_interpolation,10.613989,12.606196,-17.653525,403,403
16,16,126746,block,none,0.40,moving_average,2.445141,3.049095,-0.091276,403,403
16,16,126746,block,none,0.40,knn,2.419339,3.138932,-0.156529,403,403
16,16,126746,block,none,0.40,knn_upgraded,2.411778,3.128383,-0.148769,403,403
16,16,126746,block,none,0.40,decision_tree,2.419221,3.138676,-0.156341,403,403
16,16,126746,block,none,0.40,random_forest,2.409770,3.123609,-0.145266,403,403
16,16,126746,block,none,0.40,neural_net,2.424781,3.149805,-0.164555,403,403
16,16,126746,block,none,0.40,adaptive_imputation,2.419339,3.138932,-0.156529,403,403
17,17,134665,block,none,0.40,forward_fill,8.436948,9.054507,-6.402245,403,403
17,17,134665,block,none,0.40,linear_interpolation,2.327956,3.231459,0.057175,403,403
17,17,134665,block,none,0.40,time_interpolation,2.327956,3.231459,0.057175,403,403
17,17,134665,block,none,0.40,cubic_interpolation,10.650890,11.654030,-11.262701,403,403
17,17,134665,block,none,0.40,spline_interpolation,10.650890,11.654030,-11.262701,403,403
17,17,134665,block,none,0.40,moving_average,8.238227,8.899163,-6.150430,403,403
17,17,134665,block,none,0.40,knn,2.327956,3.231459,0.057175,403,403
17,17,134665,block,none,0.40,knn_upgraded,2.337902,3.242141,0.050931,403,403
17,17,134665,block,none,0.40,decision_tree,2.363078,3.282314,0.027266,403,403
17,17,134665,block,none,0.40,random_forest,2.326481,3.231938,0.056895,403,403
17,17,134665,block,none,0.40,neural_net,2.346979,3.252769,0.044699,403,403
17,17,134665,block,none,0.40,adaptive_imputation,2.327956,3.231459,0.057175,403,403
18,18,142584,block,none,0.40,forward_fill,7.336476,8.070020,-4.762616,403,403
18,18,142584,block,none,0.40,linear_interpolation,5.938768,6.902810,-3.216211,403,403
18,18,142584,block,none,0.40,time_interpolation,5.938768,6.902810,-3.216211,403,403
18,18,142584,block,none,0.40,cubic_interpolation,6.620454,8.118181,-4.831603,403,403
18,18,142584,block,none,0.40,spline_interpolation,6.620454,8.118181,-4.831603,403,403
18,18,142584,block,none,0.40,moving_average,7.322022,8.066227,-4.757201,403,403
18,18,142584,block,none,0.40,knn,5.938768,6.902810,-3.216211,403,403
18,18,142584,block,none,0.40,knn_upgraded,5.929696,6.894372,-3.205909,403,403
18,18,142584,block,none,0.40,decision_tree,5.927323,6.890908,-3.201685,403,403
18,18,142584,block,none,0.40,random_forest,5.933418,6.894191,-3.205688,403,403
18,18,142584,block,none,0.40,neural_net,5.943334,6.895806,-3.207659,403,403
18,18,142584,block,none,0.40,adaptive_imputation,5.938768,6.902810,-3.216211,403,403
19,19,150503,block,none,0.40,forward_fill,2.264963,2.720780,-0.754952,403,403
19,19,150503,block,none,0.40,linear_interpolation,1.285392,1.550900,0.429775,403,403
19,19,150503,block,none,0.40,time_interpolation,1.285392,1.550900,0.429775,403,403
19,19,150503,block,none,0.40,cubic_interpolation,4.577461,5.354020,-5.795767,403,403
19,19,150503,block,none,0.40,spline_interpolation,4.577461,5.354020,-5.795767,403,403
19,19,150503,block,none,0.40,moving_average,2.208911,2.680916,-0.703903,403,403
19,19,150503,block,none,0.40,knn,1.285392,1.550900,0.429775,403,403
19,19,150503,block,none,0.40,knn_upgraded,1.296651,1.554243,0.427314,403,403
19,19,150503,block,none,0.40,decision_tree,1.285565,1.550700,0.429922,403,403
19,19,150503,block,none,0.40,random_forest,1.286446,1.551089,0.429636,403,403
19,19,150503,block,none,0.40,neural_net,1.311900,1.571696,0.414381,403,403
19,19,150503,block,none,0.40,adaptive_imputation,1.285392,1.550900,0.429775,403,403
0,0,42,block,none,0.50,forward_fill,8.246746,10.979342,-1.083302,504,504
0,0,42,block,none,0.50,linear_interpolation,5.436198,7.044111,0.142465,504,504
0,0,42,block,none,0.50,time_interpolation,5.436198,7.044111,0.142465,504,504
0,0,42,block,none,0.50,cubic_interpolation,6.017357,7.449170,0.041007,504,504
0,0,42,block,none,0.50,spline_interpolation,6.017357,7.449170,0.041007,504,504
0,0,42,block,none,0.50,moving_average,8.160095,10.944922,-1.070260,504,504
0,0,42,block,none,0.50,knn,5.436198,7.044111,0.142465,504,504
0,0,42,block,none,0.50,knn_upgraded,5.444733,7.045209,0.142197,504,504
0,0,42,block,none,0.50,decision_tree,5.398310,6.936627,0.168435,504,504
0,0,42,block,none,0.50,random_forest,5.420042,6.999359,0.153326,504,504
0,0,42,block,none,0.50,neural_net,5.366374,6.967515,0.161013,504,504
0,0,42,block,none,0.50,adaptive_imputation,5.436198,7.044111,0.142465,504,504
1,1,7961,block,none,0.50,forward_fill,4.111329,5.065040,-0.864259,504,504
1,1,7961,block,none,0.50,linear_interpolation,2.312071,2.688533,0.474743,504,504
1,1,7961,block,none,0.50,time_interpolation,2.312071,2.688533,0.474743,504,504
1,1,7961,block,none,0.50,cubic_interpolation,19.787534,23.309803,-38.483702,504,504
1,1,7961,block,none,0.50,spline_interpolation,19.787534,23.309803,-38.483702,504,504
1,1,7961,block,none,0.50,moving_average,4.027032,4.986772,-0.807090,504,504
1,1,7961,block,none,0.50,knn,2.312071,2.688533,0.474743,504,504
1,1,7961,block,none,0.50,knn_upgraded,2.316817,2.691998,0.473389,504,504
1,1,7961,block,none,0.50,decision_tree,2.287933,2.681759,0.477387,504,504
1,1,7961,block,none,0.50,random_forest,2.317282,2.697396,0.471275,504,504
1,1,7961,block,none,0.50,neural_net,2.313961,2.736116,0.455987,504,504
1,1,7961,block,none,0.50,adaptive_imputation,2.312071,2.688533,0.474743,504,504
2,2,15880,block,none,0.50,forward_fill,1.873095,2.241761,-0.006087,504,504
2,2,15880,block,none,0.50,linear_interpolation,1.845677,2.267496,-0.029319,504,504
2,2,15880,block,none,0.50,time_interpolation,1.845677,2.267496,-0.029319,504,504
2,2,15880,block,none,0.50,cubic_interpolation,12.803748,14.452227,-40.814445,504,504
2,2,15880,block,none,0.50,spline_interpolation,12.803748,14.452227,-40.814445,504,504
2,2,15880,block,none,0.50,moving_average,1.859154,2.236439,-0.001316,504,504
2,2,15880,block,none,0.50,knn,1.845677,2.267496,-0.029319,504,504
2,2,15880,block,none,0.50,knn_upgraded,1.845273,2.273549,-0.034821,504,504
2,2,15880,block,none,0.50,decision_tree,1.846110,2.268154,-0.029916,504,504
2,2,15880,block,none,0.50,random_forest,1.851342,2.279984,-0.040688,504,504
2,2,15880,block,none,0.50,neural_net,1.853946,2.303585,-0.062344,504,504
2,2,15880,block,none,0.50,adaptive_imputation,1.845677,2.267496,-0.029319,504,504
3,3,23799,block,none,0.50,forward_fill,2.527421,2.827937,-0.060717,504,504
3,3,23799,block,none,0.50,linear_interpolation,3.314025,3.727169,-0.842545,504,504
3,3,23799,block,none,0.50,time_interpolation,3.314025,3.727169,-0.842545,504,504
3,3,23799,block,none,0.50,cubic_interpolation,7.881634,9.059552,-9.886126,504,504
3,3,23799,block,none,0.50,spline_interpolation,7.881634,9.059552,-9.886126,504,504
3,3,23799,block,none,0.50,moving_average,2.505458,2.817559,-0.052946,504,504
3,3,23799,block,none,0.50,knn,3.314025,3.727169,-0.842545,504,504
3,3,23799,block,none,0.50,knn_upgraded,3.305947,3.715274,-0.830803,504,504
3,3,23799,block,none,0.50,decision_tree,3.315240,3.728718,-0.844076,504,504
3,3,23799,block,none,0.50,random_forest,3.342322,3.762245,-0.877388,504,504
3,3,23799,block,none,0.50,neural_net,3.321553,3.732109,-0.847432,504,504
3,3,23799,block,none,0.50,adaptive_imputation,3.314025,3.727169,-0.842545,504,504
4,4,31718,block,none,0.50,forward_fill,1.997083,2.630869,-0.048170,504,504
4,4,31718,block,none,0.50,linear_interpolation,2.860695,3.862183,-1.258909,504,504
4,4,31718,block,none,0.50,time_interpolation,2.860695,3.862183,-1.258909,504,504
4,4,31718,block,none,0.50,cubic_interpolation,16.113836,19.215881,-54.918260,504,504
4,4,31718,block,none,0.50,spline_interpolation,16.113836,19.215881,-54.918260,504,504
4,4,31718,block,none,0.50,moving_average,1.966727,2.598659,-0.022661,504,504
4,4,31718,block,none,0.50,knn,2.860695,3.862183,-1.258909,504,504
4,4,31718,block,none,0.50,knn_upgraded,2.812459,3.791390,-1.176857,504,504
4,4,31718,block,none,0.50,decision_tree,2.860672,3.862158,-1.258880,504,504
4,4,31718,block,none,0.50,random_forest,2.868346,3.873695,-1.272396,504,504
4,4,31718,block,none,0.50,neural_net,2.828588,3.802232,-1.189325,504,504
4,4,31718,block,none,0.50,adaptive_imputation,2.860695,3.862183,-1.258909,504,504
5,5,39637,block,none,0.50,forward_fill,5.298254,6.611876,-0.949416,504,504
5,5,39637,block,none,0.50,linear_interpolation,4.864156,6.104561,-0.661744,504,504
5,5,39637,block,none,0.50,time_interpolation,4.864156,6.104561,-0.661744,504,504
5,5,39637,block,none,0.50,cubic_interpolation,23.356918,25.975803,-29.087989,504,504
5,5,39637,block,none,0.50,spline_interpolation,23.356918,25.975803,-29.087989,504,504
5,5,39637,block,none,0.50,moving_average,5.286638,6.610610,-0.948670,504,504
5,5,39637,block,none,0.50,knn,4.864156,6.104561,-0.661744,504,504
5,5,39637,block,none,0.50,knn_upgraded,4.875039,6.123368,-0.671998,504,504
5,5,39637,block,none,0.50,decision_tree,4.884340,6.136254,-0.679043,504,504
5,5,39637,block,none,0.50,random_forest,4.872049,6.118167,-0.669160,504,504
5,5,39637,block,none,0.50,neural_net,4.863099,6.116700,-0.668359,504,504
5,5,39637,block,none,0.50,adaptive_imputation,4.864156,6.104561,-0.661744,504,504
6,6,47556,block,none,0.50,forward_fill,4.074464,5.168786,-0.655813,504,504
6,6,47556,block,none,0.50,linear_interpolation,3.793856,4.746589,-0.396361,504,504
6,6,47556,block,none,0.50,time_interpolation,3.793856,4.746589,-0.396361,504,504
6,6,47556,block,none,0.50,cubic_interpolation,4.627039,5.412608,-0.815714,504,504
6,6,47556,block,none,0.50,spline_interpolation,4.627039,5.412608,-0.815714,504,504
6,6,47556,block,none,0.50,moving_average,4.057915,5.165704,-0.653839,504,504
6,6,47556,block,none,0.50,knn,3.793856,4.746589,-0.396361,504,504
6,6,47556,block,none,0.50,knn_upgraded,3.785375,4.732360,-0.388001,504,504
6,6,47556,block,none,0.50,decision_tree,3.821315,4.794459,-0.424667,504,504
6,6,47556,block,none,0.50,random_forest,3.783817,4.732344,-0.387992,504,504
6,6,47556,block,none,0.50,neural_net,3.783553,4.746748,-0.396454,504,504
6,6,47556,block,none,0.50,adaptive_imputation,4.627039,5.412608,-0.815714,504,504
7,7,55475,block,none,0.50,forward_fill,1.308234,1.625850,-0.085061,504,504
7,7,55475,block,none,0.50,linear_interpolation,1.402372,1.749734,-0.256717,504,504
7,7,55475,block,none,0.50,time_interpolation,1.402372,1.749734,-0.256717,504,504
7,7,55475,block,none,0.50,cubic_interpolation,10.256694,12.398306,-62.098392,504,504
7,7,55475,block,none,0.50,spline_interpolation,10.256694,12.398306,-62.098392,504,504
7,7,55475,block,none,0.50,moving_average,1.301334,1.622196,-0.080190,504,504
7,7,55475,block,none,0.50,knn,1.402372,1.749734,-0.256717,504,504
7,7,55475,block,none,0.50,knn_upgraded,1.406940,1.756190,-0.266009,504,504
7,7,55475,block,none,0.50,decision_tree,1.405306,1.752510,-0.260709,504,504
7,7,55475,block,none,0.50,random_forest,1.409864,1.759796,-0.271213,504,504
7,7,55475,block,none,0.50,neural_net,1.397806,1.751268,-0.258921,504,504
7,7,55475,block,none,0.50,adaptive_imputation,1.402372,1.749734,-0.256717,504,504
8,8,63394,block,none,0.50,forward_fill,10.104266,11.301356,-1.385624,504,504
8,8,63394,block,none,0.50,linear_interpolation,7.101367,8.008061,-0.197831,504,504
8,8,63394,block,none,0.50,time_interpolation,7.101367,8.008061,-0.197831,504,504
8,8,63394,block,none,0.50,cubic_interpolation,3.990141,5.158023,0.503056,504,504
8,8,63394,block,none,0.50,spline_interpolation,3.990141,5.158023,0.503056,504,504
8,8,63394,block,none,0.50,moving_average,10.028113,11.275075,-1.374541,504,504
8,8,63394,block,none,0.50,knn,7.101367,8.008061,-0.197831,504,504
8,8,63394,block,none,0.50,knn_upgraded,7.090523,7.995700,-0.194136,504,504
8,8,63394,block,none,0.50,decision_tree,7.107755,8.020319,-0.201501,504,504
8,8,63394,block,none,0.50,random_forest,7.081433,7.987778,-0.191771,504,504
8,8,63394,block,none,0.50,neural_net,7.002690,7.898187,-0.165187,504,504
8,8,63394,block,none,0.50,adaptive_imputation,7.101367,8.008061,-0.197831,504,504
9,9,71313,block,none,0.50,forward_fill,2.638710,3.381604,-0.060051,504,504
9,9,71313,block,none,0.50,linear_interpolation,2.762798,3.824507,-0.355914,504,504
9,9,71313,block,none,0.50,time_interpolation,2.762798,3.824507,-0.355914,504,504
9,9,71313,block,none,0.50,cubic_interpolation,6.664693,7.458252,-4.156505,504,504
9,9,71313,block,none,0.50,spline_interpolation,6.664693,7.458252,-4.156505,504,504
9,9,71313,block,none,0.50,moving_average,2.576511,3.324998,-0.024859,504,504
9,9,71313,block,none,0.50,knn,2.762798,3.824507,-0.355914,504,504
9,9,71313,block,none,0.50,knn_upgraded,2.769913,3.830525,-0.360185,504,504
9,9,71313,block,none,0.50,decision_tree,2.797269,3.872985,-0.390506,504,504
9,9,71313,block,none,0.50,random_forest,2.747534,3.806634,-0.343271,504,504
9,9,71313,block,none,0.50,neural_net,2.756416,3.825810,-0.356838,504,504
9,9,71313,block,none,0.50,adaptive_imputation,2.762798,3.824507,-0.355914,504,504
10,10,79232,block,none,0.50,forward_fill,4.761528,5.496671,-0.623948,504,504
10,10,79232,block,none,0.50,linear_interpolation,2.482849,3.373228,0.388405,504,504
10,10,79232,block,none,0.50,time_interpolation,2.482849,3.373228,0.388405,504,504
10,10,79232,block,none,0.50,cubic_interpolation,7.519484,8.953616,-3.308929,504,504
10,10,79232,block,none,0.50,spline_interpolation,7.519484,8.953616,-3.308929,504,504
10,10,79232,block,none,0.50,moving_average,4.687591,5.452200,-0.597776,504,504
10,10,79232,block,none,0.50,knn,2.482849,3.373228,0.388405,504,504
10,10,79232,block,none,0.50,knn_upgraded,2.485616,3.375090,0.387730,504,504
10,10,79232,block,none,0.50,decision_tree,2.482779,3.373186,0.388420,504,504
10,10,79232,block,none,0.50,random_forest,2.484717,3.373015,0.388483,504,504
10,10,79232,block,none,0.50,neural_net,2.493582,3.386209,0.383689,504,504
10,10,79232,block,none,0.50,adaptive_imputation,7.519484,8.953616,-3.308929,504,504
11,11,87151,block,none,0.50,forward_fill,7.769563,8.761222,-3.470583,504,504
11,11,87151,block,none,0.50,linear_interpolation,3.657527,4.832889,-0.360343,504,504
11,11,87151,block,none,0.50,time_interpolation,3.657527,4.832889,-0.360343,504,504
11,11,87151,block,none,0.50,cubic_interpolation,39.752659,45.482519,-119.482478,504,504
11,11,87151,block,none,0.50,spline_interpolation,39.752659,45.482519,-119.482478,504,504
11,11,87151,block,none,0.50,moving_average,7.612706,8.624096,-3.331736,504,504
11,11,87151,block,none,0.50,knn,3.657527,4.832889,-0.360343,504,504
11,11,87151,block,none,0.50,knn_upgraded,3.655087,4.807320,-0.345987,504,504
11,11,87151,block,none,0.50,decision_tree,3.661444,4.772802,-0.326727,504,504
11,11,87151,block,none,0.50,random_forest,3.655114,4.792564,-0.337737,504,504
11,11,87151,block,none,0.50,neural_net,3.662280,4.756486,-0.317672,504,504
11,11,87151,block,none,0.50,adaptive_imputation,3.657527,4.832889,-0.360343,504,504
12,12,95070,block,none,0.50,forward_fill,2.758056,3.401183,-1.042828,504,504
12,12,95070,block,none,0.50,linear_interpolation,1.549449,1.896323,0.364967,504,504
12,12,95070,block,none,0.50,time_interpolation,1.549449,1.896323,0.364967,504,504
12,12,95070,block,none,0.50,cubic_interpolation,2.368983,3.062362,-0.656093,504,504
12,12,95070,block,none,0.50,spline_interpolation,2.368983,3.062362,-0.656093,504,504
12,12,95070,block,none,0.50,moving_average,2.689115,3.340646,-0.970755,504,504
12,12,95070,block,none,0.50,knn,1.549449,1.896323,0.364967,504,504
12,12,95070,block,none,0.50,knn_upgraded,1.549267,1.896213,0.365041,504,504
12,12,95070,block,none,0.50,decision_tree,1.544427,1.888503,0.370193,504,504
12,12,95070,block,none,0.50,random_forest,1.551449,1.898459,0.363536,504,504
12,12,95070,block,none,0.50,neural_net,1.552933,1.897734,0.364022,504,504
12,12,95070,block,none,0.50,adaptive_imputation,1.549449,1.896323,0.364967,504,504
13,13,102989,block,none,0.50,forward_fill,4.467837,5.536033,-1.725142,504,504
13,13,102989,block,none,0.50,linear_interpolation,3.161097,4.458935,-0.767885,504,504
13,13,102989,block,none,0.50,time_interpolation,3.161097,4.458935,-0.767885,504,504
13,13,102989,block,none,0.50,cubic_interpolation,4.655923,5.833729,-2.026106,504,504
13,13,102989,block,none,0.50,spline_interpolation,4.655923,5.833729,-2.026106,504,504
13,13,102989,block,none,0.50,moving_average,4.392898,5.488359,-1.678408,504,504
13,13,102989,block,none,0.50,knn,3.161097,4.458935,-0.767885,504,504
13,13,102989,block,none,0.50,knn_upgraded,3.160072,4.457485,-0.766735,504,504
13,13,102989,block,none,0.50,decision_tree,3.161169,4.459328,-0.768196,504,504
13,13,102989,block,none,0.50,random_forest,3.165869,4.465235,-0.772884,504,504
13,13,102989,block,none,0.50,neural_net,3.167272,4.469742,-0.776465,504,504
13,13,102989,block,none,0.50,adaptive_imputation,3.161097,4.458935,-0.767885,504,504
14,14,110908,block,none,0.50,forward_fill,2.843135,3.286612,-2.489062,504,504
14,14,110908,block,none,0.50,linear_interpolation,1.269340,1.833749,-0.086154,504,504
14,14,110908,block,none,0.50,time_interpolation,1.269340,1.833749,-0.086154,504,504
14,14,110908,block,none,0.50,cubic_interpolation,2.044050,2.541716,-1.086727,504,504
14,14,110908,block,none,0.50,spline_interpolation,2.044050,2.541716,-1.086727,504,504
14,14,110908,block,none,0.50,moving_average,2.799231,3.259775,-2.432314,504,504
14,14,110908,block,none,0.50,knn,1.269340,1.833749,-0.086154,504,504
14,14,110908,block,none,0.50,knn_upgraded,1.267760,1.838101,-0.091315,504,504
14,14,110908,block,none,0.50,decision_tree,1.269390,1.833828,-0.086248,504,504
14,14,110908,block,none,0.50,random_forest,1.267927,1.827102,-0.078294,504,504
14,14,110908,block,none,0.50,neural_net,1.275366,1.828019,-0.079376,504,504
14,14,110908,block,none,0.50,adaptive_imputation,1.269340,1.833749,-0.086154,504,504
15,15,118827,block,none,0.50,forward_fill,4.537540,5.347041,-0.112734,504,504
15,15,118827,block,none,0.50,linear_interpolation,4.740422,6.015320,-0.408256,504,504
15,15,118827,block,none,0.50,time_interpolation,4.740422,6.015320,-0.408256,504,504
15,15,118827,block,none,0.50,cubic_interpolation,14.965217,17.930108,-11.512097,504,504
15,15,118827,block,none,0.50,spline_interpolation,14.965217,17.930108,-11.512097,504,504
15,15,118827,block,none,0.50,moving_average,4.447298,5.269761,-0.080802,504,504
15,15,118827,block,none,0.50,knn,4.740422,6.015320,-0.408256,504,504
15,15,118827,block,none,0.50,knn_upgraded,4.758729,6.040478,-0.420061,504,504
15,15,118827,block,none,0.50,decision_tree,4.717894,5.994028,-0.398305,504,504
15,15,118827,block,none,0.50,random_forest,4.714762,5.989096,-0.396004,504,504
15,15,118827,block,none,0.50,neural_net,4.696070,5.992134,-0.397421,504,504
15,15,118827,block,none,0.50,adaptive_imputation,4.740422,6.015320,-0.408256,504,504
16,16,126746,block,none,0.50,forward_fill,1.932520,2.760200,-0.519757,504,504
16,16,126746,block,none,0.50,linear_interpolation,1.932732,2.448789,-0.196178,504,504
16,16,126746,block,none,0.50,time_interpolation,1.932732,2.448789,-0.196178,504,504
16,16,126746,block,none,0.50,cubic_interpolation,1.861369,2.384379,-0.134080,504,504
16,16,126746,block,none,0.50,spline_interpolation,1.861369,2.384379,-0.134080,504,504
16,16,126746,block,none,0.50,moving_average,1.910956,2.751551,-0.510248,504,504
16,16,126746,block,none,0.50,knn,1.932732,2.448789,-0.196178,504,504
16,16,126746,block,none,0.50,knn_upgraded,1.931087,2.445602,-0.193066,504,504
16,16,126746,block,none,0.50,decision_tree,1.932701,2.449006,-0.196390,504,504
16,16,126746,block,none,0.50,random_forest,1.926560,2.446296,-0.193744,504,504
16,16,126746,block,none,0.50,neural_net,1.957295,2.478205,-0.225088,504,504
16,16,126746,block,none,0.50,adaptive_imputation,1.932732,2.448789,-0.196178,504,504
17,17,134665,block,none,0.50,forward_fill,4.114167,4.389364,-0.014816,504,504
17,17,134665,block,none,0.50,linear_interpolation,3.355256,3.802979,0.238216,504,504
17,17,134665,block,none,0.50,time_interpolation,3.355256,3.802979,0.238216,504,504
17,17,134665,block,none,0.50,cubic_interpolation,33.565823,39.083518,-79.458363,504,504
17,17,134665,block,none,0.50,spline_interpolation,33.565823,39.083518,-79.458363,504,504
17,17,134665,block,none,0.50,moving_average,4.080737,4.373934,-0.007693,504,504
17,17,134665,block,none,0.50,knn,3.355256,3.802979,0.238216,504,504
17,17,134665,block,none,0.50,knn_upgraded,3.367786,3.787514,0.244399,504,504
17,17,134665,block,none,0.50,decision_tree,3.345242,3.746847,0.260538,504,504
17,17,134665,block,none,0.50,random_forest,3.357942,3.770947,0.250995,504,504
17,17,134665,block,none,0.50,neural_net,3.447228,3.842601,0.222260,504,504
17,17,134665,block,none,0.50,adaptive_imputation,33.565823,39.083518,-79.458363,504,504
18,18,142584,block,none,0.50,forward_fill,3.435615,4.155690,-1.080254,504,504
18,18,142584,block,none,0.50,linear_interpolation,2.420435,2.828253,0.036466,504,504
18,18,142584,block,none,0.50,time_interpolation,2.420435,2.828253,0.036466,504,504
18,18,142584,block,none,0.50,cubic_interpolation,25.114075,28.031029,-93.647321,504,504
18,18,142584,block,none,0.50,spline_interpolation,25.114075,28.031029,-93.647321,504,504
18,18,142584,block,none,0.50,moving_average,3.367421,4.071828,-0.997143,504,504
18,18,142584,block,none,0.50,knn,2.420435,2.828253,0.036466,504,504
18,18,142584,block,none,0.50,knn_upgraded,2.423909,2.840107,0.028373,504,504
18,18,142584,block,none,0.50,decision_tree,2.460466,2.906446,-0.017548,504,504
18,18,142584,block,none,0.50,random_forest,2.414919,2.838865,0.029223,504,504
18,18,142584,block,none,0.50,neural_net,2.456088,2.903264,-0.015321,504,504
18,18,142584,block,none,0.50,adaptive_imputation,2.420435,2.828253,0.036466,504,504
19,19,150503,block,none,0.50,forward_fill,1.550972,1.949158,-0.056359,504,504
19,19,150503,block,none,0.50,linear_interpolation,1.532377,1.984548,-0.095067,504,504
19,19,150503,block,none,0.50,time_interpolation,1.532377,1.984548,-0.095067,504,504
19,19,150503,block,none,0.50,cubic_interpolation,5.527352,6.600944,-11.115168,504,504
19,19,150503,block,none,0.50,spline_interpolation,5.527353,6.600945,-11.115172,504,504
19,19,150503,block,none,0.50,moving_average,1.542022,1.946936,-0.053952,504,504
19,19,150503,block,none,0.50,knn,1.532377,1.984548,-0.095067,504,504
19,19,150503,block,none,0.50,knn_upgraded,1.554630,2.014670,-0.128562,504,504
19,19,150503,block,none,0.50,decision_tree,1.529722,1.981509,-0.091716,504,504
19,19,150503,block,none,0.50,random_forest,1.530990,1.983555,-0.093971,504,504
19,19,150503,block,none,0.50,neural_net,1.573978,2.029853,-0.145636,504,504
19,19,150503,block,none,0.50,adaptive_imputation,1.532377,1.984548,-0.095067,504,504
0,0,42,block,none,0.60,forward_fill,6.704380,9.176970,-0.537949,605,605
0,0,42,block,none,0.60,linear_interpolation,5.349944,6.872005,0.137597,605,605
0,0,42,block,none,0.60,time_interpolation,5.349944,6.872005,0.137597,605,605
0,0,42,block,none,0.60,cubic_interpolation,12.831637,15.864213,-3.596002,605,605
0,0,42,block,none,0.60,spline_interpolation,12.831637,15.864213,-3.596002,605,605
0,0,42,block,none,0.60,moving_average,6.664134,9.163444,-0.533418,605,605
0,0,42,block,none,0.60,knn,5.349944,6.872005,0.137597,605,605
0,0,42,block,none,0.60,knn_upgraded,5.349565,6.888749,0.133390,605,605
0,0,42,block,none,0.60,decision_tree,5.360127,6.970987,0.112575,605,605
0,0,42,block,none,0.60,random_forest,5.314644,6.854278,0.142041,605,605
0,0,42,block,none,0.60,neural_net,5.173044,6.756124,0.166437,605,605
0,0,42,block,none,0.60,adaptive_imputation,5.349944,6.872005,0.137597,605,605
1,1,7961,block,none,0.60,forward_fill,2.591603,3.386187,-0.357058,605,605
1,1,7961,block,none,0.60,linear_interpolation,3.465603,4.248279,-1.136007,605,605
1,1,7961,block,none,0.60,time_interpolation,3.465603,4.248279,-1.136007,605,605
1,1,7961,block,none,0.60,cubic_interpolation,17.205320,20.331841,-47.924923,605,605
1,1,7961,block,none,0.60,spline_interpolation,17.205320,20.331841,-47.924923,605,605
1,1,7961,block,none,0.60,moving_average,2.507475,3.264460,-0.261245,605,605
1,1,7961,block,none,0.60,knn,3.465603,4.248279,-1.136007,605,605
1,1,7961,block,none,0.60,knn_upgraded,3.472302,4.254840,-1.142610,605,605
1,1,7961,block,none,0.60,decision_tree,3.476732,4.255112,-1.142884,605,605
1,1,7961,block,none,0.60,random_forest,3.501110,4.288388,-1.176531,605,605
1,1,7961,block,none,0.60,neural_net,3.586214,4.381899,-1.272487,605,605
1,1,7961,block,none,0.60,adaptive_imputation,3.465603,4.248279,-1.136007,605,605
2,2,15880,block,none,0.60,forward_fill,4.519355,4.914824,-4.530109,605,605
2,2,15880,block,none,0.60,linear_interpolation,2.736831,3.290543,-1.478866,605,605
2,2,15880,block,none,0.60,time_interpolation,2.736831,3.290543,-1.478866,605,605
2,2,15880,block,none,0.60,cubic_interpolation,20.811132,23.635036,-126.888164,605,605
2,2,15880,block,none,0.60,spline_interpolation,20.822803,23.645889,-127.005646,605,605
2,2,15880,block,none,0.60,moving_average,4.489387,4.902989,-4.503510,605,605
2,2,15880,block,none,0.60,knn,2.736831,3.290543,-1.478866,605,605
2,2,15880,block,none,0.60,knn_upgraded,2.772867,3.327053,-1.534179,605,605
2,2,15880,block,none,0.60,decision_tree,2.882235,3.432384,-1.697178,605,605
2,2,15880,block,none,0.60,random_forest,2.795766,3.351452,-1.571484,605,605
2,2,15880,block,none,0.60,neural_net,2.763972,3.323440,-1.528679,605,605
2,2,15880,block,none,0.60,adaptive_imputation,2.736831,3.290543,-1.478866,605,605
3,3,23799,block,none,0.60,forward_fill,8.164777,9.060748,-3.105202,605,605
3,3,23799,block,none,0.60,linear_interpolation,3.055593,3.958005,0.216644,605,605
3,3,23799,block,none,0.60,time_interpolation,3.055593,3.958005,0.216644,605,605
3,3,23799,block,none,0.60,cubic_interpolation,8.998336,11.286456,-5.369739,605,605
3,3,23799,block,none,0.60,spline_interpolation,8.998336,11.286456,-5.369739,605,605
3,3,23799,block,none,0.60,moving_average,8.058085,8.992677,-3.043751,605,605
3,3,23799,block,none,0.60,knn,3.055593,3.958005,0.216644,605,605
3,3,23799,block,none,0.60,knn_upgraded,3.048242,3.944992,0.221787,605,605
3,3,23799,block,none,0.60,decision_tree,3.008436,3.904074,0.237846,605,605
3,3,23799,block,none,0.60,random_forest,3.052443,3.956635,0.217186,605,605
3,3,23799,block,none,0.60,neural_net,3.098868,3.994943,0.201955,605,605
3,3,23799,block,none,0.60,adaptive_imputation,8.164777,9.060748,-3.105202,605,605
4,4,31718,block,none,0.60,forward_fill,2.785603,3.592412,-0.301586,605,605
4,4,31718,block,none,0.60,linear_interpolation,2.681457,3.413636,-0.175262,605,605
4,4,31718,block,none,0.60,time_interpolation,2.681457,3.413636,-0.175262,605,605
4,4,31718,block,none,0.60,cubic_interpolation,50.081721,59.016597,-350.276229,605,605
4,4,31718,block,none,0.60,spline_interpolation,50.963570,60.047095,-362.650699,605,605
4,4,31718,block,none,0.60,moving_average,2.801713,3.602528,-0.308927,605,605
4,4,31718,block,none,0.60,knn,2.681457,3.413636,-0.175262,605,605
4,4,31718,block,none,0.60,knn_upgraded,2.700240,3.447164,-0.198462,605,605
4,4,31718,block,none,0.60,decision_tree,2.682711,3.416146,-0.176991,605,605
4,4,31718,block,none,0.60,random_forest,2.691528,3.428056,-0.185212,605,605
4,4,31718,block,none,0.60,neural_net,2.694267,3.529223,-0.256199,605,605
4,4,31718,block,none,0.60,adaptive_imputation,2.681457,3.413636,-0.175262,605,605
5,5,39637,block,none,0.60,forward_fill,7.934430,9.182806,-2.927626,605,605
5,5,39637,block,none,0.60,linear_interpolation,4.808169,6.030105,-0.693671,605,605
5,5,39637,block,none,0.60,time_interpolation,4.808169,6.030105,-0.693671,605,605
5,5,39637,block,none,0.60,cubic_interpolation,18.314602,19.773121,-17.210832,605,605
5,5,39637,block,none,0.60,spline_interpolation,18.314602,19.773121,-17.210832,605,605
5,5,39637,block,none,0.60,moving_average,7.869807,9.156977,-2.905562,605,605
5,5,39637,block,none,0.60,knn,4.808169,6.030105,-0.693671,605,605
5,5,39637,block,none,0.60,knn_upgraded,4.824458,6.048650,-0.704105,605,605
5,5,39637,block,none,0.60,decision_tree,4.861894,6.089720,-0.727325,605,605
5,5,39637,block,none,0.60,random_forest,4.848441,6.075631,-0.719341,605,605
5,5,39637,block,none,0.60,neural_net,4.826093,6.049047,-0.704328,605,605
5,5,39637,block,none,0.60,adaptive_imputation,4.808169,6.030105,-0.693671,605,605
6,6,47556,block,none,0.60,forward_fill,3.863339,4.384510,-0.130516,605,605
6,6,47556,block,none,0.60,linear_interpolation,3.588721,4.134539,-0.005284,605,605
6,6,47556,block,none,0.60,time_interpolation,3.588721,4.134539,-0.005284,605,605
6,6,47556,block,none,0.60,cubic_interpolation,17.523259,20.005343,-22.535665,605,605
6,6,47556,block,none,0.60,spline_interpolation,17.523259,20.005343,-22.535665,605,605
6,6,47556,block,none,0.60,moving_average,3.860893,4.384099,-0.130304,605,605
6,6,47556,block,none,0.60,knn,3.588721,4.134539,-0.005284,605,605
6,6,47556,block,none,0.60,knn_upgraded,3.593063,4.136557,-0.006265,605,605
6,6,47556,block,none,0.60,decision_tree,3.515719,4.069667,0.026015,605,605
6,6,47556,block,none,0.60,random_forest,3.587917,4.137104,-0.006532,605,605
6,6,47556,block,none,0.60,neural_net,3.570747,4.158501,-0.016970,605,605
6,6,47556,block,none,0.60,adaptive_imputation,3.588721,4.134539,-0.005284,605,605
7,7,55475,block,none,0.60,forward_fill,2.309587,2.888620,-0.205752,605,605
7,7,55475,block,none,0.60,linear_interpolation,2.742669,3.396785,-0.667299,605,605
7,7,55475,block,none,0.60,time_interpolation,2.742669,3.396785,-0.667299,605,605
7,7,55475,block,none,0.60,cubic_interpolation,10.671172,12.279472,-20.788973,605,605
7,7,55475,block,none,0.60,spline_interpolation,10.671172,12.279472,-20.788973,605,605
7,7,55475,block,none,0.60,moving_average,2.290182,2.870721,-0.190856,605,605
7,7,55475,block,none,0.60,knn,2.742669,3.396785,-0.667299,605,605
7,7,55475,block,none,0.60,knn_upgraded,2.731184,3.390526,-0.661161,605,605
7,7,55475,block,none,0.60,decision_tree,2.678423,3.328545,-0.600982,605,605
7,7,55475,block,none,0.60,random_forest,2.724198,3.377533,-0.648454,605,605
7,7,55475,block,none,0.60,neural_net,2.676781,3.352812,-0.624411,605,605
7,7,55475,block,none,0.60,adaptive_imputation,2.742669,3.396785,-0.667299,605,605
8,8,63394,block,none,0.60,forward_fill,17.393851,17.934305,-15.845726,605,605
8,8,63394,block,none,0.60,linear_interpolation,8.557853,10.071363,-4.312478,605,605
8,8,63394,block,none,0.60,time_interpolation,8.557853,10.071363,-4.312478,605,605
8,8,63394,block,none,0.60,cubic_interpolation,26.860062,31.093461,-49.635927,605,605
8,8,63394,block,none,0.60,spline_interpolation,26.860062,31.093461,-49.635927,605,605
8,8,63394,block,none,0.60,moving_average,17.201688,17.824494,-15.640065,605,605
8,8,63394,block,none,0.60,knn,8.557853,10.071363,-4.312478,605,605
8,8,63394,block,none,0.60,knn_upgraded,8.507484,10.014393,-4.252546,605,605
8,8,63394,block,none,0.60,decision_tree,8.210390,9.660782,-3.888157,605,605
8,8,63394,block,none,0.60,random_forest,8.497917,9.997882,-4.235241,605,605
8,8,63394,block,none,0.60,neural_net,8.429464,9.932685,-4.167184,605,605
8,8,63394,block,none,0.60,adaptive_imputation,8.557853,10.071363,-4.312478,605,605
9,9,71313,block,none,0.60,forward_fill,7.354810,7.861649,-7.010864,605,605
9,9,71313,block,none,0.60,linear_interpolation,4.960784,5.633738,-3.113822,605,605
9,9,71313,block,none,0.60,time_interpolation,4.960784,5.633738,-3.113822,605,605
9,9,71313,block,none,0.60,cubic_interpolation,33.908721,39.532653,-201.564815,605,605
9,9,71313,block,none,0.60,spline_interpolation,33.908721,39.532653,-201.564815,605,605
9,9,71313,block,none,0.60,moving_average,7.329638,7.850190,-6.987529,605,605
9,9,71313,block,none,0.60,knn,4.960784,5.633738,-3.113822,605,605
9,9,71313,block,none,0.60,knn_upgraded,4.969190,5.644147,-3.129036,605,605
9,9,71313,block,none,0.60,decision_tree,5.070649,5.747106,-3.281051,605,605
9,9,71313,block,none,0.60,random_forest,5.115224,5.794549,-3.352025,605,605
9,9,71313,block,none,0.60,neural_net,4.995866,5.651240,-3.139421,605,605
9,9,71313,block,none,0.60,adaptive_imputation,4.960784,5.633738,-3.113822,605,605
10,10,79232,block,none,0.60,forward_fill,5.531785,6.109872,-1.485417,605,605
10,10,79232,block,none,0.60,linear_interpolation,3.273961,3.930654,-0.028643,605,605
10,10,79232,block,none,0.60,time_interpolation,3.273961,3.930654,-0.028643,605,605
10,10,79232,block,none,0.60,cubic_interpolation,26.166614,29.562739,-57.186791,605,605
10,10,79232,block,none,0.60,spline_interpolation,26.166614,29.562739,-57.186791,605,605
10,10,79232,block,none,0.60,moving_average,5.486294,6.087602,-1.467332,605,605
10,10,79232,block,none,0.60,knn,3.273961,3.930654,-0.028643,605,605
10,10,79232,block,none,0.60,knn_upgraded,3.284611,3.946530,-0.036969,605,605
10,10,79232,block,none,0.60,decision_tree,3.274066,3.930786,-0.028712,605,605
10,10,79232,block,none,0.60,random_forest,3.291225,3.954430,-0.041125,605,605
10,10,79232,block,none,0.60,neural_net,3.275806,3.960355,-0.044247,605,605
10,10,79232,block,none,0.60,adaptive_imputation,3.273961,3.930654,-0.028643,605,605
11,11,87151,block,none,0.60,forward_fill,4.798645,5.734215,-0.086888,605,605
11,11,87151,block,none,0.60,linear_interpolation,4.519174,5.178727,0.113492,605,605
11,11,87151,block,none,0.60,time_interpolation,4.519174,5.178727,0.113492,605,605
11,11,87151,block,none,0.60,cubic_interpolation,65.846130,73.709338,-178.589803,605,605
11,11,87151,block,none,0.60,spline_interpolation,65.846130,73.709338,-178.589803,605,605
11,11,87151,block,none,0.60,moving_average,4.771110,5.704725,-0.075737,605,605
11,11,87151,block,none,0.60,knn,4.519174,5.178727,0.113492,605,605
11,11,87151,block,none,0.60,knn_upgraded,4.516052,5.182036,0.112359,605,605
11,11,87151,block,none,0.60,decision_tree,4.512440,5.189072,0.109947,605,605
11,11,87151,block,none,0.60,random_forest,4.501090,5.165450,0.118032,605,605
11,11,87151,block,none,0.60,neural_net,4.485373,5.152911,0.122309,605,605
11,11,87151,block,none,0.60,adaptive_imputation,4.519174,5.178727,0.113492,605,605
12,12,95070,block,none,0.60,forward_fill,2.812645,3.451545,-1.290196,605,605
12,12,95070,block,none,0.60,linear_interpolation,2.914218,3.540084,-1.409199,605,605
12,12,95070,block,none,0.60,time_interpolation,2.914218,3.540084,-1.409199,605,605
12,12,95070,block,none,0.60,cubic_interpolation,10.989924,13.268767,-32.845945,605,605
12,12,95070,block,none,0.60,spline_interpolation,10.989924,13.268767,-32.845945,605,605
12,12,95070,block,none,0.60,moving_average,2.816328,3.451938,-1.290717,605,605
12,12,95070,block,none,0.60,knn,2.914218,3.540084,-1.409199,605,605
12,12,95070,block,none,0.60,knn_upgraded,2.925887,3.553974,-1.428142,605,605
12,12,95070,block,none,0.60,decision_tree,2.915167,3.540993,-1.410436,605,605
12,12,95070,block,none,0.60,random_forest,2.929069,3.558763,-1.434689,605,605
12,12,95070,block,none,0.60,neural_net,2.934247,3.576279,-1.458715,605,605
12,12,95070,block,none,0.60,adaptive_imputation,2.914218,3.540084,-1.409199,605,605
13,13,102989,block,none,0.60,forward_fill,4.164959,5.144551,-0.836404,605,605
13,13,102989,block,none,0.60,linear_interpolation,3.441803,4.331714,-0.301945,605,605
13,13,102989,block,none,0.60,time_interpolation,3.441803,4.331714,-0.301945,605,605
13,13,102989,block,none,0.60,cubic_interpolation,13.341657,16.457213,-17.792552,605,605
13,13,102989,block,none,0.60,spline_interpolation,13.341657,16.457213,-17.792552,605,605
13,13,102989,block,none,0.60,moving_average,4.114434,5.119032,-0.818231,605,605
13,13,102989,block,none,0.60,knn,3.441803,4.331714,-0.301945,605,605
13,13,102989,block,none,0.60,knn_upgraded,3.448292,4.342007,-0.308140,605,605
13,13,102989,block,none,0.60,decision_tree,3.531345,4.461347,-0.381036,605,605
13,13,102989,block,none,0.60,random_forest,3.457922,4.358491,-0.318091,605,605
13,13,102989,block,none,0.60,neural_net,3.477095,4.384078,-0.333613,605,605
13,13,102989,block,none,0.60,adaptive_imputation,3.441803,4.331714,-0.301945,605,605
14,14,110908,block,none,0.60,forward_fill,4.023322,4.273366,-7.356712,605,605
14,14,110908,block,none,0.60,linear_interpolation,1.924462,2.140562,-1.096771,605,605
14,14,110908,block,none,0.60,time_interpolation,1.924462,2.140562,-1.096771,605,605
14,14,110908,block,none,0.60,cubic_interpolation,1.782039,2.072574,-0.965691,605,605
14,14,110908,block,none,0.60,spline_interpolation,1.782039,2.072574,-0.965691,605,605
14,14,110908,block,none,0.60,moving_average,3.986027,4.254450,-7.282893,605,605
14,14,110908,block,none,0.60,knn,1.924462,2.140562,-1.096771,605,605
14,14,110908,block,none,0.60,knn_upgraded,1.932394,2.148612,-1.112570,605,605
14,14,110908,block,none,0.60,decision_tree,1.926064,2.142172,-1.099925,605,605
14,14,110908,block,none,0.60,random_forest,1.932678,2.148200,-1.111761,605,605
14,14,110908,block,none,0.60,neural_net,1.930675,2.153436,-1.122068,605,605
14,14,110908,block,none,0.60,adaptive_imputation,4.023322,4.273366,-7.356712,605,605
15,15,118827,block,none,0.60,forward_fill,8.254645,9.827193,-2.347592,605,605
15,15,118827,block,none,0.60,linear_interpolation,6.218678,7.448514,-0.923149,605,605
15,15,118827,block,none,0.60,time_interpolation,6.218678,7.448514,-0.923149,605,605
15,15,118827,block,none,0.60,cubic_interpolation,12.525555,15.506418,-7.334827,605,605
15,15,118827,block,none,0.60,spline_interpolation,12.525555,15.506418,-7.334827,605,605
15,15,118827,block,none,0.60,moving_average,8.170016,9.774947,-2.312092,605,605
15,15,118827,block,none,0.60,knn,6.218678,7.448514,-0.923149,605,605
15,15,118827,block,none,0.60,knn_upgraded,6.198820,7.442877,-0.920239,605,605
15,15,118827,block,none,0.60,decision_tree,6.219516,7.450456,-0.924152,605,605
15,15,118827,block,none,0.60,random_forest,6.177883,7.422937,-0.909964,605,605
15,15,118827,block,none,0.60,neural_net,6.025681,7.269549,-0.831844,605,605
15,15,118827,block,none,0.60,adaptive_imputation,6.218678,7.448514,-0.923149,605,605
16,16,126746,block,none,0.60,forward_fill,2.223554,3.055374,-0.709679,605,605
16,16,126746,block,none,0.60,linear_interpolation,2.185978,2.740970,-0.375924,605,605
16,16,126746,block,none,0.60,time_interpolation,2.185978,2.740970,-0.375924,605,605
16,16,126746,block,none,0.60,cubic_interpolation,20.710150,24.335783,-107.461735,605,605
16,16,126746,block,none,0.60,spline_interpolation,20.710150,24.335783,-107.461735,605,605
16,16,126746,block,none,0.60,moving_average,2.209784,3.050648,-0.704395,605,605
16,16,126746,block,none,0.60,knn,2.185978,2.740970,-0.375924,605,605
16,16,126746,block,none,0.60,knn_upgraded,2.171057,2.709868,-0.344876,605,605
16,16,126746,block,none,0.60,decision_tree,2.214314,2.757893,-0.392967,605,605
16,16,126746,block,none,0.60,random_forest,2.189715,2.728696,-0.363629,605,605
16,16,126746,block,none,0.60,neural_net,2.146605,2.670773,-0.306350,605,605
16,16,126746,block,none,0.60,adaptive_imputation,2.185978,2.740970,-0.375924,605,605
17,17,134665,block,none,0.60,forward_fill,8.776628,9.739549,-4.316660,605,605
17,17,134665,block,none,0.60,linear_interpolation,2.826349,3.587370,0.278704,605,605
17,17,134665,block,none,0.60,time_interpolation,2.826349,3.587370,0.278704,605,605
17,17,134665,block,none,0.60,cubic_interpolation,18.152345,20.381008,-22.281582,605,605
17,17,134665,block,none,0.60,spline_interpolation,18.152345,20.381008,-22.281583,605,605
17,17,134665,block,none,0.60,moving_average,8.651825,9.656097,-4.225940,605,605
17,17,134665,block,none,0.60,knn,2.826349,3.587370,0.278704,605,605
17,17,134665,block,none,0.60,knn_upgraded,2.855961,3.617979,0.266343,605,605
17,17,134665,block,none,0.60,decision_tree,3.016222,3.787978,0.195778,605,605
17,17,134665,block,none,0.60,random_forest,2.885550,3.648787,0.253795,605,605
17,17,134665,block,none,0.60,neural_net,2.846690,3.595534,0.275417,605,605
17,17,134665,block,none,0.60,adaptive_imputation,2.826349,3.587370,0.278704,605,605
18,18,142584,block,none,0.60,forward_fill,2.895554,3.682332,-0.536428,605,605
18,18,142584,block,none,0.60,linear_interpolation,3.006418,3.808008,-0.643092,605,605
18,18,142584,block,none,0.60,time_interpolation,3.006418,3.808008,-0.643092,605,605
18,18,142584,block,none,0.60,cubic_interpolation,22.013459,24.558346,-67.338344,605,605
18,18,142584,block,none,0.60,spline_interpolation,22.013459,24.558346,-67.338344,605,605
18,18,142584,block,none,0.60,moving_average,2.895589,3.682331,-0.536426,605,605
18,18,142584,block,none,0.60,knn,3.006418,3.808008,-0.643092,605,605
18,18,142584,block,none,0.60,knn_upgraded,2.986785,3.778975,-0.618133,605,605
18,18,142584,block,none,0.60,decision_tree,2.987385,3.780862,-0.619750,605,605
18,18,142584,block,none,0.60,random_forest,3.007918,3.809051,-0.643993,605,605
18,18,142584,block,none,0.60,neural_net,3.049878,3.840151,-0.670948,605,605
18,18,142584,block,none,0.60,adaptive_imputation,3.006418,3.808008,-0.643092,605,605
19,19,150503,block,none,0.60,forward_fill,7.212678,7.810341,-5.720164,605,605
19,19,150503,block,none,0.60,linear_interpolation,2.413843,3.046806,-0.022656,605,605
19,19,150503,block,none,0.60,time_interpolation,2.413843,3.046806,-0.022656,605,605
19,19,150503,block,none,0.60,cubic_interpolation,18.313314,19.488616,-40.840982,605,605
19,19,150503,block,none,0.60,spline_interpolation,18.313314,19.488616,-40.840982,605,605
19,19,150503,block,none,0.60,moving_average,7.133826,7.756841,-5.628415,605,605
19,19,150503,block,none,0.60,knn,2.413843,3.046806,-0.022656,605,605
19,19,150503,block,none,0.60,knn_upgraded,2.404400,3.041458,-0.019069,605,605
19,19,150503,block,none,0.60,decision_tree,2.459963,3.090236,-0.052018,605,605
19,19,150503,block,none,0.60,random_forest,2.460394,3.091358,-0.052782,605,605
19,19,150503,block,none,0.60,neural_net,2.582106,3.209126,-0.134523,605,605
19,19,150503,block,none,0.60,adaptive_imputation,7.212678,7.810341,-5.720164,605,605
0,0,42,block,none,0.70,forward_fill,3.504263,4.856674,-0.058613,706,706
0,0,42,block,none,0.70,linear_interpolation,5.738114,7.040671,-1.224782,706,706
0,0,42,block,none,0.70,time_interpolation,5.738114,7.040671,-1.224782,706,706
0,0,42,block,none,0.70,cubic_interpolation,10.142284,11.173684,-4.603406,706,706
0,0,42,block,none,0.70,spline_interpolation,10.142284,11.173684,-4.603406,706,706
0,0,42,block,none,0.70,moving_average,3.400939,4.706856,0.005692,706,706
0,0,42,block,none,0.70,knn,5.738114,7.040671,-1.224782,706,706
0,0,42,block,none,0.70,knn_upgraded,5.696283,7.002245,-1.200563,706,706
0,0,42,block,none,0.70,decision_tree,5.622327,6.939083,-1.161043,706,706
0,0,42,block,none,0.70,random_forest,5.692775,7.005847,-1.202828,706,706
0,0,42,block,none,0.70,neural_net,5.572690,6.895973,-1.134275,706,706
0,0,42,block,none,0.70,adaptive_imputation,3.504263,4.856674,-0.058613,706,706
1,1,7961,block,none,0.70,forward_fill,3.164263,4.113223,-0.547683,706,706
1,1,7961,block,none,0.70,linear_interpolation,2.196552,2.813860,0.275693,706,706
1,1,7961,block,none,0.70,time_interpolation,2.196552,2.813860,0.275693,706,706
1,1,7961,block,none,0.70,cubic_interpolation,26.478432,28.724861,-74.480268,706,706
1,1,7961,block,none,0.70,spline_interpolation,26.478432,28.724861,-74.480268,706,706
1,1,7961,block,none,0.70,moving_average,3.137548,4.098979,-0.536983,706,706
1,1,7961,block,none,0.70,knn,2.196552,2.813860,0.275693,706,706
1,1,7961,block,none,0.70,knn_upgraded,2.198816,2.823467,0.270739,706,706
1,1,7961,block,none,0.70,decision_tree,2.202363,2.827171,0.268824,706,706
1,1,7961,block,none,0.70,random_forest,2.200433,2.821004,0.272011,706,706
1,1,7961,block,none,0.70,neural_net,2.252958,2.896279,0.232642,706,706
1,1,7961,block,none,0.70,adaptive_imputation,3.164263,4.113223,-0.547683,706,706
2,2,15880,block,none,0.70,forward_fill,1.789065,2.195923,-0.013280,706,706
2,2,15880,block,none,0.70,linear_interpolation,1.786432,2.250761,-0.064520,706,706
2,2,15880,block,none,0.70,time_interpolation,1.786432,2.250761,-0.064520,706,706
2,2,15880,block,none,0.70,cubic_interpolation,1.999033,2.541792,-0.357610,706,706
2,2,15880,block,none,0.70,spline_interpolation,1.999033,2.541792,-0.357610,706,706
2,2,15880,block,none,0.70,moving_average,1.782589,2.194151,-0.011645,706,706
2,2,15880,block,none,0.70,knn,1.786432,2.250761,-0.064520,706,706
2,2,15880,block,none,0.70,knn_upgraded,1.786122,2.250424,-0.064201,706,706
2,2,15880,block,none,0.70,decision_tree,1.786922,2.251495,-0.065214,706,706
2,2,15880,block,none,0.70,random_forest,1.787705,2.251779,-0.065483,706,706
2,2,15880,block,none,0.70,neural_net,1.786406,2.254477,-0.068038,706,706
2,2,15880,block,none,0.70,adaptive_imputation,1.789065,2.195923,-0.013280,706,706
3,3,23799,block,none,0.70,forward_fill,4.284547,5.030704,-0.260413,706,706
3,3,23799,block,none,0.70,linear_interpolation,3.206490,4.030853,0.190812,706,706
3,3,23799,block,none,0.70,time_interpolation,3.206490,4.030853,0.190812,706,706
3,3,23799,block,none,0.70,cubic_interpolation,9.547893,11.694754,-5.811418,706,706
3,3,23799,block,none,0.70,spline_interpolation,9.547893,11.694754,-5.811418,706,706
3,3,23799,block,none,0.70,moving_average,4.241991,5.005859,-0.247994,706,706
3,3,23799,block,none,0.70,knn,3.206490,4.030853,0.190812,706,706
3,3,23799,block,none,0.70,knn_upgraded,3.207046,4.032532,0.190138,706,706
3,3,23799,block,none,0.70,decision_tree,3.206387,4.031078,0.190722,706,706
3,3,23799,block,none,0.70,random_forest,3.210761,4.042743,0.186031,706,706
3,3,23799,block,none,0.70,neural_net,3.211728,4.045104,0.185080,706,706
3,3,23799,block,none,0.70,adaptive_imputation,4.284547,5.030704,-0.260413,706,706
4,4,31718,block,none,0.70,forward_fill,8.840085,9.332806,-8.727464,706,706
4,4,31718,block,none,0.70,linear_interpolation,6.587713,7.288749,-4.933093,706,706
4,4,31718,block,none,0.70,time_interpolation,6.587713,7.288749,-4.933093,706,706
4,4,31718,block,none,0.70,cubic_interpolation,14.449712,16.807304,-30.547962,706,706
4,4,31718,block,none,0.70,spline_interpolation,14.449712,16.807304,-30.547962,706,706
4,4,31718,block,none,0.70,moving_average,8.803220,9.322045,-8.705045,706,706
4,4,31718,block,none,0.70,knn,6.587713,7.288749,-4.933093,706,706
4,4,31718,block,none,0.70,knn_upgraded,6.594487,7.292805,-4.939699,706,706
4,4,31718,block,none,0.70,decision_tree,6.589640,7.290640,-4.936172,706,706
4,4,31718,block,none,0.70,random_forest,6.569807,7.275726,-4.911910,706,706
4,4,31718,block,none,0.70,neural_net,6.632547,7.347861,-5.029719,706,706
4,4,31718,block,none,0.70,adaptive_imputation,8.840085,9.332806,-8.727464,706,706
5,5,39637,block,none,0.70,forward_fill,4.255113,5.704276,-0.612191,706,706
5,5,39637,block,none,0.70,linear_interpolation,5.358862,6.892847,-1.354035,706,706
5,5,39637,block,none,0.70,time_interpolation,5.358862,6.892847,-1.354035,706,706
5,5,39637,block,none,0.70,cubic_interpolation,12.434661,16.058952,-11.777620,706,706
5,5,39637,block,none,0.70,spline_interpolation,12.434661,16.058952,-11.777620,706,706
5,5,39637,block,none,0.70,moving_average,4.233640,5.696768,-0.607951,706,706
5,5,39637,block,none,0.70,knn,5.358862,6.892847,-1.354035,706,706
5,5,39637,block,none,0.70,knn_upgraded,5.343459,6.879537,-1.344952,706,706
5,5,39637,block,none,0.70,decision_tree,5.289318,6.820909,-1.305155,706,706
5,5,39637,block,none,0.70,random_forest,5.319772,6.855676,-1.328714,706,706
5,5,39637,block,none,0.70,neural_net,5.382873,6.958877,-1.399352,706,706
5,5,39637,block,none,0.70,adaptive_imputation,4.255113,5.704276,-0.612191,706,706
6,6,47556,block,none,0.70,forward_fill,4.813102,5.627229,-0.830979,706,706
6,6,47556,block,none,0.70,linear_interpolation,3.145992,3.846728,0.144387,706,706
6,6,47556,block,none,0.70,time_interpolation,3.145992,3.846728,0.144387,706,706
6,6,47556,block,none,0.70,cubic_interpolation,40.114374,45.013758,-116.161482,706,706
6,6,47556,block,none,0.70,spline_interpolation,40.114374,45.013758,-116.161482,706,706
6,6,47556,block,none,0.70,moving_average,4.750850,5.572640,-0.795628,706,706
6,6,47556,block,none,0.70,knn,3.145992,3.846728,0.144387,706,706
6,6,47556,block,none,0.70,knn_upgraded,3.139359,3.840492,0.147159,706,706
6,6,47556,block,none,0.70,decision_tree,3.144215,3.849925,0.142965,706,706
6,6,47556,block,none,0.70,random_forest,3.129132,3.835449,0.149397,706,706
6,6,47556,block,none,0.70,neural_net,3.118816,3.848427,0.143631,706,706
6,6,47556,block,none,0.70,adaptive_imputation,4.813102,5.627229,-0.830979,706,706
7,7,55475,block,none,0.70,forward_fill,3.271147,3.655003,-0.728301,706,706
7,7,55475,block,none,0.70,linear_interpolation,2.025601,2.436562,0.231934,706,706
7,7,55475,block,none,0.70,time_interpolation,2.025601,2.436562,0.231934,706,706
7,7,55475,block,none,0.70,cubic_interpolation,2.094993,2.517951,0.179765,706,706
7,7,55475,block,none,0.70,spline_interpolation,2.094993,2.517951,0.179765,706,706
7,7,55475,block,none,0.70,moving_average,3.244298,3.642067,-0.716088,706,706
7,7,55475,block,none,0.70,knn,2.025601,2.436562,0.231934,706,706
7,7,55475,block,none,0.70,knn_upgraded,2.022118,2.432990,0.234184,706,706
7,7,55475,block,none,0.70,decision_tree,2.023650,2.434565,0.233192,706,706
7,7,55475,block,none,0.70,random_forest,2.025625,2.437343,0.231441,706,706
7,7,55475,block,none,0.70,neural_net,2.022780,2.432467,0.234513,706,706
7,7,55475,block,none,0.70,adaptive_imputation,3.271147,3.655003,-0.728301,706,706
8,8,63394,block,none,0.70,forward_fill,9.654405,10.296117,-7.280422,706,706
8,8,63394,block,none,0.70,linear_interpolation,5.800987,6.846954,-2.661849,706,706
8,8,63394,block,none,0.70,time_interpolation,5.800987,6.846954,-2.661849,706,706
8,8,63394,block,none,0.70,cubic_interpolation,32.081577,38.478372,-114.648208,706,706
8,8,63394,block,none,0.70,spline_interpolation,32.081577,38.478372,-114.648208,706,706
8,8,63394,block,none,0.70,moving_average,9.597274,10.269881,-7.238277,706,706
8,8,63394,block,none,0.70,knn,5.800987,6.846954,-2.661849,706,706
8,8,63394,block,none,0.70,knn_upgraded,5.822101,6.868715,-2.685161,706,706
8,8,63394,block,none,0.70,decision_tree,5.783100,6.808006,-2.620307,706,706
8,8,63394,block,none,0.70,random_forest,5.768095,6.804450,-2.616526,706,706
8,8,63394,block,none,0.70,neural_net,5.804192,6.796435,-2.608011,706,706
8,8,63394,block,none,0.70,adaptive_imputation,9.654405,10.296117,-7.280422,706,706
9,9,71313,block,none,0.70,forward_fill,2.894518,3.839126,-0.622296,706,706
9,9,71313,block,none,0.70,linear_interpolation,2.459539,3.131516,-0.079381,706,706
9,9,71313,block,none,0.70,time_interpolation,2.459539,3.131516,-0.079381,706,706
9,9,71313,block,none,0.70,cubic_interpolation,53.678971,62.451470,-428.290064,706,706
9,9,71313,block,none,0.70,spline_interpolation,53.678971,62.451470,-428.290064,706,706
9,9,71313,block,none,0.70,moving_average,2.859127,3.801830,-0.590930,706,706
9,9,71313,block,none,0.70,knn,2.459539,3.131516,-0.079381,706,706
9,9,71313,block,none,0.70,knn_upgraded,2.421249,3.126918,-0.076214,706,706
9,9,71313,block,none,0.70,decision_tree,2.378138,3.076900,-0.042059,706,706
9,9,71313,block,none,0.70,random_forest,2.453004,3.138133,-0.083948,706,706
9,9,71313,block,none,0.70,neural_net,2.486752,3.254967,-0.166161,706,706
9,9,71313,block,none,0.70,adaptive_imputation,2.894518,3.839126,-0.622296,706,706
10,10,79232,block,none,0.70,forward_fill,3.834533,4.395017,-0.368505,706,706
10,10,79232,block,none,0.70,linear_interpolation,2.543702,3.325919,0.216302,706,706
10,10,79232,block,none,0.70,time_interpolation,2.543702,3.325919,0.216302,706,706
10,10,79232,block,none,0.70,cubic_interpolation,7.130299,8.682482,-4.340882,706,706
10,10,79232,block,none,0.70,spline_interpolation,7.130299,8.682482,-4.340882,706,706
10,10,79232,block,none,0.70,moving_average,3.799267,4.377115,-0.357379,706,706
10,10,79232,block,none,0.70,knn,2.543702,3.325919,0.216302,706,706
10,10,79232,block,none,0.70,knn_upgraded,2.546499,3.327053,0.215768,706,706
10,10,79232,block,none,0.70,decision_tree,2.524097,3.316659,0.220660,706,706
10,10,79232,block,none,0.70,random_forest,2.543534,3.325316,0.216587,706,706
10,10,79232,block,none,0.70,neural_net,2.572542,3.369069,0.195835,706,706
10,10,79232,block,none,0.70,adaptive_imputation,3.834533,4.395017,-0.368505,706,706
11,11,87151,block,none,0.70,forward_fill,6.126062,7.498787,-0.882213,706,706
11,11,87151,block,none,0.70,linear_interpolation,4.317582,5.124006,0.121167,706,706
11,11,87151,block,none,0.70,time_interpolation,4.317582,5.124006,0.121167,706,706
11,11,87151,block,none,0.70,cubic_interpolation,4.361661,5.068470,0.140114,706,706
11,11,87151,block,none,0.70,spline_interpolation,4.361661,5.068470,0.140114,706,706
11,11,87151,block,none,0.70,moving_average,6.068560,7.471129,-0.868355,706,706
11,11,87151,block,none,0.70,knn,4.317582,5.124006,0.121167,706,706
11,11,87151,block,none,0.70,knn_upgraded,4.318863,5.121466,0.122038,706,706
11,11,87151,block,none,0.70,decision_tree,4.319122,5.117833,0.123284,706,706
11,11,87151,block,none,0.70,random_forest,4.316346,5.122721,0.121608,706,706
11,11,87151,block,none,0.70,neural_net,4.310181,5.121265,0.122107,706,706
11,11,87151,block,none,0.70,adaptive_imputation,6.126062,7.498787,-0.882213,706,706
12,12,95070,block,none,0.70,forward_fill,2.229193,2.852832,-0.788339,706,706
12,12,95070,block,none,0.70,linear_interpolation,2.498708,3.166671,-1.203450,706,706
12,12,95070,block,none,0.70,time_interpolation,2.498708,3.166671,-1.203450,706,706
12,12,95070,block,none,0.70,cubic_interpolation,7.351628,8.241699,-13.925572,706,706
12,12,95070,block,none,0.70,spline_interpolation,7.351628,8.241699,-13.925572,706,706
12,12,95070,block,none,0.70,moving_average,2.223358,2.851547,-0.786729,706,706
12,12,95070,block,none,0.70,knn,2.498708,3.166671,-1.203450,706,706
12,12,95070,block,none,0.70,knn_upgraded,2.510534,3.176213,-1.216749,706,706
12,12,95070,block,none,0.70,decision_tree,2.486574,3.152490,-1.183759,706,706
12,12,95070,block,none,0.70,random_forest,2.517465,3.184710,-1.228627,706,706
12,12,95070,block,none,0.70,neural_net,2.530974,3.198015,-1.247287,706,706
12,12,95070,block,none,0.70,adaptive_imputation,2.229193,2.852832,-0.788339,706,706
13,13,102989,block,none,0.70,forward_fill,5.309901,6.288138,-2.168048,706,706
13,13,102989,block,none,0.70,linear_interpolation,4.146436,5.358026,-1.300156,706,706
13,13,102989,block,none,0.70,time_interpolation,4.146436,5.358026,-1.300156,706,706
13,13,102989,block,none,0.70,cubic_interpolation,22.723295,28.195168,-62.693770,706,706
13,13,102989,block,none,0.70,spline_interpolation,22.723295,28.195168,-62.693770,706,706
13,13,102989,block,none,0.70,moving_average,5.293926,6.282596,-2.162465,706,706
13,13,102989,block,none,0.70,knn,4.146436,5.358026,-1.300156,706,706
13,13,102989,block,none,0.70,knn_upgraded,4.150042,5.368415,-1.309084,706,706
13,13,102989,block,none,0.70,decision_tree,4.148860,5.360473,-1.302257,706,706
13,13,102989,block,none,0.70,random_forest,4.155904,5.372531,-1.312627,706,706
13,13,102989,block,none,0.70,neural_net,4.166091,5.420836,-1.354399,706,706
13,13,102989,block,none,0.70,adaptive_imputation,5.309901,6.288138,-2.168048,706,706
14,14,110908,block,none,0.70,forward_fill,3.178853,3.515142,-4.335086,706,706
14,14,110908,block,none,0.70,linear_interpolation,3.654204,4.033458,-6.024427,706,706
14,14,110908,block,none,0.70,time_interpolation,3.654204,4.033458,-6.024427,706,706
14,14,110908,block,none,0.70,cubic_interpolation,7.053590,8.057450,-27.031802,706,706
14,14,110908,block,none,0.70,spline_interpolation,7.053590,8.057450,-27.031802,706,706
14,14,110908,block,none,0.70,moving_average,3.178533,3.514928,-4.334437,706,706
14,14,110908,block,none,0.70,knn,3.654204,4.033458,-6.024427,706,706
14,14,110908,block,none,0.70,knn_upgraded,3.654874,4.031610,-6.017990,706,706
14,14,110908,block,none,0.70,decision_tree,3.672878,4.050397,-6.083549,706,706
14,14,110908,block,none,0.70,random_forest,3.659518,4.047212,-6.072415,706,706
14,14,110908,block,none,0.70,neural_net,3.681548,4.092456,-6.231423,706,706
14,14,110908,block,none,0.70,adaptive_imputation,3.178853,3.515142,-4.335086,706,706
15,15,118827,block,none,0.70,forward_fill,5.374858,6.242072,-0.237795,706,706
15,15,118827,block,none,0.70,linear_interpolation,6.268323,7.527327,-0.800001,706,706
15,15,118827,block,none,0.70,time_interpolation,6.268323,7.527327,-0.800001,706,706
15,15,118827,block,none,0.70,cubic_interpolation,9.200102,10.787710,-2.697002,706,706
15,15,118827,block,none,0.70,spline_interpolation,9.200102,10.787710,-2.697002,706,706
15,15,118827,block,none,0.70,moving_average,5.382194,6.244558,-0.238781,706,706
15,15,118827,block,none,0.70,knn,6.268323,7.527327,-0.800001,706,706
15,15,118827,block,none,0.70,knn_upgraded,6.223339,7.466116,-0.770845,706,706
15,15,118827,block,none,0.70,decision_tree,6.233202,7.479925,-0.777402,706,706
15,15,118827,block,none,0.70,random_forest,6.228809,7.470761,-0.773049,706,706
15,15,118827,block,none,0.70,neural_net,6.225274,7.469813,-0.772599,706,706
15,15,118827,block,none,0.70,adaptive_imputation,6.268323,7.527327,-0.800001,706,706
16,16,126746,block,none,0.70,forward_fill,2.747734,3.197759,-0.767607,706,706
16,16,126746,block,none,0.70,linear_interpolation,3.449566,4.084180,-1.883394,706,706
16,16,126746,block,none,0.70,time_interpolation,3.449566,4.084180,-1.883394,706,706
16,16,126746,block,none,0.70,cubic_interpolation,10.445116,11.931421,-23.608124,706,706
16,16,126746,block,none,0.70,spline_interpolation,10.445116,11.931421,-23.608124,706,706
16,16,126746,block,none,0.70,moving_average,2.729933,3.188525,-0.757413,706,706
16,16,126746,block,none,0.70,knn,3.449566,4.084180,-1.883394,706,706
16,16,126746,block,none,0.70,knn_upgraded,3.465091,4.100693,-1.906756,706,706
16,16,126746,block,none,0.70,decision_tree,3.429302,4.057193,-1.845415,706,706
16,16,126746,block,none,0.70,random_forest,3.456825,4.093280,-1.896257,706,706
16,16,126746,block,none,0.70,neural_net,3.503695,4.137593,-1.959305,706,706
16,16,126746,block,none,0.70,adaptive_imputation,2.747734,3.197759,-0.767607,706,706
17,17,134665,block,none,0.70,forward_fill,3.528499,4.432448,-0.181295,706,706
17,17,134665,block,none,0.70,linear_interpolation,3.524765,4.537152,-0.237764,706,706
17,17,134665,block,none,0.70,time_interpolation,3.524765,4.537152,-0.237764,706,706
17,17,134665,block,none,0.70,cubic_interpolation,31.690776,38.469286,-87.981439,706,706
17,17,134665,block,none,0.70,spline_interpolation,31.690776,38.469286,-87.981439,706,706
17,17,134665,block,none,0.70,moving_average,3.526749,4.431828,-0.180965,706,706
17,17,134665,block,none,0.70,knn,3.524765,4.537152,-0.237764,706,706
17,17,134665,block,none,0.70,knn_upgraded,3.523690,4.549134,-0.244310,706,706
17,17,134665,block,none,0.70,decision_tree,3.519998,4.581960,-0.262332,706,706
17,17,134665,block,none,0.70,random_forest,3.494572,4.495993,-0.215409,706,706
17,17,134665,block,none,0.70,neural_net,3.458945,4.527785,-0.232658,706,706
17,17,134665,block,none,0.70,adaptive_imputation,3.528499,4.432448,-0.181295,706,706
18,18,142584,block,none,0.70,forward_fill,2.720397,3.390841,-0.241592,706,706
18,18,142584,block,none,0.70,linear_interpolation,4.300434,5.110596,-1.820377,706,706
18,18,142584,block,none,0.70,time_interpolation,4.300434,5.110596,-1.820377,706,706
18,18,142584,block,none,0.70,cubic_interpolation,24.068501,27.146169,-78.575839,706,706
18,18,142584,block,none,0.70,spline_interpolation,24.068501,27.146169,-78.575839,706,706
18,18,142584,block,none,0.70,moving_average,2.680769,3.357496,-0.217293,706,706
18,18,142584,block,none,0.70,knn,4.300434,5.110596,-1.820377,706,706
18,18,142584,block,none,0.70,knn_upgraded,4.264348,5.072053,-1.777997,706,706
18,18,142584,block,none,0.70,decision_tree,4.293793,5.102535,-1.811487,706,706
18,18,142584,block,none,0.70,random_forest,4.248620,5.055229,-1.759598,706,706
18,18,142584,block,none,0.70,neural_net,4.242040,5.058449,-1.763115,706,706
18,18,142584,block,none,0.70,adaptive_imputation,2.720397,3.390841,-0.241592,706,706
19,19,150503,block,none,0.70,forward_fill,3.955992,5.007246,-1.117699,706,706
19,19,150503,block,none,0.70,linear_interpolation,2.693928,3.208138,0.130695,706,706
19,19,150503,block,none,0.70,time_interpolation,2.693928,3.208138,0.130695,706,706
19,19,150503,block,none,0.70,cubic_interpolation,11.037238,13.658913,-14.757910,706,706
19,19,150503,block,none,0.70,spline_interpolation,11.037238,13.658913,-14.757910,706,706
19,19,150503,block,none,0.70,moving_average,3.854417,4.862975,-0.997424,706,706
19,19,150503,block,none,0.70,knn,2.693928,3.208138,0.130695,706,706
19,19,150503,block,none,0.70,knn_upgraded,2.709948,3.223775,0.122200,706,706
19,19,150503,block,none,0.70,decision_tree,2.660815,3.186732,0.142257,706,706
19,19,150503,block,none,0.70,random_forest,2.657386,3.172411,0.149949,706,706
19,19,150503,block,none,0.70,neural_net,2.681119,3.227854,0.119977,706,706
19,19,150503,block,none,0.70,adaptive_imputation,3.955992,5.007246,-1.117699,706,706
0,0,42,block,none,0.80,forward_fill,5.333685,7.456585,-0.242355,806,806
0,0,42,block,none,0.80,linear_interpolation,4.797548,6.109414,0.166003,806,806
0,0,42,block,none,0.80,time_interpolation,4.797548,6.109414,0.166003,806,806
0,0,42,block,none,0.80,cubic_interpolation,22.927582,28.308675,-16.906250,806,806
0,0,42,block,none,0.80,spline_interpolation,22.927582,28.308675,-16.906250,806,806
0,0,42,block,none,0.80,moving_average,5.307049,7.448669,-0.239718,806,806
0,0,42,block,none,0.80,knn,4.797548,6.109414,0.166003,806,806
0,0,42,block,none,0.80,knn_upgraded,4.802805,6.113037,0.165013,806,806
0,0,42,block,none,0.80,decision_tree,4.797571,6.109349,0.166020,806,806
0,0,42,block,none,0.80,random_forest,4.778794,6.076912,0.174853,806,806
0,0,42,block,none,0.80,neural_net,4.733516,6.050623,0.181977,806,806
0,0,42,block,none,0.80,adaptive_imputation,4.797548,6.109414,0.166003,806,806
1,1,7961,block,none,0.80,forward_fill,3.653040,4.681971,-0.705675,806,806
1,1,7961,block,none,0.80,linear_interpolation,2.296431,2.919748,0.336670,806,806
1,1,7961,block,none,0.80,time_interpolation,2.296431,2.919748,0.336670,806,806
1,1,7961,block,none,0.80,cubic_interpolation,4.253806,4.980273,-0.929946,806,806
1,1,7961,block,none,0.80,spline_interpolation,4.253806,4.980273,-0.929946,806,806
1,1,7961,block,none,0.80,moving_average,3.623251,4.666939,-0.694740,806,806
1,1,7961,block,none,0.80,knn,2.296431,2.919748,0.336670,806,806
1,1,7961,block,none,0.80,knn_upgraded,2.298859,2.925738,0.333945,806,806
1,1,7961,block,none,0.80,decision_tree,2.296718,2.920172,0.336477,806,806
1,1,7961,block,none,0.80,random_forest,2.291751,2.909787,0.341188,806,806
1,1,7961,block,none,0.80,neural_net,2.310770,2.940445,0.327232,806,806
1,1,7961,block,none,0.80,adaptive_imputation,2.296431,2.919748,0.336670,806,806
2,2,15880,block,none,0.80,forward_fill,1.738921,2.335376,-0.264193,806,806
2,2,15880,block,none,0.80,linear_interpolation,1.904983,2.319821,-0.247410,806,806
2,2,15880,block,none,0.80,time_interpolation,1.904983,2.319821,-0.247410,806,806
2,2,15880,block,none,0.80,cubic_interpolation,3.408278,3.965906,-2.645733,806,806
2,2,15880,block,none,0.80,spline_interpolation,3.420982,3.980613,-2.672822,806,806
2,2,15880,block,none,0.80,moving_average,1.727632,2.330673,-0.259107,806,806
2,2,15880,block,none,0.80,knn,1.904983,2.319821,-0.247410,806,806
2,2,15880,block,none,0.80,knn_upgraded,1.907935,2.320167,-0.247781,806,806
2,2,15880,block,none,0.80,decision_tree,1.915308,2.337736,-0.266750,806,806
2,2,15880,block,none,0.80,random_forest,1.915053,2.335074,-0.263867,806,806
2,2,15880,block,none,0.80,neural_net,1.958038,2.387538,-0.321297,806,806
2,2,15880,block,none,0.80,adaptive_imputation,3.408278,3.965906,-2.645733,806,806
3,3,23799,block,none,0.80,forward_fill,6.782506,8.136217,-2.255822,806,806
3,3,23799,block,none,0.80,linear_interpolation,5.626806,7.213096,-1.558933,806,806
3,3,23799,block,none,0.80,time_interpolation,5.626806,7.213096,-1.558933,806,806
3,3,23799,block,none,0.80,cubic_interpolation,5.391127,6.396593,-1.012394,806,806
3,3,23799,block,none,0.80,spline_interpolation,5.391127,6.396593,-1.012394,806,806
3,3,23799,block,none,0.80,moving_average,6.760579,8.131227,-2.251830,806,806
3,3,23799,block,none,0.80,knn,5.626806,7.213096,-1.558933,806,806
3,3,23799,block,none,0.80,knn_upgraded,5.629529,7.215629,-1.560731,806,806
3,3,23799,block,none,0.80,decision_tree,5.621376,7.207083,-1.554669,806,806
3,3,23799,block,none,0.80,random_forest,5.619842,7.206878,-1.554524,806,806
3,3,23799,block,none,0.80,neural_net,5.629024,7.213609,-1.559298,806,806
3,3,23799,block,none,0.80,adaptive_imputation,5.626806,7.213096,-1.558933,806,806
4,4,31718,block,none,0.80,forward_fill,2.772730,3.417958,-0.090053,806,806
4,4,31718,block,none,0.80,linear_interpolation,2.655243,3.355565,-0.050619,806,806
4,4,31718,block,none,0.80,time_interpolation,2.655243,3.355565,-0.050619,806,806
4,4,31718,block,none,0.80,cubic_interpolation,78.714937,90.065941,-755.894249,806,806
4,4,31718,block,none,0.80,spline_interpolation,79.890489,91.435717,-779.091902,806,806
4,4,31718,block,none,0.80,moving_average,2.769758,3.412717,-0.086712,806,806
4,4,31718,block,none,0.80,knn,2.655243,3.355565,-0.050619,806,806
4,4,31718,block,none,0.80,knn_upgraded,2.629816,3.360100,-0.053461,806,806
4,4,31718,block,none,0.80,decision_tree,2.638089,3.347363,-0.045490,806,806
4,4,31718,block,none,0.80,random_forest,2.621986,3.346416,-0.044898,806,806
4,4,31718,block,none,0.80,neural_net,2.646476,3.413304,-0.087086,806,806
4,4,31718,block,none,0.80,adaptive_imputation,78.714937,90.065941,-755.894249,806,806
5,5,39637,block,none,0.80,forward_fill,7.258548,8.510708,-2.643221,806,806
5,5,39637,block,none,0.80,linear_interpolation,4.612917,5.639936,-0.599935,806,806
5,5,39637,block,none,0.80,time_interpolation,4.612917,5.639936,-0.599935,806,806
5,5,39637,block,none,0.80,cubic_interpolation,14.348006,16.456791,-12.622112,806,806
5,5,39637,block,none,0.80,spline_interpolation,14.348006,16.456791,-12.622112,806,806
5,5,39637,block,none,0.80,moving_average,7.171848,8.448432,-2.590098,806,806
5,5,39637,block,none,0.80,knn,4.612917,5.639936,-0.599935,806,806
5,5,39637,block,none,0.80,knn_upgraded,4.617020,5.644736,-0.602660,806,806
5,5,39637,block,none,0.80,decision_tree,4.615990,5.643199,-0.601787,806,806
5,5,39637,block,none,0.80,random_forest,4.614868,5.641003,-0.600541,806,806
5,5,39637,block,none,0.80,neural_net,4.638377,5.664444,-0.613871,806,806
5,5,39637,block,none,0.80,adaptive_imputation,7.258548,8.510708,-2.643221,806,806
6,6,47556,block,none,0.80,forward_fill,3.688387,4.184647,-0.129861,806,806
6,6,47556,block,none,0.80,linear_interpolation,3.446148,3.951133,-0.007281,806,806
6,6,47556,block,none,0.80,time_interpolation,3.446148,3.951133,-0.007281,806,806
6,6,47556,block,none,0.80,cubic_interpolation,74.953689,82.976091,-443.235624,806,806
6,6,47556,block,none,0.80,spline_interpolation,74.953689,82.976091,-443.235624,806,806
6,6,47556,block,none,0.80,moving_average,3.685148,4.184163,-0.129600,806,806
6,6,47556,block,none,0.80,knn,3.446148,3.951133,-0.007281,806,806
6,6,47556,block,none,0.80,knn_upgraded,3.425945,3.936501,0.000165,806,806
6,6,47556,block,none,0.80,decision_tree,3.475306,3.992828,-0.028652,806,806
6,6,47556,block,none,0.80,random_forest,3.411020,3.924789,0.006106,806,806
6,6,47556,block,none,0.80,neural_net,3.445242,3.986057,-0.025166,806,806
6,6,47556,block,none,0.80,adaptive_imputation,3.688387,4.184647,-0.129861,806,806
7,7,55475,block,none,0.80,forward_fill,2.191278,2.742319,-0.039007,806,806
7,7,55475,block,none,0.80,linear_interpolation,2.444384,2.938924,-0.193327,806,806
7,7,55475,block,none,0.80,time_interpolation,2.444384,2.938924,-0.193327,806,806
7,7,55475,block,none,0.80,cubic_interpolation,28.004033,31.133817,-132.920608,806,806
7,7,55475,block,none,0.80,spline_interpolation,28.004033,31.133817,-132.920608,806,806
7,7,55475,block,none,0.80,moving_average,2.184767,2.739711,-0.037032,806,806
7,7,55475,block,none,0.80,knn,2.444384,2.938924,-0.193327,806,806
7,7,55475,block,none,0.80,knn_upgraded,2.440865,2.934180,-0.189478,806,806
7,7,55475,block,none,0.80,decision_tree,2.447306,2.934651,-0.189859,806,806
7,7,55475,block,none,0.80,random_forest,2.440244,2.928771,-0.185096,806,806
7,7,55475,block,none,0.80,neural_net,2.380312,2.869213,-0.137387,806,806
7,7,55475,block,none,0.80,adaptive_imputation,2.444384,2.938924,-0.193327,806,806
8,8,63394,block,none,0.80,forward_fill,18.091749,18.558400,-19.137860,806,806
8,8,63394,block,none,0.80,linear_interpolation,8.257616,10.035674,-4.888779,806,806
8,8,63394,block,none,0.80,time_interpolation,8.257616,10.035674,-4.888779,806,806
8,8,63394,block,none,0.80,cubic_interpolation,26.540279,32.068982,-59.131577,806,806
8,8,63394,block,none,0.80,spline_interpolation,26.540279,32.068982,-59.131577,806,806
8,8,63394,block,none,0.80,moving_average,17.945263,18.471018,-18.948667,806,806
8,8,63394,block,none,0.80,knn,8.257616,10.035674,-4.888779,806,806
8,8,63394,block,none,0.80,knn_upgraded,8.215901,9.991455,-4.837000,806,806
8,8,63394,block,none,0.80,decision_tree,8.121143,9.905281,-4.736749,806,806
8,8,63394,block,none,0.80,random_forest,8.221937,9.984106,-4.828417,806,806
8,8,63394,block,none,0.80,neural_net,8.056981,9.762232,-4.572248,806,806
8,8,63394,block,none,0.80,adaptive_imputation,18.091749,18.558400,-19.137860,806,806
9,9,71313,block,none,0.80,forward_fill,7.894739,8.496929,-6.312471,806,806
9,9,71313,block,none,0.80,linear_interpolation,3.884625,4.858011,-1.390326,806,806
9,9,71313,block,none,0.80,time_interpolation,3.884625,4.858011,-1.390326,806,806
9,9,71313,block,none,0.80,cubic_interpolation,31.984661,37.272034,-139.703966,806,806
9,9,71313,block,none,0.80,spline_interpolation,31.984661,37.272034,-139.703966,806,806
9,9,71313,block,none,0.80,moving_average,7.802071,8.420872,-6.182147,806,806
9,9,71313,block,none,0.80,knn,3.884625,4.858011,-1.390326,806,806
9,9,71313,block,none,0.80,knn_upgraded,3.847743,4.831035,-1.363853,806,806
9,9,71313,block,none,0.80,decision_tree,3.840194,4.825621,-1.358558,806,806
9,9,71313,block,none,0.80,random_forest,3.863938,4.848305,-1.380784,806,806
9,9,71313,block,none,0.80,neural_net,3.943345,4.960882,-1.492631,806,806
9,9,71313,block,none,0.80,adaptive_imputation,3.884625,4.858011,-1.390326,806,806
10,10,79232,block,none,0.80,forward_fill,6.298052,7.039509,-1.237917,806,806
10,10,79232,block,none,0.80,linear_interpolation,3.329546,3.963859,0.290429,806,806
10,10,79232,block,none,0.80,time_interpolation,3.329546,3.963859,0.290429,806,806
10,10,79232,block,none,0.80,cubic_interpolation,54.073193,59.686185,-159.881782,806,806
10,10,79232,block,none,0.80,spline_interpolation,54.073193,59.686185,-159.881782,806,806
10,10,79232,block,none,0.80,moving_average,6.251613,7.012395,-1.220711,806,806
10,10,79232,block,none,0.80,knn,3.329546,3.963859,0.290429,806,806
10,10,79232,block,none,0.80,knn_upgraded,3.352139,3.987587,0.281909,806,806
10,10,79232,block,none,0.80,decision_tree,3.375000,4.012278,0.272989,806,806
10,10,79232,block,none,0.80,random_forest,3.396273,4.034534,0.264901,806,806
10,10,79232,block,none,0.80,neural_net,3.471461,4.103942,0.239391,806,806
10,10,79232,block,none,0.80,adaptive_imputation,3.329546,3.963859,0.290429,806,806
11,11,87151,block,none,0.80,forward_fill,4.098151,5.096860,-0.109233,806,806
11,11,87151,block,none,0.80,linear_interpolation,4.690259,5.715069,-0.394634,806,806
11,11,87151,block,none,0.80,time_interpolation,4.690259,5.715069,-0.394634,806,806
11,11,87151,block,none,0.80,cubic_interpolation,24.198732,27.324100,-30.879320,806,806
11,11,87151,block,none,0.80,spline_interpolation,24.198732,27.324100,-30.879320,806,806
11,11,87151,block,none,0.80,moving_average,4.086169,5.093588,-0.107809,806,806
11,11,87151,block,none,0.80,knn,4.690259,5.715069,-0.394634,806,806
11,11,87151,block,none,0.80,knn_upgraded,4.659099,5.682264,-0.378670,806,806
11,11,87151,block,none,0.80,decision_tree,4.622417,5.647958,-0.362073,806,806
11,11,87151,block,none,0.80,random_forest,4.648433,5.676997,-0.376115,806,806
11,11,87151,block,none,0.80,neural_net,4.707539,5.761726,-0.417498,806,806
11,11,87151,block,none,0.80,adaptive_imputation,4.098151,5.096860,-0.109233,806,806
12,12,95070,block,none,0.80,forward_fill,1.653189,2.201866,-0.148072,806,806
12,12,95070,block,none,0.80,linear_interpolation,2.030334,2.717743,-0.749059,806,806
12,12,95070,block,none,0.80,time_interpolation,2.030334,2.717743,-0.749059,806,806
12,12,95070,block,none,0.80,cubic_interpolation,6.895358,7.957880,-13.996240,806,806
12,12,95070,block,none,0.80,spline_interpolation,6.895358,7.957880,-13.996240,806,806
12,12,95070,block,none,0.80,moving_average,1.643022,2.197276,-0.143292,806,806
12,12,95070,block,none,0.80,knn,2.030334,2.717743,-0.749059,806,806
12,12,95070,block,none,0.80,knn_upgraded,2.024681,2.711436,-0.740950,806,806
12,12,95070,block,none,0.80,decision_tree,2.018411,2.702176,-0.729079,806,806
12,12,95070,block,none,0.80,random_forest,2.024021,2.710283,-0.739470,806,806
12,12,95070,block,none,0.80,neural_net,2.020196,2.705872,-0.733812,806,806
12,12,95070,block,none,0.80,adaptive_imputation,2.030334,2.717743,-0.749059,806,806
13,13,102989,block,none,0.80,forward_fill,4.535732,5.339308,-1.302076,806,806
13,13,102989,block,none,0.80,linear_interpolation,2.985838,3.913133,-0.236514,806,806
13,13,102989,block,none,0.80,time_interpolation,2.985838,3.913133,-0.236514,806,806
13,13,102989,block,none,0.80,cubic_interpolation,18.189722,22.013962,-38.133270,806,806
13,13,102989,block,none,0.80,spline_interpolation,18.189722,22.013962,-38.133270,806,806
13,13,102989,block,none,0.80,moving_average,4.478344,5.298275,-1.266829,806,806
13,13,102989,block,none,0.80,knn,2.985838,3.913133,-0.236514,806,806
13,13,102989,block,none,0.80,knn_upgraded,2.986088,3.917577,-0.239324,806,806
13,13,102989,block,none,0.80,decision_tree,3.013575,3.955515,-0.263443,806,806
13,13,102989,block,none,0.80,random_forest,3.003688,3.937684,-0.252078,806,806
13,13,102989,block,none,0.80,neural_net,3.029070,3.978746,-0.278327,806,806
13,13,102989,block,none,0.80,adaptive_imputation,2.985838,3.913133,-0.236514,806,806
14,14,110908,block,none,0.80,forward_fill,4.300571,4.616190,-6.339918,806,806
14,14,110908,block,none,0.80,linear_interpolation,1.575816,1.904425,-0.249256,806,806
14,14,110908,block,none,0.80,time_interpolation,1.575816,1.904425,-0.249256,806,806
14,14,110908,block,none,0.80,cubic_interpolation,54.379155,63.578405,-1391.333014,806,806
14,14,110908,block,none,0.80,spline_interpolation,54.421385,63.627810,-1393.497766,806,806
14,14,110908,block,none,0.80,moving_average,4.253739,4.578291,-6.219892,806,806
14,14,110908,block,none,0.80,knn,1.575816,1.904425,-0.249256,806,806
14,14,110908,block,none,0.80,knn_upgraded,1.612354,1.934412,-0.288908,806,806
14,14,110908,block,none,0.80,decision_tree,1.586953,1.913886,-0.261700,806,806
14,14,110908,block,none,0.80,random_forest,1.575523,1.905457,-0.250611,806,806
14,14,110908,block,none,0.80,neural_net,1.535530,1.841394,-0.167931,806,806
14,14,110908,block,none,0.80,adaptive_imputation,54.379155,63.578405,-1391.333014,806,806
15,15,118827,block,none,0.80,forward_fill,9.204318,10.766194,-2.675246,806,806
15,15,118827,block,none,0.80,linear_interpolation,5.769595,7.018594,-0.561932,806,806
15,15,118827,block,none,0.80,time_interpolation,5.769595,7.018594,-0.561932,806,806
15,15,118827,block,none,0.80,cubic_interpolation,45.795624,51.324129,-82.522820,806,806
15,15,118827,block,none,0.80,spline_interpolation,45.795624,51.324129,-82.522820,806,806
15,15,118827,block,none,0.80,moving_average,9.114681,10.699589,-2.629912,806,806
15,15,118827,block,none,0.80,knn,5.769595,7.018594,-0.561932,806,806
15,15,118827,block,none,0.80,knn_upgraded,5.755863,7.001177,-0.554190,806,806
15,15,118827,block,none,0.80,decision_tree,5.721070,6.938714,-0.526581,806,806
15,15,118827,block,none,0.80,random_forest,5.743734,6.977719,-0.543793,806,806
15,15,118827,block,none,0.80,neural_net,5.686731,6.888243,-0.504454,806,806
15,15,118827,block,none,0.80,adaptive_imputation,9.204318,10.766194,-2.675246,806,806
16,16,126746,block,none,0.80,forward_fill,2.364107,3.126786,-0.560407,806,806
16,16,126746,block,none,0.80,linear_interpolation,2.454068,3.237055,-0.672407,806,806
16,16,126746,block,none,0.80,time_interpolation,2.454068,3.237055,-0.672407,806,806
16,16,126746,block,none,0.80,cubic_interpolation,30.485928,35.062809,-195.216310,806,806
16,16,126746,block,none,0.80,spline_interpolation,30.485928,35.062809,-195.216310,806,806
16,16,126746,block,none,0.80,moving_average,2.370828,3.129011,-0.562629,806,806
16,16,126746,block,none,0.80,knn,2.454068,3.237055,-0.672407,806,806
16,16,126746,block,none,0.80,knn_upgraded,2.413396,3.192841,-0.627033,806,806
16,16,126746,block,none,0.80,decision_tree,2.491996,3.281756,-0.718914,806,806
16,16,126746,block,none,0.80,random_forest,2.430932,3.212133,-0.646754,806,806
16,16,126746,block,none,0.80,neural_net,2.445302,3.235344,-0.670639,806,806
16,16,126746,block,none,0.80,adaptive_imputation,2.364107,3.126786,-0.560407,806,806
17,17,134665,block,none,0.80,forward_fill,4.077022,4.690067,-0.000083,806,806
17,17,134665,block,none,0.80,linear_interpolation,3.278497,4.455541,0.097434,806,806
17,17,134665,block,none,0.80,time_interpolation,3.278497,4.455541,0.097434,806,806
17,17,134665,block,none,0.80,cubic_interpolation,18.947821,22.760939,-22.553664,806,806
17,17,134665,block,none,0.80,spline_interpolation,18.947822,22.760940,-22.553665,806,806
17,17,134665,block,none,0.80,moving_average,4.037679,4.665970,0.010167,806,806
17,17,134665,block,none,0.80,knn,3.278497,4.455541,0.097434,806,806
17,17,134665,block,none,0.80,knn_upgraded,3.260013,4.432429,0.106773,806,806
17,17,134665,block,none,0.80,decision_tree,3.237420,4.406146,0.117335,806,806
17,17,134665,block,none,0.80,random_forest,3.251290,4.429402,0.107993,806,806
17,17,134665,block,none,0.80,neural_net,3.255010,4.436083,0.105300,806,806
17,17,134665,block,none,0.80,adaptive_imputation,18.947821,22.760939,-22.553664,806,806
18,18,142584,block,none,0.80,forward_fill,2.760782,3.300459,-0.037902,806,806
18,18,142584,block,none,0.80,linear_interpolation,2.971872,3.647129,-0.267389,806,806
18,18,142584,block,none,0.80,time_interpolation,2.971872,3.647129,-0.267389,806,806
18,18,142584,block,none,0.80,cubic_interpolation,32.260396,36.425041,-125.417656,806,806
18,18,142584,block,none,0.80,spline_interpolation,32.260396,36.425041,-125.417656,806,806
18,18,142584,block,none,0.80,moving_average,2.752166,3.297997,-0.036354,806,806
18,18,142584,block,none,0.80,knn,2.971872,3.647129,-0.267389,806,806
18,18,142584,block,none,0.80,knn_upgraded,2.957445,3.621306,-0.249505,806,806
18,18,142584,block,none,0.80,decision_tree,2.952520,3.613899,-0.244399,806,806
18,18,142584,block,none,0.80,random_forest,2.962173,3.624117,-0.251446,806,806
18,18,142584,block,none,0.80,neural_net,2.982038,3.619805,-0.248470,806,806
18,18,142584,block,none,0.80,adaptive_imputation,2.760782,3.300459,-0.037902,806,806
19,19,150503,block,none,0.80,forward_fill,2.871315,3.880694,-0.246114,806,806
19,19,150503,block,none,0.80,linear_interpolation,2.220833,2.603149,0.439292,806,806
19,19,150503,block,none,0.80,time_interpolation,2.220833,2.603149,0.439292,806,806
19,19,150503,block,none,0.80,cubic_interpolation,11.443112,13.464638,-14.001279,806,806
19,19,150503,block,none,0.80,spline_interpolation,11.443112,13.464638,-14.001279,806,806
19,19,150503,block,none,0.80,moving_average,2.842862,3.857470,-0.231244,806,806
19,19,150503,block,none,0.80,knn,2.220833,2.603149,0.439292,806,806
19,19,150503,block,none,0.80,knn_upgraded,2.250489,2.631236,0.427127,806,806
19,19,150503,block,none,0.80,decision_tree,2.214924,2.598491,0.441297,806,806
19,19,150503,block,none,0.80,random_forest,2.204281,2.594084,0.443190,806,806
19,19,150503,block,none,0.80,neural_net,2.247212,2.658967,0.414988,806,806
19,19,150503,block,none,0.80,adaptive_imputation,2.220833,2.603149,0.439292,806,806
0,0,42,block_start,start,0.10,forward_fill,1.238614,1.475901,-0.086499,101,101
0,0,42,block_start,start,0.10,linear_interpolation,0.963647,1.228095,0.247721,101,101
0,0,42,block_start,start,0.10,time_interpolation,0.963647,1.228095,0.247721,101,101
0,0,42,block_start,start,0.10,cubic_interpolation,1.102206,1.220266,0.257282,101,101
0,0,42,block_start,start,0.10,spline_interpolation,1.088589,1.343593,0.099570,101,101
0,0,42,block_start,start,0.10,moving_average,1.081701,1.320766,0.129904,101,101
0,0,42,block_start,start,0.10,knn,0.963647,1.228095,0.247721,101,101
0,0,42,block_start,start,0.10,knn_upgraded,0.960957,1.217935,0.260117,101,101
0,0,42,block_start,start,0.10,decision_tree,0.731291,0.885600,0.608808,101,101
0,0,42,block_start,start,0.10,random_forest,0.775232,0.954129,0.545923,101,101
0,0,42,block_start,start,0.10,neural_net,0.879293,1.096598,0.400196,101,101
0,0,42,block_start,start,0.10,adaptive_imputation,0.963647,1.228095,0.247721,101,101
1,1,7961,block_start,start,0.10,forward_fill,1.313564,1.481441,-0.158273,101,101
1,1,7961,block_start,start,0.10,linear_interpolation,1.910792,2.194654,-1.541994,101,101
1,1,7961,block_start,start,0.10,time_interpolation,1.910792,2.194654,-1.541994,101,101
1,1,7961,block_start,start,0.10,cubic_interpolation,0.980648,1.124190,0.333006,101,101
1,1,7961,block_start,start,0.10,spline_interpolation,0.884754,1.159325,0.290662,101,101
1,1,7961,block_start,start,0.10,moving_average,1.238686,1.405741,-0.042925,101,101
1,1,7961,block_start,start,0.10,knn,1.910792,2.194654,-1.541994,101,101
1,1,7961,block_start,start,0.10,knn_upgraded,1.889589,2.178601,-1.504942,101,101
1,1,7961,block_start,start,0.10,decision_tree,1.288111,1.619520,-0.384252,101,101
1,1,7961,block_start,start,0.10,random_forest,1.407654,1.733872,-0.586634,101,101
1,1,7961,block_start,start,0.10,neural_net,1.713265,2.063994,-1.248327,101,101
1,1,7961,block_start,start,0.10,adaptive_imputation,1.910792,2.194654,-1.541994,101,101
2,2,15880,block_start,start,0.10,forward_fill,2.278218,2.613500,-3.164599,101,101
2,2,15880,block_start,start,0.10,linear_interpolation,2.188218,2.544838,-2.948648,101,101
2,2,15880,block_start,start,0.10,time_interpolation,2.188218,2.544838,-2.948648,101,101
2,2,15880,block_start,start,0.10,cubic_interpolation,1.757064,2.169231,-1.869060,101,101
2,2,15880,block_start,start,0.10,spline_interpolation,1.554310,1.938443,-1.291049,101,101
2,2,15880,block_start,start,0.10,moving_average,2.274728,2.612177,-3.160384,101,101
2,2,15880,block_start,start,0.10,knn,2.188218,2.544838,-2.948648,101,101
2,2,15880,block_start,start,0.10,knn_upgraded,2.184977,2.543050,-2.943101,101,101
2,2,15880,block_start,start,0.10,decision_tree,2.186963,2.543759,-2.945301,101,101
2,2,15880,block_start,start,0.10,random_forest,2.199617,2.559314,-2.993698,101,101
2,2,15880,block_start,start,0.10,neural_net,2.235950,2.606309,-3.141714,101,101
2,2,15880,block_start,start,0.10,adaptive_imputation,2.188218,2.544838,-2.948648,101,101
3,3,23799,block_start,start,0.10,forward_fill,6.060990,7.970651,-1.200192,101,101
3,3,23799,block_start,start,0.10,linear_interpolation,2.446994,2.687607,0.749848,101,101
3,3,23799,block_start,start,0.10,time_interpolation,2.446994,2.687607,0.749848,101,101
3,3,23799,block_start,start,0.10,cubic_interpolation,2.214287,3.080100,0.671449,101,101
3,3,23799,block_start,start,0.10,spline_interpolation,2.733736,3.686707,0.529293,101,101
3,3,23799,block_start,start,0.10,moving_average,5.426805,7.446506,-0.920340,101,101
3,3,23799,block_start,start,0.10,knn,2.446994,2.687607,0.749848,101,101
3,3,23799,block_start,start,0.10,knn_upgraded,2.426480,2.670127,0.753091,101,101
3,3,23799,block_start,start,0.10,decision_tree,3.239117,4.037450,0.435470,101,101
3,3,23799,block_start,start,0.10,random_forest,2.891075,3.462822,0.584727,101,101
3,3,23799,block_start,start,0.10,neural_net,2.836918,3.307746,0.621089,101,101
3,3,23799,block_start,start,0.10,adaptive_imputation,2.446994,2.687607,0.749848,101,101
4,4,31718,block_start,start,0.10,forward_fill,3.678317,4.160327,-1.186773,101,101
4,4,31718,block_start,start,0.10,linear_interpolation,4.537356,5.062573,-2.238109,101,101
4,4,31718,block_start,start,0.10,time_interpolation,4.537356,5.062573,-2.238109,101,101
4,4,31718,block_start,start,0.10,cubic_interpolation,3.278657,3.942967,-0.964243,101,101
4,4,31718,block_start,start,0.10,spline_interpolation,2.430637,2.963155,-0.109322,101,101
4,4,31718,block_start,start,0.10,moving_average,3.543706,4.107754,-1.131856,101,101
4,4,31718,block_start,start,0.10,knn,4.537356,5.062573,-2.238109,101,101
4,4,31718,block_start,start,0.10,knn_upgraded,4.517728,5.042373,-2.212320,101,101
4,4,31718,block_start,start,0.10,decision_tree,3.852513,4.386402,-1.430892,101,101
4,4,31718,block_start,start,0.10,random_forest,4.114618,4.641605,-1.721982,101,101
4,4,31718,block_start,start,0.10,neural_net,4.280884,4.841594,-1.961595,101,101
4,4,31718,block_start,start,0.10,adaptive_imputation,4.537356,5.062573,-2.238109,101,101
5,5,39637,block_start,start,0.10,forward_fill,0.205050,0.240612,-0.384767,101,101
5,5,39637,block_start,start,0.10,linear_interpolation,0.136642,0.165267,0.346697,101,101
5,5,39637,block_start,start,0.10,time_interpolation,0.136642,0.165267,0.346697,101,101
5,5,39637,block_start,start,0.10,cubic_interpolation,0.304875,0.374793,-2.359902,101,101
5,5,39637,block_start,start,0.10,spline_interpolation,0.408642,0.516815,-5.388702,101,101
5,5,39637,block_start,start,0.10,moving_average,0.192365,0.229170,-0.256200,101,101
5,5,39637,block_start,start,0.10,knn,0.136642,0.165267,0.346697,101,101
5,5,39637,block_start,start,0.10,knn_upgraded,0.134060,0.163780,0.358398,101,101
5,5,39637,block_start,start,0.10,decision_tree,0.124582,0.148097,0.475395,101,101
5,5,39637,block_start,start,0.10,random_forest,0.121819,0.143657,0.506379,101,101
5,5,39637,block_start,start,0.10,neural_net,0.135778,0.166114,0.339980,101,101
5,5,39637,block_start,start,0.10,adaptive_imputation,0.136642,0.165267,0.346697,101,101
6,6,47556,block_start,start,0.10,forward_fill,7.825743,9.479971,-1.818927,101,101
6,6,47556,block_start,start,0.10,linear_interpolation,3.106800,3.486969,0.618613,101,101
6,6,47556,block_start,start,0.10,time_interpolation,3.106800,3.486969,0.618613,101,101
6,6,47556,block_start,start,0.10,cubic_interpolation,1.685580,2.230198,0.843989,101,101
6,6,47556,block_start,start,0.10,spline_interpolation,2.724820,3.371371,0.643481,101,101
6,6,47556,block_start,start,0.10,moving_average,7.181875,8.975801,-1.527064,101,101
6,6,47556,block_start,start,0.10,knn,3.106800,3.486969,0.618613,101,101
6,6,47556,block_start,start,0.10,knn_upgraded,3.067938,3.448928,0.626889,101,101
6,6,47556,block_start,start,0.10,decision_tree,4.740665,5.519051,0.044571,101,101
6,6,47556,block_start,start,0.10,random_forest,3.905404,4.561502,0.347342,101,101
6,6,47556,block_start,start,0.10,neural_net,3.282199,3.668508,0.577868,101,101
6,6,47556,block_start,start,0.10,adaptive_imputation,3.106800,3.486969,0.618613,101,101
7,7,55475,block_start,start,0.10,forward_fill,2.440891,2.949619,-1.798709,101,101
7,7,55475,block_start,start,0.10,linear_interpolation,0.691594,0.774242,0.807168,101,101
7,7,55475,block_start,start,0.10,time_interpolation,0.691594,0.774242,0.807168,101,101
7,7,55475,block_start,start,0.10,cubic_interpolation,0.561710,0.789248,0.799620,101,101
7,7,55475,block_start,start,0.10,spline_interpolation,0.668431,0.909281,0.734036,101,101
7,7,55475,block_start,start,0.10,moving_average,2.196785,2.764619,-1.458649,101,101
7,7,55475,block_start,start,0.10,knn,0.691594,0.774242,0.807168,101,101
7,7,55475,block_start,start,0.10,knn_upgraded,0.678646,0.761934,0.813250,101,101
7,7,55475,block_start,start,0.10,decision_tree,1.317407,1.482416,0.293086,101,101
7,7,55475,block_start,start,0.10,random_forest,1.040834,1.191285,0.543483,101,101
7,7,55475,block_start,start,0.10,neural_net,0.731065,0.817519,0.785008,101,101
7,7,55475,block_start,start,0.10,adaptive_imputation,0.691594,0.774242,0.807168,101,101
8,8,63394,block_start,start,0.10,forward_fill,3.537921,3.976638,-2.601167,101,101
8,8,63394,block_start,start,0.10,linear_interpolation,4.227079,4.746794,-4.131117,101,101
8,8,63394,block_start,start,0.10,time_interpolation,4.227079,4.746794,-4.131117,101,101
8,8,63394,block_start,start,0.10,cubic_interpolation,2.507402,2.787822,-0.769869,101,101
8,8,63394,block_start,start,0.10,spline_interpolation,1.531272,1.803542,0.259263,101,101
8,8,63394,block_start,start,0.10,moving_average,3.498612,3.966822,-2.583412,101,101
8,8,63394,block_start,start,0.10,knn,4.227079,4.746794,-4.131117,101,101
8,8,63394,block_start,start,0.10,knn_upgraded,4.213183,4.733284,-4.101951,101,101
8,8,63394,block_start,start,0.10,decision_tree,3.792373,4.336639,-3.282701,101,101
8,8,63394,block_start,start,0.10,random_forest,3.903662,4.448031,-3.505540,101,101
8,8,63394,block_start,start,0.10,neural_net,4.222086,4.769850,-4.181085,101,101
8,8,63394,block_start,start,0.10,adaptive_imputation,4.227079,4.746794,-4.131117,101,101
9,9,71313,block_start,start,0.10,forward_fill,5.037030,6.291984,-1.042401,101,101
9,9,71313,block_start,start,0.10,linear_interpolation,2.881433,3.359771,0.417649,101,101
9,9,71313,block_start,start,0.10,time_interpolation,2.881433,3.359771,0.417649,101,101
9,9,71313,block_start,start,0.10,cubic_interpolation,2.205401,2.498099,0.678052,101,101
9,9,71313,block_start,start,0.10,spline_interpolation,2.310539,2.688848,0.627009,101,101
9,9,71313,block_start,start,0.10,moving_average,4.682665,6.080062,-0.907136,101,101
9,9,71313,block_start,start,0.10,knn,2.881433,3.359771,0.417649,101,101
9,9,71313,block_start,start,0.10,knn_upgraded,2.865250,3.343301,0.423344,101,101
9,9,71313,block_start,start,0.10,decision_tree,3.383172,4.213231,0.084209,101,101
9,9,71313,block_start,start,0.10,random_forest,3.161446,3.847467,0.236313,101,101
9,9,71313,block_start,start,0.10,neural_net,2.621570,3.205449,0.469918,101,101
9,9,71313,block_start,start,0.10,adaptive_imputation,2.881433,3.359771,0.417649,101,101
10,10,79232,block_start,start,0.10,forward_fill,2.920099,3.977299,-0.402975,101,101
10,10,79232,block_start,start,0.10,linear_interpolation,2.116283,2.556665,0.420276,101,101
10,10,79232,block_start,start,0.10,time_interpolation,2.116283,2.556665,0.420276,101,101
10,10,79232,block_start,start,0.10,cubic_interpolation,2.119485,2.591682,0.404287,101,101
10,10,79232,block_start,start,0.10,spline_interpolation,1.587439,1.939701,0.666310,101,101
10,10,79232,block_start,start,0.10,moving_average,2.478211,3.473935,-0.070328,101,101
10,10,79232,block_start,start,0.10,knn,2.116283,2.556665,0.420276,101,101
10,10,79232,block_start,start,0.10,knn_upgraded,2.112460,2.553824,0.421564,101,101
10,10,79232,block_start,start,0.10,decision_tree,2.242543,2.674179,0.365759,101,101
10,10,79232,block_start,start,0.10,random_forest,1.303177,1.579068,0.778856,101,101
10,10,79232,block_start,start,0.10,neural_net,2.114705,2.574563,0.412131,101,101
10,10,79232,block_start,start,0.10,adaptive_imputation,2.116283,2.556665,0.420276,101,101
11,11,87151,block_start,start,0.10,forward_fill,3.292772,3.890890,-1.630396,101,101
11,11,87151,block_start,start,0.10,linear_interpolation,3.946075,4.598199,-2.673659,101,101
11,11,87151,block_start,start,0.10,time_interpolation,3.946075,4.598199,-2.673659,101,101
11,11,87151,block_start,start,0.10,cubic_interpolation,4.097450,4.760084,-2.936883,101,101
11,11,87151,block_start,start,0.10,spline_interpolation,4.067771,4.729353,-2.886214,101,101
11,11,87151,block_start,start,0.10,moving_average,3.227257,3.875602,-1.609766,101,101
11,11,87151,block_start,start,0.10,knn,3.946075,4.598199,-2.673659,101,101
11,11,87151,block_start,start,0.10,knn_upgraded,3.935021,4.586354,-2.654756,101,101
11,11,87151,block_start,start,0.10,decision_tree,3.588344,4.280676,-2.183816,101,101
11,11,87151,block_start,start,0.10,random_forest,3.576234,4.276370,-2.177414,101,101
11,11,87151,block_start,start,0.10,neural_net,3.765141,4.469276,-2.470545,101,101
11,11,87151,block_start,start,0.10,adaptive_imputation,3.946075,4.598199,-2.673659,101,101
12,12,95070,block_start,start,0.10,forward_fill,0.311188,0.364073,-0.154454,101,101
12,12,95070,block_start,start,0.10,linear_interpolation,0.302998,0.377749,-0.242809,101,101
12,12,95070,block_start,start,0.10,time_interpolation,0.302998,0.377749,-0.242809,101,101
12,12,95070,block_start,start,0.10,cubic_interpolation,0.311139,0.390834,-0.330401,101,101
12,12,95070,block_start,start,0.10,spline_interpolation,0.310510,0.388933,-0.317490,101,101
12,12,95070,block_start,start,0.10,moving_average,0.290236,0.350991,-0.072980,101,101
12,12,95070,block_start,start,0.10,knn,0.302998,0.377749,-0.242809,101,101
12,12,95070,block_start,start,0.10,knn_upgraded,0.302432,0.377150,-0.238877,101,101
12,12,95070,block_start,start,0.10,decision_tree,0.315325,0.371447,-0.201691,101,101
12,12,95070,block_start,start,0.10,random_forest,0.311115,0.367023,-0.173233,101,101
12,12,95070,block_start,start,0.10,neural_net,0.327019,0.398035,-0.379879,101,101
12,12,95070,block_start,start,0.10,adaptive_imputation,0.302998,0.377749,-0.242809,101,101
13,13,102989,block_start,start,0.10,forward_fill,7.299802,7.919118,-5.511935,101,101
13,13,102989,block_start,start,0.10,linear_interpolation,4.671019,5.137243,-1.740417,101,101
13,13,102989,block_start,start,0.10,time_interpolation,4.671019,5.137243,-1.740417,101,101
13,13,102989,block_start,start,0.10,cubic_interpolation,3.417533,3.738460,-0.451249,101,101
13,13,102989,block_start,start,0.10,spline_interpolation,3.144181,3.443319,-0.231150,101,101
13,13,102989,block_start,start,0.10,moving_average,7.001797,7.755290,-5.245289,101,101
13,13,102989,block_start,start,0.10,knn,4.671019,5.137243,-1.740417,101,101
13,13,102989,block_start,start,0.10,knn_upgraded,4.658724,5.126424,-1.728886,101,101
13,13,102989,block_start,start,0.10,decision_tree,5.869395,6.265632,-3.076489,101,101
13,13,102989,block_start,start,0.10,random_forest,5.515006,5.926899,-2.647636,101,101
13,13,102989,block_start,start,0.10,neural_net,4.936321,5.495578,-2.136051,101,101
13,13,102989,block_start,start,0.10,adaptive_imputation,4.671019,5.137243,-1.740417,101,101
14,14,110908,block_start,start,0.10,forward_fill,2.328515,2.733323,-2.646067,101,101
14,14,110908,block_start,start,0.10,linear_interpolation,1.483515,1.925176,-0.808771,101,101
14,14,110908,block_start,start,0.10,time_interpolation,1.483515,1.925176,-0.808771,101,101
14,14,110908,block_start,start,0.10,cubic_interpolation,0.580720,0.857527,0.641129,101,101
14,14,110908,block_start,start,0.10,spline_interpolation,0.617934,0.739832,0.732879,101,101
14,14,110908,block_start,start,0.10,moving_average,2.236281,2.700474,-2.558958,101,101
14,14,110908,block_start,start,0.10,knn,1.483515,1.925176,-0.808771,101,101
14,14,110908,block_start,start,0.10,knn_upgraded,1.469924,1.912680,-0.785366,101,101
14,14,110908,block_start,start,0.10,decision_tree,1.877180,2.242608,-1.454423,101,101
14,14,110908,block_start,start,0.10,random_forest,1.785430,2.158355,-1.273467,101,101
14,14,110908,block_start,start,0.10,neural_net,1.497356,1.891965,-0.746903,101,101
14,14,110908,block_start,start,0.10,adaptive_imputation,1.483515,1.925176,-0.808771,101,101
15,15,118827,block_start,start,0.10,forward_fill,4.238911,5.377682,-0.691854,101,101
15,15,118827,block_start,start,0.10,linear_interpolation,1.829595,2.078803,0.747187,101,101
15,15,118827,block_start,start,0.10,time_interpolation,1.829595,2.078803,0.747187,101,101
15,15,118827,block_start,start,0.10,cubic_interpolation,7.338169,8.073431,-2.813195,101,101
15,15,118827,block_start,start,0.10,spline_interpolation,10.099294,11.077309,-6.178626,101,101
15,15,118827,block_start,start,0.10,moving_average,3.772771,4.892715,-0.400466,101,101
15,15,118827,block_start,start,0.10,knn,1.829595,2.078803,0.747187,101,101
15,15,118827,block_start,start,0.10,knn_upgraded,1.813529,2.079486,0.747021,101,101
15,15,118827,block_start,start,0.10,decision_tree,1.965448,2.244008,0.705408,101,101
15,15,118827,block_start,start,0.10,random_forest,1.779942,1.979115,0.770853,101,101
15,15,118827,block_start,start,0.10,neural_net,1.759319,2.096906,0.742765,101,101
15,15,118827,block_start,start,0.10,adaptive_imputation,1.829595,2.078803,0.747187,101,101
16,16,126746,block_start,start,0.10,forward_fill,3.037228,3.378699,-0.337607,101,101
16,16,126746,block_start,start,0.10,linear_interpolation,3.127302,3.636710,-0.549697,101,101
16,16,126746,block_start,start,0.10,time_interpolation,3.127302,3.636710,-0.549697,101,101
16,16,126746,block_start,start,0.10,cubic_interpolation,4.985101,6.495640,-3.943941,101,101
16,16,126746,block_start,start,0.10,spline_interpolation,8.011633,9.025113,-8.544093,101,101
16,16,126746,block_start,start,0.10,moving_average,2.979279,3.345407,-0.311376,101,101
16,16,126746,block_start,start,0.10,knn,3.127302,3.636710,-0.549697,101,101
16,16,126746,block_start,start,0.10,knn_upgraded,3.105976,3.593831,-0.513369,101,101
16,16,126746,block_start,start,0.10,decision_tree,2.857178,3.282667,-0.262650,101,101
16,16,126746,block_start,start,0.10,random_forest,2.972536,3.438117,-0.385066,101,101
16,16,126746,block_start,start,0.10,neural_net,3.355027,3.803167,-0.694807,101,101
16,16,126746,block_start,start,0.10,adaptive_imputation,3.127302,3.636710,-0.549697,101,101
17,17,134665,block_start,start,0.10,forward_fill,4.215149,4.850215,-2.617136,101,101
17,17,134665,block_start,start,0.10,linear_interpolation,2.285644,2.865995,-0.262973,101,101
17,17,134665,block_start,start,0.10,time_interpolation,2.285644,2.865995,-0.262973,101,101
17,17,134665,block_start,start,0.10,cubic_interpolation,1.044263,1.171078,0.789130,101,101
17,17,134665,block_start,start,0.10,spline_interpolation,1.263515,1.527685,0.641152,101,101
17,17,134665,block_start,start,0.10,moving_average,3.986244,4.730898,-2.441360,101,101
17,17,134665,block_start,start,0.10,knn,2.285644,2.865995,-0.262973,101,101
17,17,134665,block_start,start,0.10,knn_upgraded,2.258241,2.841605,-0.241567,101,101
17,17,134665,block_start,start,0.10,decision_tree,3.058972,3.633187,-1.029637,101,101
17,17,134665,block_start,start,0.10,random_forest,2.802650,3.390902,-0.767964,101,101
17,17,134665,block_start,start,0.10,neural_net,2.289086,2.865463,-0.262503,101,101
17,17,134665,block_start,start,0.10,adaptive_imputation,2.285644,2.865995,-0.262973,101,101
18,18,142584,block_start,start,0.10,forward_fill,2.192178,2.733068,-0.944234,101,101
18,18,142584,block_start,start,0.10,linear_interpolation,0.767417,0.963652,0.758294,101,101
18,18,142584,block_start,start,0.10,time_interpolation,0.767417,0.963652,0.758294,101,101
18,18,142584,block_start,start,0.10,cubic_interpolation,0.950413,1.292537,0.565156,101,101
18,18,142584,block_start,start,0.10,spline_interpolation,1.067260,1.422832,0.473068,101,101
18,18,142584,block_start,start,0.10,moving_average,1.951619,2.522090,-0.655651,101,101
18,18,142584,block_start,start,0.10,knn,0.767417,0.963652,0.758294,101,101
18,18,142584,block_start,start,0.10,knn_upgraded,0.761749,0.960150,0.760047,101,101
18,18,142584,block_start,start,0.10,decision_tree,1.110285,1.265595,0.583095,101,101
18,18,142584,block_start,start,0.10,random_forest,0.893757,1.015162,0.731763,101,101
18,18,142584,block_start,start,0.10,neural_net,0.862623,1.062188,0.706336,101,101
18,18,142584,block_start,start,0.10,adaptive_imputation,0.767417,0.963652,0.758294,101,101
19,19,150503,block_start,start,0.10,forward_fill,1.456040,1.779812,-2.016929,101,101
19,19,150503,block_start,start,0.10,linear_interpolation,0.249715,0.293886,0.917743,101,101
19,19,150503,block_start,start,0.10,time_interpolation,0.249715,0.293886,0.917743,101,101
19,19,150503,block_start,start,0.10,cubic_interpolation,0.324313,0.380669,0.861990,101,101
19,19,150503,block_start,start,0.10,spline_interpolation,0.209218,0.268201,0.931493,101,101
19,19,150503,block_start,start,0.10,moving_average,1.294762,1.629557,-1.529042,101,101
19,19,150503,block_start,start,0.10,knn,0.249715,0.293886,0.917743,101,101
19,19,150503,block_start,start,0.10,knn_upgraded,0.246026,0.291852,0.918878,101,101
19,19,150503,block_start,start,0.10,decision_tree,0.675053,0.728761,0.494190,101,101
19,19,150503,block_start,start,0.10,random_forest,0.477403,0.539877,0.722408,101,101
19,19,150503,block_start,start,0.10,neural_net,0.286920,0.383065,0.860247,101,101
19,19,150503,block_start,start,0.10,adaptive_imputation,0.249715,0.293886,0.917743,101,101
0,0,42,block_start,start,0.20,forward_fill,2.339307,2.657889,-1.111069,202,202
0,0,42,block_start,start,0.20,linear_interpolation,0.699069,0.888876,0.763891,202,202
0,0,42,block_start,start,0.20,time_interpolation,0.699069,0.888876,0.763891,202,202
0,0,42,block_start,start,0.20,cubic_interpolation,1.676155,1.771320,0.062388,202,202
0,0,42,block_start,start,0.20,spline_interpolation,2.193331,2.325890,-0.616617,202,202
0,0,42,block_start,start,0.20,moving_average,2.221283,2.564998,-0.966089,202,202
0,0,42,block_start,start,0.20,knn,0.699069,0.888876,0.763891,202,202
0,0,42,block_start,start,0.20,knn_upgraded,0.844617,1.018197,0.690192,202,202
0,0,42,block_start,start,0.20,decision_tree,1.127623,1.259195,0.526178,202,202
0,0,42,block_start,start,0.20,random_forest,0.787965,0.914119,0.750291,202,202
0,0,42,block_start,start,0.20,neural_net,0.723714,0.894684,0.760796,202,202
0,0,42,block_start,start,0.20,adaptive_imputation,0.699069,0.888876,0.763891,202,202
1,1,7961,block_start,start,0.20,forward_fill,1.665099,1.926846,-0.051038,202,202
1,1,7961,block_start,start,0.20,linear_interpolation,1.829594,2.214641,-0.388452,202,202
1,1,7961,block_start,start,0.20,time_interpolation,1.829594,2.214641,-0.388452,202,202
1,1,7961,block_start,start,0.20,cubic_interpolation,6.323618,7.960775,-16.940513,202,202
1,1,7961,block_start,start,0.20,spline_interpolation,8.754932,10.220672,-28.572162,202,202
1,1,7961,block_start,start,0.20,moving_average,1.641521,1.918748,-0.042222,202,202
1,1,7961,block_start,start,0.20,knn,1.829594,2.214641,-0.388452,202,202
1,1,7961,block_start,start,0.20,knn_upgraded,1.789400,2.167883,-0.330442,202,202
1,1,7961,block_start,start,0.20,decision_tree,1.796217,2.131646,-0.286336,202,202
1,1,7961,block_start,start,0.20,random_forest,1.802292,2.156864,-0.316951,202,202
1,1,7961,block_start,start,0.20,neural_net,2.011261,2.447204,-0.695371,202,202
1,1,7961,block_start,start,0.20,adaptive_imputation,1.829594,2.214641,-0.388452,202,202
2,2,15880,block_start,start,0.20,forward_fill,1.870000,2.235006,-0.477517,202,202
2,2,15880,block_start,start,0.20,linear_interpolation,1.693257,2.188066,-0.416106,202,202
2,2,15880,block_start,start,0.20,time_interpolation,1.693257,2.188066,-0.416106,202,202
2,2,15880,block_start,start,0.20,cubic_interpolation,1.587363,2.090796,-0.292999,202,202
2,2,15880,block_start,start,0.20,spline_interpolation,1.635793,2.138153,-0.352236,202,202
2,2,15880,block_start,start,0.20,moving_average,1.812608,2.205027,-0.438145,202,202
2,2,15880,block_start,start,0.20,knn,1.693257,2.188066,-0.416106,202,202
2,2,15880,block_start,start,0.20,knn_upgraded,1.634069,2.129611,-0.341453,202,202
2,2,15880,block_start,start,0.20,decision_tree,1.735400,2.252058,-0.500149,202,202
2,2,15880,block_start,start,0.20,random_forest,1.755159,2.271055,-0.525563,202,202
2,2,15880,block_start,start,0.20,neural_net,1.932756,2.422063,-0.735186,202,202
2,2,15880,block_start,start,0.20,adaptive_imputation,1.693257,2.188066,-0.416106,202,202
3,3,23799,block_start,start,0.20,forward_fill,5.547673,7.070488,-1.459828,202,202
3,3,23799,block_start,start,0.20,linear_interpolation,4.273243,5.126181,-0.292986,202,202
3,3,23799,block_start,start,0.20,time_interpolation,4.273243,5.126181,-0.292986,202,202
3,3,23799,block_start,start,0.20,cubic_interpolation,4.081982,4.924138,-0.193071,202,202
3,3,23799,block_start,start,0.20,spline_interpolation,4.556320,5.798088,-0.654152,202,202
3,3,23799,block_start,start,0.20,moving_average,5.281847,6.852581,-1.310544,202,202
3,3,23799,block_start,start,0.20,knn,4.273243,5.126181,-0.292986,202,202
3,3,23799,block_start,start,0.20,knn_upgraded,4.317347,5.209092,-0.335150,202,202
3,3,23799,block_start,start,0.20,decision_tree,4.511195,5.729100,-0.615023,202,202
3,3,23799,block_start,start,0.20,random_forest,4.219154,5.363628,-0.415544,202,202
3,3,23799,block_start,start,0.20,neural_net,4.336457,5.133414,-0.296637,202,202
3,3,23799,block_start,start,0.20,adaptive_imputation,4.273243,5.126181,-0.292986,202,202
4,4,31718,block_start,start,0.20,forward_fill,4.263762,4.633061,-0.277460,202,202
4,4,31718,block_start,start,0.20,linear_interpolation,3.785235,4.315039,-0.108104,202,202
4,4,31718,block_start,start,0.20,time_interpolation,3.785235,4.315039,-0.108104,202,202
4,4,31718,block_start,start,0.20,cubic_interpolation,4.901595,6.397191,-1.435510,202,202
4,4,31718,block_start,start,0.20,spline_interpolation,5.409540,7.193104,-2.079243,202,202
4,4,31718,block_start,start,0.20,moving_average,4.152535,4.565195,-0.240309,202,202
4,4,31718,block_start,start,0.20,knn,3.785235,4.315039,-0.108104,202,202
4,4,31718,block_start,start,0.20,knn_upgraded,3.747654,4.218615,-0.059134,202,202
4,4,31718,block_start,start,0.20,decision_tree,4.068084,4.458237,-0.182871,202,202
4,4,31718,block_start,start,0.20,random_forest,3.988564,4.400559,-0.152463,202,202
4,4,31718,block_start,start,0.20,neural_net,3.812099,4.344145,-0.123104,202,202
4,4,31718,block_start,start,0.20,adaptive_imputation,3.785235,4.315039,-0.108104,202,202
5,5,39637,block_start,start,0.20,forward_fill,1.685248,2.702200,-0.123479,202,202
5,5,39637,block_start,start,0.20,linear_interpolation,2.834158,3.497356,-0.881957,202,202
5,5,39637,block_start,start,0.20,time_interpolation,2.834158,3.497356,-0.881957,202,202
5,5,39637,block_start,start,0.20,cubic_interpolation,4.129786,4.895712,-2.687752,202,202
5,5,39637,block_start,start,0.20,spline_interpolation,4.308552,5.067186,-2.950606,202,202
5,5,39637,block_start,start,0.20,moving_average,1.498873,2.431663,0.090219,202,202
5,5,39637,block_start,start,0.20,knn,2.834158,3.497356,-0.881957,202,202
5,5,39637,block_start,start,0.20,knn_upgraded,2.359229,2.994162,-0.379369,202,202
5,5,39637,block_start,start,0.20,decision_tree,1.732722,2.270698,0.206680,202,202
5,5,39637,block_start,start,0.20,random_forest,2.162033,2.841285,-0.242108,202,202
5,5,39637,block_start,start,0.20,neural_net,2.388931,3.093649,-0.472557,202,202
5,5,39637,block_start,start,0.20,adaptive_imputation,2.834158,3.497356,-0.881957,202,202
6,6,47556,block_start,start,0.20,forward_fill,6.841733,8.053964,-2.328624,202,202
6,6,47556,block_start,start,0.20,linear_interpolation,4.270171,5.429563,-0.512778,202,202
6,6,47556,block_start,start,0.20,time_interpolation,4.270171,5.429563,-0.512778,202,202
6,6,47556,block_start,start,0.20,cubic_interpolation,12.013888,14.014102,-9.078038,202,202
6,6,47556,block_start,start,0.20,spline_interpolation,17.161928,19.740442,-18.996739,202,202
6,6,47556,block_start,start,0.20,moving_average,6.613952,7.922235,-2.220631,202,202
6,6,47556,block_start,start,0.20,knn,4.270171,5.429563,-0.512778,202,202
6,6,47556,block_start,start,0.20,knn_upgraded,4.399193,5.786134,-0.717997,202,202
6,6,47556,block_start,start,0.20,decision_tree,5.092224,6.701216,-1.304372,202,202
6,6,47556,block_start,start,0.20,random_forest,4.780476,6.345105,-1.065965,202,202
6,6,47556,block_start,start,0.20,neural_net,4.202357,5.428262,-0.512053,202,202
6,6,47556,block_start,start,0.20,adaptive_imputation,4.270171,5.429563,-0.512778,202,202
7,7,55475,block_start,start,0.20,forward_fill,2.669752,3.054839,-2.877775,202,202
7,7,55475,block_start,start,0.20,linear_interpolation,1.454404,1.698582,-0.198889,202,202
7,7,55475,block_start,start,0.20,time_interpolation,1.454404,1.698582,-0.198889,202,202
7,7,55475,block_start,start,0.20,cubic_interpolation,1.205485,1.605529,-0.071130,202,202
7,7,55475,block_start,start,0.20,spline_interpolation,1.150346,1.584857,-0.043725,202,202
7,7,55475,block_start,start,0.20,moving_average,2.552297,2.975256,-2.678363,202,202
7,7,55475,block_start,start,0.20,knn,1.454404,1.698582,-0.198889,202,202
7,7,55475,block_start,start,0.20,knn_upgraded,1.552334,1.839592,-0.406206,202,202
7,7,55475,block_start,start,0.20,decision_tree,1.940404,2.269091,-1.139488,202,202
7,7,55475,block_start,start,0.20,random_forest,1.687510,1.998164,-0.659084,202,202
7,7,55475,block_start,start,0.20,neural_net,1.617985,1.898961,-0.498435,202,202
7,7,55475,block_start,start,0.20,adaptive_imputation,1.454404,1.698582,-0.198889,202,202
8,8,63394,block_start,start,0.20,forward_fill,5.229752,6.433408,-0.627031,202,202
8,8,63394,block_start,start,0.20,linear_interpolation,3.919450,5.675231,-0.266137,202,202
8,8,63394,block_start,start,0.20,time_interpolation,3.919450,5.675231,-0.266137,202,202
8,8,63394,block_start,start,0.20,cubic_interpolation,4.174397,6.302031,-0.561258,202,202
8,8,63394,block_start,start,0.20,spline_interpolation,4.092067,6.036974,-0.432690,202,202
8,8,63394,block_start,start,0.20,moving_average,4.824925,5.982441,-0.406923,202,202
8,8,63394,block_start,start,0.20,knn,3.919450,5.675231,-0.266137,202,202
8,8,63394,block_start,start,0.20,knn_upgraded,3.629168,4.992403,0.020211,202,202
8,8,63394,block_start,start,0.20,decision_tree,4.006964,4.618787,0.161372,202,202
8,8,63394,block_start,start,0.20,random_forest,3.957810,4.894000,0.058454,202,202
8,8,63394,block_start,start,0.20,neural_net,3.671966,4.922922,0.047293,202,202
8,8,63394,block_start,start,0.20,adaptive_imputation,3.919450,5.675231,-0.266137,202,202
9,9,71313,block_start,start,0.20,forward_fill,4.149455,5.346610,-0.668192,202,202
9,9,71313,block_start,start,0.20,linear_interpolation,4.138583,5.063342,-0.496110,202,202
9,9,71313,block_start,start,0.20,time_interpolation,4.138583,5.063342,-0.496110,202,202
9,9,71313,block_start,start,0.20,cubic_interpolation,4.065029,4.970708,-0.441868,202,202
9,9,71313,block_start,start,0.20,spline_interpolation,4.117665,5.028303,-0.475475,202,202
9,9,71313,block_start,start,0.20,moving_average,3.878762,5.097259,-0.516221,202,202
9,9,71313,block_start,start,0.20,knn,4.138583,5.063342,-0.496110,202,202
9,9,71313,block_start,start,0.20,knn_upgraded,4.076220,4.921303,-0.413348,202,202
9,9,71313,block_start,start,0.20,decision_tree,3.980458,4.958046,-0.434532,202,202
9,9,71313,block_start,start,0.20,random_forest,3.874888,4.775824,-0.331024,202,202
9,9,71313,block_start,start,0.20,neural_net,4.136731,5.160423,-0.554031,202,202
9,9,71313,block_start,start,0.20,adaptive_imputation,4.138583,5.063342,-0.496110,202,202
10,10,79232,block_start,start,0.20,forward_fill,3.769257,4.570311,-0.095110,202,202
10,10,79232,block_start,start,0.20,linear_interpolation,3.708554,4.864783,-0.240775,202,202
10,10,79232,block_start,start,0.20,time_interpolation,3.708554,4.864783,-0.240775,202,202
10,10,79232,block_start,start,0.20,cubic_interpolation,3.801235,5.050613,-0.337379,202,202
10,10,79232,block_start,start,0.20,spline_interpolation,3.799536,5.047559,-0.335761,202,202
10,10,79232,block_start,start,0.20,moving_average,3.711137,4.554723,-0.087652,202,202
10,10,79232,block_start,start,0.20,knn,3.708554,4.864783,-0.240775,202,202
10,10,79232,block_start,start,0.20,knn_upgraded,3.649246,4.770399,-0.193096,202,202
10,10,79232,block_start,start,0.20,decision_tree,3.708083,4.651312,-0.134272,202,202
10,10,79232,block_start,start,0.20,random_forest,3.706374,4.698350,-0.157329,202,202
10,10,79232,block_start,start,0.20,neural_net,3.773125,4.858142,-0.237390,202,202
10,10,79232,block_start,start,0.20,adaptive_imputation,3.708554,4.864783,-0.240775,202,202
11,11,87151,block_start,start,0.20,forward_fill,3.621139,4.219247,-0.401584,202,202
11,11,87151,block_start,start,0.20,linear_interpolation,3.754172,4.612157,-0.674778,202,202
11,11,87151,block_start,start,0.20,time_interpolation,3.754172,4.612157,-0.674778,202,202
11,11,87151,block_start,start,0.20,cubic_interpolation,4.409739,5.600851,-1.469773,202,202
11,11,87151,block_start,start,0.20,spline_interpolation,4.418815,5.647260,-1.510872,202,202
11,11,87151,block_start,start,0.20,moving_average,3.397863,3.990548,-0.253759,202,202
11,11,87151,block_start,start,0.20,knn,3.754172,4.612157,-0.674778,202,202
11,11,87151,block_start,start,0.20,knn_upgraded,3.427495,4.223141,-0.404172,202,202
11,11,87151,block_start,start,0.20,decision_tree,3.680432,4.193996,-0.384857,202,202
11,11,87151,block_start,start,0.20,random_forest,3.553059,4.165511,-0.366109,202,202
11,11,87151,block_start,start,0.20,neural_net,4.147224,4.810125,-0.821637,202,202
11,11,87151,block_start,start,0.20,adaptive_imputation,3.754172,4.612157,-0.674778,202,202
12,12,95070,block_start,start,0.20,forward_fill,0.375347,0.567723,-0.003654,202,202
12,12,95070,block_start,start,0.20,linear_interpolation,1.195743,1.380650,-4.935776,202,202
12,12,95070,block_start,start,0.20,time_interpolation,1.195743,1.380650,-4.935776,202,202
12,12,95070,block_start,start,0.20,cubic_interpolation,1.838919,2.064977,-12.278259,202,202
12,12,95070,block_start,start,0.20,spline_interpolation,2.006079,2.210822,-14.220126,202,202
12,12,95070,block_start,start,0.20,moving_average,0.324078,0.442644,0.389874,202,202
12,12,95070,block_start,start,0.20,knn,1.195743,1.380650,-4.935776,202,202
12,12,95070,block_start,start,0.20,knn_upgraded,1.040314,1.217439,-3.615356,202,202
12,12,95070,block_start,start,0.20,decision_tree,0.723146,0.904772,-1.549111,202,202
12,12,95070,block_start,start,0.20,random_forest,0.814047,1.025988,-2.277895,202,202
12,12,95070,block_start,start,0.20,neural_net,1.194502,1.379732,-4.927891,202,202
12,12,95070,block_start,start,0.20,adaptive_imputation,1.195743,1.380650,-4.935776,202,202
13,13,102989,block_start,start,0.20,forward_fill,5.865396,6.965700,-2.123276,202,202
13,13,102989,block_start,start,0.20,linear_interpolation,4.234436,4.998352,-0.608179,202,202
13,13,102989,block_start,start,0.20,time_interpolation,4.234436,4.998352,-0.608179,202,202
13,13,102989,block_start,start,0.20,cubic_interpolation,8.088990,10.859102,-6.590470,202,202
13,13,102989,block_start,start,0.20,spline_interpolation,10.027844,12.843133,-9.617513,202,202
13,13,102989,block_start,start,0.20,moving_average,5.559184,6.713117,-1.900877,202,202
13,13,102989,block_start,start,0.20,knn,4.234436,4.998352,-0.608179,202,202
13,13,102989,block_start,start,0.20,knn_upgraded,4.143349,4.948897,-0.576513,202,202
13,13,102989,block_start,start,0.20,decision_tree,4.856266,5.681597,-1.077886,202,202
13,13,102989,block_start,start,0.20,random_forest,4.677444,5.440881,-0.905546,202,202
13,13,102989,block_start,start,0.20,neural_net,4.654428,5.459926,-0.918909,202,202
13,13,102989,block_start,start,0.20,adaptive_imputation,4.234436,4.998352,-0.608179,202,202
14,14,110908,block_start,start,0.20,forward_fill,2.060396,2.499057,-0.197756,202,202
14,14,110908,block_start,start,0.20,linear_interpolation,2.551473,3.351513,-1.154257,202,202
14,14,110908,block_start,start,0.20,time_interpolation,2.551473,3.351513,-1.154257,202,202
14,14,110908,block_start,start,0.20,cubic_interpolation,11.198139,13.802237,-35.535472,202,202
14,14,110908,block_start,start,0.20,spline_interpolation,15.776199,17.722988,-59.240654,202,202
14,14,110908,block_start,start,0.20,moving_average,1.945238,2.382262,-0.088416,202,202
14,14,110908,block_start,start,0.20,knn,2.551473,3.351513,-1.154257,202,202
14,14,110908,block_start,start,0.20,knn_upgraded,2.455270,3.187250,-0.948265,202,202
14,14,110908,block_start,start,0.20,decision_tree,2.569799,3.435520,-1.263605,202,202
14,14,110908,block_start,start,0.20,random_forest,2.486604,3.224879,-0.994539,202,202
14,14,110908,block_start,start,0.20,neural_net,3.012052,3.622039,-1.516066,202,202
14,14,110908,block_start,start,0.20,adaptive_imputation,2.551473,3.351513,-1.154257,202,202
15,15,118827,block_start,start,0.20,forward_fill,3.982376,4.813885,-0.031222,202,202
15,15,118827,block_start,start,0.20,linear_interpolation,4.209627,4.924907,-0.079336,202,202
15,15,118827,block_start,start,0.20,time_interpolation,4.209627,4.924907,-0.079336,202,202
15,15,118827,block_start,start,0.20,cubic_interpolation,8.631256,10.803738,-4.194083,202,202
15,15,118827,block_start,start,0.20,spline_interpolation,12.729544,15.352640,-9.488826,202,202
15,15,118827,block_start,start,0.20,moving_average,3.970768,4.811148,-0.030050,202,202
15,15,118827,block_start,start,0.20,knn,4.209627,4.924907,-0.079336,202,202
15,15,118827,block_start,start,0.20,knn_upgraded,4.195632,4.927659,-0.080543,202,202
15,15,118827,block_start,start,0.20,decision_tree,4.125072,4.953312,-0.091823,202,202
15,15,118827,block_start,start,0.20,random_forest,4.132623,4.926100,-0.079860,202,202
15,15,118827,block_start,start,0.20,neural_net,4.108953,4.822690,-0.034998,202,202
15,15,118827,block_start,start,0.20,adaptive_imputation,4.209627,4.924907,-0.079336,202,202
16,16,126746,block_start,start,0.20,forward_fill,2.718861,3.035806,-0.393770,202,202
16,16,126746,block_start,start,0.20,linear_interpolation,2.210902,2.755902,-0.148605,202,202
16,16,126746,block_start,start,0.20,time_interpolation,2.210902,2.755902,-0.148605,202,202
16,16,126746,block_start,start,0.20,cubic_interpolation,2.970455,3.573377,-0.931082,202,202
16,16,126746,block_start,start,0.20,spline_interpolation,3.101907,3.817312,-1.203730,202,202
16,16,126746,block_start,start,0.20,moving_average,2.622491,2.980607,-0.343546,202,202
16,16,126746,block_start,start,0.20,knn,2.210902,2.755902,-0.148605,202,202
16,16,126746,block_start,start,0.20,knn_upgraded,2.179132,2.678628,-0.085095,202,202
16,16,126746,block_start,start,0.20,decision_tree,2.426486,2.860712,-0.237631,202,202
16,16,126746,block_start,start,0.20,random_forest,2.321463,2.772564,-0.162535,202,202
16,16,126746,block_start,start,0.20,neural_net,2.334008,2.912145,-0.282535,202,202
16,16,126746,block_start,start,0.20,adaptive_imputation,2.210902,2.755902,-0.148605,202,202
17,17,134665,block_start,start,0.20,forward_fill,4.660842,5.102602,-4.506573,202,202
17,17,134665,block_start,start,0.20,linear_interpolation,1.567317,2.251547,-0.072161,202,202
17,17,134665,block_start,start,0.20,time_interpolation,1.567317,2.251547,-0.072161,202,202
17,17,134665,block_start,start,0.20,cubic_interpolation,1.595426,2.214654,-0.037313,202,202
17,17,134665,block_start,start,0.20,spline_interpolation,1.995205,2.751084,-0.600685,202,202
17,17,134665,block_start,start,0.20,moving_average,4.452900,4.954721,-4.192022,202,202
17,17,134665,block_start,start,0.20,knn,1.567317,2.251547,-0.072161,202,202
17,17,134665,block_start,start,0.20,knn_upgraded,1.756291,2.494510,-0.316038,202,202
17,17,134665,block_start,start,0.20,decision_tree,2.789077,3.443324,-1.507574,202,202
17,17,134665,block_start,start,0.20,random_forest,2.261373,2.972437,-0.868630,202,202
17,17,134665,block_start,start,0.20,neural_net,1.642008,2.302457,-0.121195,202,202
17,17,134665,block_start,start,0.20,adaptive_imputation,1.567317,2.251547,-0.072161,202,202
18,18,142584,block_start,start,0.20,forward_fill,3.686782,4.703672,-0.075131,202,202
18,18,142584,block_start,start,0.20,linear_interpolation,3.650976,4.653072,-0.052124,202,202
18,18,142584,block_start,start,0.20,time_interpolation,3.650976,4.653072,-0.052124,202,202
18,18,142584,block_start,start,0.20,cubic_interpolation,3.636911,4.611597,-0.033451,202,202
18,18,142584,block_start,start,0.20,spline_interpolation,3.649740,4.618163,-0.036396,202,202
18,18,142584,block_start,start,0.20,moving_average,3.682531,4.703388,-0.075002,202,202
18,18,142584,block_start,start,0.20,knn,3.650976,4.653072,-0.052124,202,202
18,18,142584,block_start,start,0.20,knn_upgraded,3.653101,4.657683,-0.054210,202,202
18,18,142584,block_start,start,0.20,decision_tree,3.651315,4.653780,-0.052444,202,202
18,18,142584,block_start,start,0.20,random_forest,3.660947,4.667611,-0.058709,202,202
18,18,142584,block_start,start,0.20,neural_net,3.644215,4.646168,-0.049004,202,202
18,18,142584,block_start,start,0.20,adaptive_imputation,3.650976,4.653072,-0.052124,202,202
19,19,150503,block_start,start,0.20,forward_fill,2.264109,2.515320,-4.261664,202,202
19,19,150503,block_start,start,0.20,linear_interpolation,0.743671,0.921590,0.293662,202,202
19,19,150503,block_start,start,0.20,time_interpolation,0.743671,0.921590,0.293662,202,202
19,19,150503,block_start,start,0.20,cubic_interpolation,2.129853,2.559169,-4.446712,202,202
19,19,150503,block_start,start,0.20,spline_interpolation,3.041249,3.455609,-8.930835,202,202
19,19,150503,block_start,start,0.20,moving_average,2.192356,2.468433,-4.067328,202,202
19,19,150503,block_start,start,0.20,knn,0.743671,0.921590,0.293662,202,202
19,19,150503,block_start,start,0.20,knn_upgraded,0.956711,1.151740,-0.103177,202,202
19,19,150503,block_start,start,0.20,decision_tree,1.495992,1.614337,-1.167330,202,202
19,19,150503,block_start,start,0.20,random_forest,1.211685,1.359268,-0.536550,202,202
19,19,150503,block_start,start,0.20,neural_net,0.759963,0.935679,0.271901,202,202
19,19,150503,block_start,start,0.20,adaptive_imputation,0.743671,0.921590,0.293662,202,202
0,0,42,block_start,start,0.30,forward_fill,3.018344,3.391453,-1.892966,302,302
0,0,42,block_start,start,0.30,linear_interpolation,2.127212,2.394684,-0.442341,302,302
0,0,42,block_start,start,0.30,time_interpolation,2.127212,2.394684,-0.442341,302,302
0,0,42,block_start,start,0.30,cubic_interpolation,5.891267,6.847681,-10.793933,302,302
0,0,42,block_start,start,0.30,spline_interpolation,7.704710,8.713041,-18.094626,302,302
0,0,42,block_start,start,0.30,moving_average,2.986932,3.382316,-1.877399,302,302
0,0,42,block_start,start,0.30,knn,2.127212,2.394684,-0.442341,302,302
0,0,42,block_start,start,0.30,knn_upgraded,2.290295,2.570701,-0.662168,302,302
0,0,42,block_start,start,0.30,decision_tree,2.444239,2.754736,-0.908673,302,302
0,0,42,block_start,start,0.30,random_forest,2.351841,2.654701,-0.772568,302,302
0,0,42,block_start,start,0.30,neural_net,2.245054,2.560800,-0.649389,302,302
0,0,42,block_start,start,0.30,adaptive_imputation,1.932487,2.184236,-0.199971,302,302
1,1,7961,block_start,start,0.30,forward_fill,1.737318,2.052945,-0.219779,302,302
1,1,7961,block_start,start,0.30,linear_interpolation,1.588159,1.871919,-0.014146,302,302
1,1,7961,block_start,start,0.30,time_interpolation,1.588159,1.871919,-0.014146,302,302
1,1,7961,block_start,start,0.30,cubic_interpolation,12.401980,14.463761,-59.546491,302,302
1,1,7961,block_start,start,0.30,spline_interpolation,18.840912,20.727192,-123.339021,302,302
1,1,7961,block_start,start,0.30,moving_average,1.740794,2.054390,-0.221496,302,302
1,1,7961,block_start,start,0.30,knn,1.588159,1.871919,-0.014146,302,302
1,1,7961,block_start,start,0.30,knn_upgraded,1.598778,1.883197,-0.026404,302,302
1,1,7961,block_start,start,0.30,decision_tree,1.615584,1.911579,-0.057574,302,302
1,1,7961,block_start,start,0.30,random_forest,1.605537,1.896295,-0.040730,302,302
1,1,7961,block_start,start,0.30,neural_net,1.563428,1.862799,-0.004288,302,302
1,1,7961,block_start,start,0.30,adaptive_imputation,1.606204,1.893490,-0.037654,302,302
2,2,15880,block_start,start,0.30,forward_fill,1.753046,2.073116,-0.101369,302,302
2,2,15880,block_start,start,0.30,linear_interpolation,1.749434,2.105474,-0.136018,302,302
2,2,15880,block_start,start,0.30,time_interpolation,1.749434,2.105474,-0.136018,302,302
2,2,15880,block_start,start,0.30,cubic_interpolation,4.321717,5.068886,-5.584315,302,302
2,2,15880,block_start,start,0.30,spline_interpolation,6.350992,7.122619,-12.000646,302,302
2,2,15880,block_start,start,0.30,moving_average,1.762763,2.075055,-0.103430,302,302
2,2,15880,block_start,start,0.30,knn,1.749434,2.105474,-0.136018,302,302
2,2,15880,block_start,start,0.30,knn_upgraded,1.753188,2.100926,-0.131116,302,302
2,2,15880,block_start,start,0.30,decision_tree,1.803647,2.145517,-0.179639,302,302
2,2,15880,block_start,start,0.30,random_forest,1.793807,2.141406,-0.175124,302,302
2,2,15880,block_start,start,0.30,neural_net,1.772841,2.138492,-0.171928,302,302
2,2,15880,block_start,start,0.30,adaptive_imputation,1.731780,2.100113,-0.130241,302,302
3,3,23799,block_start,start,0.30,forward_fill,7.208046,8.739327,-2.008433,302,302
3,3,23799,block_start,start,0.30,linear_interpolation,6.315469,7.831063,-1.415605,302,302
3,3,23799,block_start,start,0.30,time_interpolation,6.315469,7.831063,-1.415605,302,302
3,3,23799,block_start,start,0.30,cubic_interpolation,3.974292,5.388426,-0.143690,302,302
3,3,23799,block_start,start,0.30,spline_interpolation,5.029890,7.361810,-1.134783,302,302
3,3,23799,block_start,start,0.30,moving_average,7.174315,8.731760,-2.003226,302,302
3,3,23799,block_start,start,0.30,knn,6.315469,7.831063,-1.415605,302,302
3,3,23799,block_start,start,0.30,knn_upgraded,6.445930,7.970492,-1.502388,302,302
3,3,23799,block_start,start,0.30,decision_tree,6.639751,8.180778,-1.636172,302,302
3,3,23799,block_start,start,0.30,random_forest,6.578006,8.117707,-1.595680,302,302
3,3,23799,block_start,start,0.30,neural_net,6.344039,7.878982,-1.445258,302,302
3,3,23799,block_start,start,0.30,adaptive_imputation,6.215131,7.713509,-1.343627,302,302
4,4,31718,block_start,start,0.30,forward_fill,3.689702,4.155957,-0.181853,302,302
4,4,31718,block_start,start,0.30,linear_interpolation,4.032188,4.725286,-0.527839,302,302
4,4,31718,block_start,start,0.30,time_interpolation,4.032188,4.725286,-0.527839,302,302
4,4,31718,block_start,start,0.30,cubic_interpolation,9.767810,11.808603,-8.541539,302,302
4,4,31718,block_start,start,0.30,spline_interpolation,15.754173,17.641275,-20.295182,302,302
4,4,31718,block_start,start,0.30,moving_average,3.599724,4.084108,-0.141342,302,302
4,4,31718,block_start,start,0.30,knn,4.032188,4.725286,-0.527839,302,302
4,4,31718,block_start,start,0.30,knn_upgraded,3.864766,4.465474,-0.364447,302,302
4,4,31718,block_start,start,0.30,decision_tree,3.932595,4.496974,-0.383765,302,302
4,4,31718,block_start,start,0.30,random_forest,3.981314,4.565013,-0.425954,302,302
4,4,31718,block_start,start,0.30,neural_net,3.515215,4.203521,-0.209060,302,302
4,4,31718,block_start,start,0.30,adaptive_imputation,4.235833,5.096167,-0.777087,302,302
5,5,39637,block_start,start,0.30,forward_fill,2.715364,4.010428,-0.311336,302,302
5,5,39637,block_start,start,0.30,linear_interpolation,2.508976,3.319691,0.101480,302,302
5,5,39637,block_start,start,0.30,time_interpolation,2.508976,3.319691,0.101480,302,302
5,5,39637,block_start,start,0.30,cubic_interpolation,2.546258,3.322153,0.100146,302,302
5,5,39637,block_start,start,0.30,spline_interpolation,2.509983,3.331454,0.095101,302,302
5,5,39637,block_start,start,0.30,moving_average,2.673091,3.985460,-0.295058,302,302
5,5,39637,block_start,start,0.30,knn,2.508976,3.319691,0.101480,302,302
5,5,39637,block_start,start,0.30,knn_upgraded,2.490074,3.390498,0.062741,302,302
5,5,39637,block_start,start,0.30,decision_tree,2.509751,3.466731,0.020120,302,302
5,5,39637,block_start,start,0.30,random_forest,2.468095,3.354245,0.082677,302,302
5,5,39637,block_start,start,0.30,neural_net,2.560422,3.379838,0.068626,302,302
5,5,39637,block_start,start,0.30,adaptive_imputation,2.557509,3.267891,0.129302,302,302
6,6,47556,block_start,start,0.30,forward_fill,6.451755,7.708544,-2.177498,302,302
6,6,47556,block_start,start,0.30,linear_interpolation,5.701722,7.144962,-1.729860,302,302
6,6,47556,block_start,start,0.30,time_interpolation,5.701722,7.144962,-1.729860,302,302
6,6,47556,block_start,start,0.30,cubic_interpolation,4.441542,5.985456,-0.915733,302,302
6,6,47556,block_start,start,0.30,spline_interpolation,3.985460,5.377634,-0.546404,302,302
6,6,47556,block_start,start,0.30,moving_average,6.422188,7.704724,-2.174349,302,302
6,6,47556,block_start,start,0.30,knn,5.701722,7.144962,-1.729860,302,302
6,6,47556,block_start,start,0.30,knn_upgraded,5.833543,7.265763,-1.822949,302,302
6,6,47556,block_start,start,0.30,decision_tree,6.019863,7.443627,-1.962850,302,302
6,6,47556,block_start,start,0.30,random_forest,5.927736,7.364040,-1.899832,302,302
6,6,47556,block_start,start,0.30,neural_net,5.744332,7.190461,-1.764738,302,302
6,6,47556,block_start,start,0.30,adaptive_imputation,5.553020,6.992274,-1.614433,302,302
7,7,55475,block_start,start,0.30,forward_fill,3.873079,4.489534,-2.766039,302,302
7,7,55475,block_start,start,0.30,linear_interpolation,2.518092,2.983875,-0.663579,302,302
7,7,55475,block_start,start,0.30,time_interpolation,2.518092,2.983875,-0.663579,302,302
7,7,55475,block_start,start,0.30,cubic_interpolation,1.818179,2.303765,0.008349,302,302
7,7,55475,block_start,start,0.30,spline_interpolation,2.303843,3.009985,-0.692821,302,302
7,7,55475,block_start,start,0.30,moving_average,3.821512,4.461255,-2.718746,302,302
7,7,55475,block_start,start,0.30,knn,2.518092,2.983875,-0.663579,302,302
7,7,55475,block_start,start,0.30,knn_upgraded,2.719397,3.202397,-0.916164,302,302
7,7,55475,block_start,start,0.30,decision_tree,3.076202,3.534274,-1.333903,302,302
7,7,55475,block_start,start,0.30,random_forest,2.980745,3.441880,-1.213470,302,302
7,7,55475,block_start,start,0.30,neural_net,2.660876,3.109324,-0.806401,302,302
7,7,55475,block_start,start,0.30,adaptive_imputation,2.319549,2.786413,-0.450686,302,302
8,8,63394,block_start,start,0.30,forward_fill,8.245464,9.818175,-1.330765,302,302
8,8,63394,block_start,start,0.30,linear_interpolation,3.281639,4.396534,0.532633,302,302
8,8,63394,block_start,start,0.30,time_interpolation,3.281639,4.396534,0.532633,302,302
8,8,63394,block_start,start,0.30,cubic_interpolation,3.317215,4.519790,0.506061,302,302
8,8,63394,block_start,start,0.30,spline_interpolation,3.379406,4.077696,0.597963,302,302
8,8,63394,block_start,start,0.30,moving_average,7.926039,9.524252,-1.193303,302,302
8,8,63394,block_start,start,0.30,knn,3.281639,4.396534,0.532633,302,302
8,8,63394,block_start,start,0.30,knn_upgraded,3.341776,4.072226,0.599040,302,302
8,8,63394,block_start,start,0.30,decision_tree,4.103465,4.660529,0.474821,302,302
8,8,63394,block_start,start,0.30,random_forest,3.511900,4.125201,0.588540,302,302
8,8,63394,block_start,start,0.30,neural_net,3.278734,4.311269,0.550586,302,302
8,8,63394,block_start,start,0.30,adaptive_imputation,3.688728,5.699741,0.214498,302,302
9,9,71313,block_start,start,0.30,forward_fill,4.914901,5.819763,-1.338231,302,302
9,9,71313,block_start,start,0.30,linear_interpolation,3.842213,4.604673,-0.463775,302,302
9,9,71313,block_start,start,0.30,time_interpolation,3.842213,4.604673,-0.463775,302,302
9,9,71313,block_start,start,0.30,cubic_interpolation,4.896819,6.088343,-1.559028,302,302
9,9,71313,block_start,start,0.30,spline_interpolation,6.442803,8.231737,-3.677995,302,302
9,9,71313,block_start,start,0.30,moving_average,4.853461,5.798028,-1.320798,302,302
9,9,71313,block_start,start,0.30,knn,3.842213,4.604673,-0.463775,302,302
9,9,71313,block_start,start,0.30,knn_upgraded,3.993650,4.786734,-0.581814,302,302
9,9,71313,block_start,start,0.30,decision_tree,4.235131,5.127543,-0.815078,302,302
9,9,71313,block_start,start,0.30,random_forest,4.120451,4.992868,-0.720985,302,302
9,9,71313,block_start,start,0.30,neural_net,3.850241,4.678324,-0.510975,302,302
9,9,71313,block_start,start,0.30,adaptive_imputation,3.735868,4.414359,-0.345278,302,302
10,10,79232,block_start,start,0.30,forward_fill,2.905000,3.829126,-0.026013,302,302
10,10,79232,block_start,start,0.30,linear_interpolation,3.084122,4.195896,-0.231978,302,302
10,10,79232,block_start,start,0.30,time_interpolation,3.084122,4.195896,-0.231978,302,302
10,10,79232,block_start,start,0.30,cubic_interpolation,9.808354,11.193806,-7.768174,302,302
10,10,79232,block_start,start,0.30,spline_interpolation,13.304906,14.852265,-14.436150,302,302
10,10,79232,block_start,start,0.30,moving_average,2.842199,3.801167,-0.011085,302,302
10,10,79232,block_start,start,0.30,knn,3.084122,4.195896,-0.231978,302,302
10,10,79232,block_start,start,0.30,knn_upgraded,2.950648,4.027697,-0.135187,302,302
10,10,79232,block_start,start,0.30,decision_tree,2.907772,3.851163,-0.037857,302,302
10,10,79232,block_start,start,0.30,random_forest,2.930754,3.849580,-0.037004,302,302
10,10,79232,block_start,start,0.30,neural_net,3.081589,4.130601,-0.193934,302,302
10,10,79232,block_start,start,0.30,adaptive_imputation,3.226246,4.441439,-0.380388,302,302
11,11,87151,block_start,start,0.30,forward_fill,4.091589,4.665165,-0.042305,302,302
11,11,87151,block_start,start,0.30,linear_interpolation,4.016212,4.683449,-0.050491,302,302
11,11,87151,block_start,start,0.30,time_interpolation,4.016212,4.683449,-0.050491,302,302
11,11,87151,block_start,start,0.30,cubic_interpolation,12.932386,15.533284,-10.555465,302,302
11,11,87151,block_start,start,0.30,spline_interpolation,18.620777,21.098952,-20.319775,302,302
11,11,87151,block_start,start,0.30,moving_average,4.082214,4.661521,-0.040678,302,302
11,11,87151,block_start,start,0.30,knn,4.016212,4.683449,-0.050491,302,302
11,11,87151,block_start,start,0.30,knn_upgraded,4.004821,4.662436,-0.041086,302,302
11,11,87151,block_start,start,0.30,decision_tree,4.049348,4.728007,-0.070575,302,302
11,11,87151,block_start,start,0.30,random_forest,3.999125,4.648301,-0.034783,302,302
11,11,87151,block_start,start,0.30,neural_net,3.956601,4.650899,-0.035940,302,302
11,11,87151,block_start,start,0.30,adaptive_imputation,4.045565,4.708257,-0.061650,302,302
12,12,95070,block_start,start,0.30,forward_fill,0.665596,0.963954,-0.000377,302,302
12,12,95070,block_start,start,0.30,linear_interpolation,0.664399,0.963698,0.000155,302,302
12,12,95070,block_start,start,0.30,time_interpolation,0.664399,0.963698,0.000155,302,302
12,12,95070,block_start,start,0.30,cubic_interpolation,0.694417,1.037707,-0.159313,302,302
12,12,95070,block_start,start,0.30,spline_interpolation,0.745671,1.080995,-0.258053,302,302
12,12,95070,block_start,start,0.30,moving_average,0.667879,0.964607,-0.001732,302,302
12,12,95070,block_start,start,0.30,knn,0.664399,0.963698,0.000155,302,302
12,12,95070,block_start,start,0.30,knn_upgraded,0.663268,0.962109,0.003448,302,302
12,12,95070,block_start,start,0.30,decision_tree,0.664329,0.963692,0.000166,302,302
12,12,95070,block_start,start,0.30,random_forest,0.668165,0.966601,-0.005879,302,302
12,12,95070,block_start,start,0.30,neural_net,0.663476,0.964746,-0.002022,302,302
12,12,95070,block_start,start,0.30,adaptive_imputation,0.666724,0.964052,-0.000581,302,302
13,13,102989,block_start,start,0.30,forward_fill,5.622781,6.596188,-2.397704,302,302
13,13,102989,block_start,start,0.30,linear_interpolation,4.183085,5.154881,-1.075090,302,302
13,13,102989,block_start,start,0.30,time_interpolation,4.183085,5.154881,-1.075090,302,302
13,13,102989,block_start,start,0.30,cubic_interpolation,7.324367,8.530577,-4.682721,302,302
13,13,102989,block_start,start,0.30,spline_interpolation,9.610497,10.847414,-8.188655,302,302
13,13,102989,block_start,start,0.30,moving_average,5.563358,6.575243,-2.376161,302,302
13,13,102989,block_start,start,0.30,knn,4.183085,5.154881,-1.075090,302,302
13,13,102989,block_start,start,0.30,knn_upgraded,4.359100,5.425992,-1.299100,302,302
13,13,102989,block_start,start,0.30,decision_tree,4.703382,5.892637,-1.711558,302,302
13,13,102989,block_start,start,0.30,random_forest,4.576908,5.727856,-1.562027,302,302
13,13,102989,block_start,start,0.30,neural_net,4.502160,5.482052,-1.346852,302,302
13,13,102989,block_start,start,0.30,adaptive_imputation,3.927884,4.772593,-0.778723,302,302
14,14,110908,block_start,start,0.30,forward_fill,2.159205,2.475388,-0.533737,302,302
14,14,110908,block_start,start,0.30,linear_interpolation,1.579849,2.082499,-0.085510,302,302
14,14,110908,block_start,start,0.30,time_interpolation,1.579849,2.082499,-0.085510,302,302
14,14,110908,block_start,start,0.30,cubic_interpolation,1.938473,2.599231,-0.691041,302,302
14,14,110908,block_start,start,0.30,spline_interpolation,2.041838,2.855531,-1.040977,302,302
14,14,110908,block_start,start,0.30,moving_average,2.117296,2.454155,-0.507538,302,302
14,14,110908,block_start,start,0.30,knn,1.579849,2.082499,-0.085510,302,302
14,14,110908,block_start,start,0.30,knn_upgraded,1.639441,2.109460,-0.113799,302,302
14,14,110908,block_start,start,0.30,decision_tree,1.842730,2.240002,-0.255918,302,302
14,14,110908,block_start,start,0.30,random_forest,1.786314,2.212898,-0.225709,302,302
14,14,110908,block_start,start,0.30,neural_net,1.594315,2.087135,-0.090349,302,302
14,14,110908,block_start,start,0.30,adaptive_imputation,1.536533,2.075965,-0.078710,302,302
15,15,118827,block_start,start,0.30,forward_fill,4.274272,4.969067,-0.017755,302,302
15,15,118827,block_start,start,0.30,linear_interpolation,5.142766,6.831225,-0.923495,302,302
15,15,118827,block_start,start,0.30,time_interpolation,5.142766,6.831225,-0.923495,302,302
15,15,118827,block_start,start,0.30,cubic_interpolation,4.403137,5.694480,-0.336601,302,302
15,15,118827,block_start,start,0.30,spline_interpolation,4.126331,5.032479,-0.043897,302,302
15,15,118827,block_start,start,0.30,moving_average,4.112010,4.829011,0.038808,302,302
15,15,118827,block_start,start,0.30,knn,5.142766,6.831225,-0.923495,302,302
15,15,118827,block_start,start,0.30,knn_upgraded,4.671511,6.220844,-0.595117,302,302
15,15,118827,block_start,start,0.30,decision_tree,4.434976,5.525460,-0.258435,302,302
15,15,118827,block_start,start,0.30,random_forest,4.533447,5.769889,-0.372236,302,302
15,15,118827,block_start,start,0.30,neural_net,5.051994,6.635147,-0.814659,302,302
15,15,118827,block_start,start,0.30,adaptive_imputation,5.913321,7.617765,-1.391932,302,302
16,16,126746,block_start,start,0.30,forward_fill,2.330596,2.695420,-0.352477,302,302
16,16,126746,block_start,start,0.30,linear_interpolation,2.187132,2.588089,-0.246911,302,302
16,16,126746,block_start,start,0.30,time_interpolation,2.187132,2.588089,-0.246911,302,302
16,16,126746,block_start,start,0.30,cubic_interpolation,2.218809,2.670350,-0.327436,302,302
16,16,126746,block_start,start,0.30,spline_interpolation,2.218278,2.665502,-0.322620,302,302
16,16,126746,block_start,start,0.30,moving_average,2.270970,2.660656,-0.317815,302,302
16,16,126746,block_start,start,0.30,knn,2.187132,2.588089,-0.246911,302,302
16,16,126746,block_start,start,0.30,knn_upgraded,2.161744,2.543988,-0.204779,302,302
16,16,126746,block_start,start,0.30,decision_tree,2.254160,2.649503,-0.306790,302,302
16,16,126746,block_start,start,0.30,random_forest,2.251572,2.686393,-0.343433,302,302
16,16,126746,block_start,start,0.30,neural_net,2.298612,2.673998,-0.331065,302,302
16,16,126746,block_start,start,0.30,adaptive_imputation,2.205882,2.652959,-0.310201,302,302
17,17,134665,block_start,start,0.30,forward_fill,6.508444,7.360564,-3.438333,302,302
17,17,134665,block_start,start,0.30,linear_interpolation,1.515345,2.148552,0.621828,302,302
17,17,134665,block_start,start,0.30,time_interpolation,1.515345,2.148552,0.621828,302,302
17,17,134665,block_start,start,0.30,cubic_interpolation,4.720232,5.610239,-1.578460,302,302
17,17,134665,block_start,start,0.30,spline_interpolation,5.950333,7.152308,-3.190734,302,302
17,17,134665,block_start,start,0.30,moving_average,6.297459,7.153313,-3.191911,302,302
17,17,134665,block_start,start,0.30,knn,1.515345,2.148552,0.621828,302,302
17,17,134665,block_start,start,0.30,knn_upgraded,2.112283,2.751472,0.379805,302,302
17,17,134665,block_start,start,0.30,decision_tree,3.581965,4.074186,-0.359814,302,302
17,17,134665,block_start,start,0.30,random_forest,2.565165,3.300996,0.107337,302,302
17,17,134665,block_start,start,0.30,neural_net,1.615273,2.226119,0.594030,302,302
17,17,134665,block_start,start,0.30,adaptive_imputation,1.785394,2.087280,0.643090,302,302
18,18,142584,block_start,start,0.30,forward_fill,3.216954,4.173109,-0.064578,302,302
18,18,142584,block_start,start,0.30,linear_interpolation,3.339607,4.413231,-0.190615,302,302
18,18,142584,block_start,start,0.30,time_interpolation,3.339607,4.413231,-0.190615,302,302
18,18,142584,block_start,start,0.30,cubic_interpolation,7.006412,9.176944,-4.148187,302,302
18,18,142584,block_start,start,0.30,spline_interpolation,9.444757,11.337935,-6.858254,302,302
18,18,142584,block_start,start,0.30,moving_average,3.198139,4.170032,-0.063009,302,302
18,18,142584,block_start,start,0.30,knn,3.339607,4.413231,-0.190615,302,302
18,18,142584,block_start,start,0.30,knn_upgraded,3.323156,4.372917,-0.168963,302,302
18,18,142584,block_start,start,0.30,decision_tree,3.312304,4.335109,-0.148837,302,302
18,18,142584,block_start,start,0.30,random_forest,3.326965,4.367134,-0.165873,302,302
18,18,142584,block_start,start,0.30,neural_net,3.379819,4.452573,-0.211938,302,302
18,18,142584,block_start,start,0.30,adaptive_imputation,3.341509,4.436161,-0.203020,302,302
19,19,150503,block_start,start,0.30,forward_fill,2.188444,2.534421,-0.641457,302,302
19,19,150503,block_start,start,0.30,linear_interpolation,2.676778,3.221564,-1.652196,302,302
19,19,150503,block_start,start,0.30,time_interpolation,2.676778,3.221564,-1.652196,302,302
19,19,150503,block_start,start,0.30,cubic_interpolation,1.540205,1.703594,0.258341,302,302
19,19,150503,block_start,start,0.30,spline_interpolation,0.733568,1.024167,0.731951,302,302
19,19,150503,block_start,start,0.30,moving_average,2.147224,2.514239,-0.615419,302,302
19,19,150503,block_start,start,0.30,knn,2.676778,3.221564,-1.652196,302,302
19,19,150503,block_start,start,0.30,knn_upgraded,2.540635,3.064370,-1.399686,302,302
19,19,150503,block_start,start,0.30,decision_tree,2.283291,2.811730,-1.020317,302,302
19,19,150503,block_start,start,0.30,random_forest,2.423972,2.982068,-1.272519,302,302
19,19,150503,block_start,start,0.30,neural_net,2.659115,3.213500,-1.638936,302,302
19,19,150503,block_start,start,0.30,adaptive_imputation,2.914362,3.474425,-2.084879,302,302
0,0,42,block_start,start,0.40,forward_fill,2.932308,3.390720,-1.440913,403,403
0,0,42,block_start,start,0.40,linear_interpolation,1.803785,2.109271,0.055432,403,403
0,0,42,block_start,start,0.40,time_interpolation,1.803785,2.109271,0.055432,403,403
0,0,42,block_start,start,0.40,cubic_interpolation,7.293895,8.559623,-14.555280,403,403
0,0,42,block_start,start,0.40,spline_interpolation,10.617279,12.099507,-30.081640,403,403
0,0,42,block_start,start,0.40,moving_average,2.871334,3.352545,-1.386260,403,403
0,0,42,block_start,start,0.40,knn,1.803785,2.109271,0.055432,403,403
0,0,42,block_start,start,0.40,knn_upgraded,2.013951,2.305158,-0.128158,403,403
0,0,42,block_start,start,0.40,decision_tree,2.272208,2.583033,-0.416539,403,403
0,0,42,block_start,start,0.40,random_forest,2.119818,2.419328,-0.242676,403,403
0,0,42,block_start,start,0.40,neural_net,1.852835,2.168264,0.001857,403,403
0,0,42,block_start,start,0.40,adaptive_imputation,2.272208,2.583033,-0.416539,403,403
1,1,7961,block_start,start,0.40,forward_fill,1.899305,2.408317,-0.231851,403,403
1,1,7961,block_start,start,0.40,linear_interpolation,2.123473,2.703025,-0.551783,403,403
1,1,7961,block_start,start,0.40,time_interpolation,2.123473,2.703025,-0.551783,403,403
1,1,7961,block_start,start,0.40,cubic_interpolation,18.904966,22.201627,-103.688846,403,403
1,1,7961,block_start,start,0.40,spline_interpolation,29.271489,32.550951,-224.039195,403,403
1,1,7961,block_start,start,0.40,moving_average,1.814421,2.288467,-0.112295,403,403
1,1,7961,block_start,start,0.40,knn,2.123473,2.703025,-0.551783,403,403
1,1,7961,block_start,start,0.40,knn_upgraded,1.920504,2.343124,-0.166061,403,403
1,1,7961,block_start,start,0.40,decision_tree,1.790118,2.138247,0.028939,403,403
1,1,7961,block_start,start,0.40,random_forest,1.835205,2.218795,-0.045599,403,403
1,1,7961,block_start,start,0.40,neural_net,2.029484,2.485620,-0.312200,403,403
1,1,7961,block_start,start,0.40,adaptive_imputation,1.790118,2.138247,0.028939,403,403
2,2,15880,block_start,start,0.40,forward_fill,1.752581,2.039710,-0.148607,403,403
2,2,15880,block_start,start,0.40,linear_interpolation,2.922922,3.401396,-2.194105,403,403
2,2,15880,block_start,start,0.40,time_interpolation,2.922922,3.401396,-2.194105,403,403
2,2,15880,block_start,start,0.40,cubic_interpolation,7.470094,8.181141,-17.478321,403,403
2,2,15880,block_start,start,0.40,spline_interpolation,9.549594,10.123570,-27.294506,403,403
2,2,15880,block_start,start,0.40,moving_average,1.712577,2.000096,-0.104425,403,403
2,2,15880,block_start,start,0.40,knn,2.922922,3.401396,-2.194105,403,403
2,2,15880,block_start,start,0.40,knn_upgraded,2.574721,3.060896,-1.586615,403,403
2,2,15880,block_start,start,0.40,decision_tree,2.153651,2.612039,-0.883623,403,403
2,2,15880,block_start,start,0.40,random_forest,2.563798,3.063876,-1.591654,403,403
2,2,15880,block_start,start,0.40,neural_net,2.511926,3.113952,-1.677063,403,403
2,2,15880,block_start,start,0.40,adaptive_imputation,2.153651,2.612039,-0.883623,403,403
3,3,23799,block_start,start,0.40,forward_fill,7.938660,9.523971,-2.183922,403,403
3,3,23799,block_start,start,0.40,linear_interpolation,4.746460,5.749194,-0.160220,403,403
3,3,23799,block_start,start,0.40,time_interpolation,4.746460,5.749194,-0.160220,403,403
3,3,23799,block_start,start,0.40,cubic_interpolation,5.629110,7.361439,-0.902181,403,403
3,3,23799,block_start,start,0.40,spline_interpolation,7.033960,9.000890,-1.843788,403,403
3,3,23799,block_start,start,0.40,moving_average,7.798636,9.441002,-2.128690,403,403
3,3,23799,block_start,start,0.40,knn,4.746460,5.749194,-0.160220,403,403
3,3,23799,block_start,start,0.40,knn_upgraded,5.164919,6.372950,-0.425632,403,403
3,3,23799,block_start,start,0.40,decision_tree,5.944772,7.262136,-0.851207,403,403
3,3,23799,block_start,start,0.40,random_forest,5.120876,6.303960,-0.394933,403,403
3,3,23799,block_start,start,0.40,neural_net,4.939689,6.096698,-0.304715,403,403
3,3,23799,block_start,start,0.40,adaptive_imputation,5.944772,7.262136,-0.851207,403,403
4,4,31718,block_start,start,0.40,forward_fill,4.026228,4.514912,-0.433542,403,403
4,4,31718,block_start,start,0.40,linear_interpolation,3.409649,3.926674,-0.084331,403,403
4,4,31718,block_start,start,0.40,time_interpolation,3.409649,3.926674,-0.084331,403,403
4,4,31718,block_start,start,0.40,cubic_interpolation,6.153060,7.242149,-2.688475,403,403
4,4,31718,block_start,start,0.40,spline_interpolation,8.178603,9.239695,-5.003815,403,403
4,4,31718,block_start,start,0.40,moving_average,3.990489,4.504710,-0.427071,403,403
4,4,31718,block_start,start,0.40,knn,3.409649,3.926674,-0.084331,403,403
4,4,31718,block_start,start,0.40,knn_upgraded,3.484705,3.989263,-0.119173,403,403
4,4,31718,block_start,start,0.40,decision_tree,3.659016,4.160431,-0.217275,403,403
4,4,31718,block_start,start,0.40,random_forest,3.593679,4.086058,-0.174143,403,403
4,4,31718,block_start,start,0.40,neural_net,3.538103,4.073911,-0.167173,403,403
4,4,31718,block_start,start,0.40,adaptive_imputation,3.659016,4.160431,-0.217275,403,403
5,5,39637,block_start,start,0.40,forward_fill,2.430596,3.580759,-0.368650,403,403
5,5,39637,block_start,start,0.40,linear_interpolation,2.251935,3.370978,-0.212982,403,403
5,5,39637,block_start,start,0.40,time_interpolation,2.251935,3.370978,-0.212982,403,403
5,5,39637,block_start,start,0.40,cubic_interpolation,2.029874,2.757060,0.188600,403,403
5,5,39637,block_start,start,0.40,spline_interpolation,2.176302,2.765987,0.183338,403,403
5,5,39637,block_start,start,0.40,moving_average,2.421389,3.577999,-0.366541,403,403
5,5,39637,block_start,start,0.40,knn,2.251935,3.370978,-0.212982,403,403
5,5,39637,block_start,start,0.40,knn_upgraded,2.262519,3.406246,-0.238495,403,403
5,5,39637,block_start,start,0.40,decision_tree,2.294724,3.450206,-0.270669,403,403
5,5,39637,block_start,start,0.40,random_forest,2.292752,3.447433,-0.268627,403,403
5,5,39637,block_start,start,0.40,neural_net,2.239111,3.398519,-0.232882,403,403
5,5,39637,block_start,start,0.40,adaptive_imputation,2.294724,3.450206,-0.270669,403,403
6,6,47556,block_start,start,0.40,forward_fill,6.439950,7.526935,-2.572378,403,403
6,6,47556,block_start,start,0.40,linear_interpolation,4.606533,5.909450,-1.201989,403,403
6,6,47556,block_start,start,0.40,time_interpolation,4.606533,5.909450,-1.201989,403,403
6,6,47556,block_start,start,0.40,cubic_interpolation,8.298893,9.982456,-5.283416,403,403
6,6,47556,block_start,start,0.40,spline_interpolation,10.625350,13.053693,-9.744540,403,403
6,6,47556,block_start,start,0.40,moving_average,6.376387,7.493965,-2.541150,403,403
6,6,47556,block_start,start,0.40,knn,4.606533,5.909450,-1.201989,403,403
6,6,47556,block_start,start,0.40,knn_upgraded,4.867807,6.241832,-1.456660,403,403
6,6,47556,block_start,start,0.40,decision_tree,5.307795,6.714220,-1.842577,403,403
6,6,47556,block_start,start,0.40,random_forest,4.926877,6.320541,-1.519008,403,403
6,6,47556,block_start,start,0.40,neural_net,4.906063,6.280991,-1.487582,403,403
6,6,47556,block_start,start,0.40,adaptive_imputation,5.307795,6.714220,-1.842577,403,403
7,7,55475,block_start,start,0.40,forward_fill,3.966824,4.529892,-3.157659,403,403
7,7,55475,block_start,start,0.40,linear_interpolation,2.680346,3.209503,-1.087126,403,403
7,7,55475,block_start,start,0.40,time_interpolation,2.680346,3.209503,-1.087126,403,403
7,7,55475,block_start,start,0.40,cubic_interpolation,11.386784,13.721770,-37.149898,403,403
7,7,55475,block_start,start,0.40,spline_interpolation,18.122747,20.192836,-81.616684,403,403
7,7,55475,block_start,start,0.40,moving_average,3.935162,4.519892,-3.139323,403,403
7,7,55475,block_start,start,0.40,knn,2.680346,3.209503,-1.087126,403,403
7,7,55475,block_start,start,0.40,knn_upgraded,2.893581,3.438210,-1.395179,403,403
7,7,55475,block_start,start,0.40,decision_tree,3.211774,3.740818,-1.835347,403,403
7,7,55475,block_start,start,0.40,random_forest,2.863005,3.405548,-1.349887,403,403
7,7,55475,block_start,start,0.40,neural_net,2.778426,3.297368,-1.202967,403,403
7,7,55475,block_start,start,0.40,adaptive_imputation,3.211774,3.740818,-1.835347,403,403
8,8,63394,block_start,start,0.40,forward_fill,11.074020,12.984546,-1.843071,403,403
8,8,63394,block_start,start,0.40,linear_interpolation,4.430977,5.065209,0.567358,403,403
8,8,63394,block_start,start,0.40,time_interpolation,4.430977,5.065209,0.567358,403,403
8,8,63394,block_start,start,0.40,cubic_interpolation,8.104757,9.805871,-0.621461,403,403
8,8,63394,block_start,start,0.40,spline_interpolation,11.951700,14.123776,-2.363844,403,403
8,8,63394,block_start,start,0.40,moving_average,10.839791,12.823315,-1.772904,403,403
8,8,63394,block_start,start,0.40,knn,4.430977,5.065209,0.567358,403,403
8,8,63394,block_start,start,0.40,knn_upgraded,5.463293,6.103277,0.371854,403,403
8,8,63394,block_start,start,0.40,decision_tree,6.773166,7.561034,0.035957,403,403
8,8,63394,block_start,start,0.40,random_forest,5.864172,6.483690,0.291110,403,403
8,8,63394,block_start,start,0.40,neural_net,4.944925,5.595445,0.472037,403,403
8,8,63394,block_start,start,0.40,adaptive_imputation,6.773166,7.561034,0.035957,403,403
9,9,71313,block_start,start,0.40,forward_fill,5.495558,6.390774,-1.776171,403,403
9,9,71313,block_start,start,0.40,linear_interpolation,3.487387,4.194474,-0.195899,403,403
9,9,71313,block_start,start,0.40,time_interpolation,3.487387,4.194474,-0.195899,403,403
9,9,71313,block_start,start,0.40,cubic_interpolation,7.025456,8.083168,-3.441223,403,403
9,9,71313,block_start,start,0.40,spline_interpolation,9.453953,10.515210,-6.515802,403,403
9,9,71313,block_start,start,0.40,moving_average,5.412230,6.348945,-1.739949,403,403
9,9,71313,block_start,start,0.40,knn,3.487387,4.194474,-0.195899,403,403
9,9,71313,block_start,start,0.40,knn_upgraded,3.765289,4.557269,-0.411720,403,403
9,9,71313,block_start,start,0.40,decision_tree,4.190429,5.113263,-0.777197,403,403
9,9,71313,block_start,start,0.40,random_forest,3.985384,4.855668,-0.602645,403,403
9,9,71313,block_start,start,0.40,neural_net,3.733694,4.464956,-0.355107,403,403
9,9,71313,block_start,start,0.40,adaptive_imputation,4.190429,5.113263,-0.777197,403,403
10,10,79232,block_start,start,0.40,forward_fill,2.968610,3.764452,-0.034167,403,403
10,10,79232,block_start,start,0.40,linear_interpolation,3.597163,4.203400,-0.289403,403,403
10,10,79232,block_start,start,0.40,time_interpolation,3.597163,4.203400,-0.289403,403,403
10,10,79232,block_start,start,0.40,cubic_interpolation,3.458269,4.054449,-0.199639,403,403
10,10,79232,block_start,start,0.40,spline_interpolation,3.378233,4.021772,-0.180380,403,403
10,10,79232,block_start,start,0.40,moving_average,2.910072,3.726132,-0.013220,403,403
10,10,79232,block_start,start,0.40,knn,3.597163,4.203400,-0.289403,403,403
10,10,79232,block_start,start,0.40,knn_upgraded,3.424603,4.063998,-0.205297,403,403
10,10,79232,block_start,start,0.40,decision_tree,3.271865,4.012655,-0.175035,403,403
10,10,79232,block_start,start,0.40,random_forest,3.487331,4.109339,-0.232341,403,403
10,10,79232,block_start,start,0.40,neural_net,3.520231,4.132987,-0.246566,403,403
10,10,79232,block_start,start,0.40,adaptive_imputation,3.271865,4.012655,-0.175035,403,403
11,11,87151,block_start,start,0.40,forward_fill,4.216600,4.828599,-0.024618,403,403
11,11,87151,block_start,start,0.40,linear_interpolation,5.777073,7.451408,-1.440038,403,403
11,11,87151,block_start,start,0.40,time_interpolation,5.777073,7.451408,-1.440038,403,403
11,11,87151,block_start,start,0.40,cubic_interpolation,6.716423,8.245098,-1.987525,403,403
11,11,87151,block_start,start,0.40,spline_interpolation,6.559762,8.123954,-1.900379,403,403
11,11,87151,block_start,start,0.40,moving_average,4.083122,4.687756,0.034283,403,403
11,11,87151,block_start,start,0.40,knn,5.777073,7.451408,-1.440038,403,403
11,11,87151,block_start,start,0.40,knn_upgraded,5.028974,6.622155,-0.927163,403,403
11,11,87151,block_start,start,0.40,decision_tree,4.395399,5.727873,-0.441806,403,403
11,11,87151,block_start,start,0.40,random_forest,4.594457,6.092310,-0.631112,403,403
11,11,87151,block_start,start,0.40,neural_net,5.559749,7.387959,-1.398661,403,403
11,11,87151,block_start,start,0.40,adaptive_imputation,4.395399,5.727873,-0.441806,403,403
12,12,95070,block_start,start,0.40,forward_fill,1.042382,1.465256,-0.150222,403,403
12,12,95070,block_start,start,0.40,linear_interpolation,1.117826,1.456742,-0.136893,403,403
12,12,95070,block_start,start,0.40,time_interpolation,1.117826,1.456742,-0.136893,403,403
12,12,95070,block_start,start,0.40,cubic_interpolation,5.411299,6.383294,-20.829520,403,403
12,12,95070,block_start,start,0.40,spline_interpolation,8.628944,9.529310,-47.649396,403,403
12,12,95070,block_start,start,0.40,moving_average,1.007612,1.429345,-0.094532,403,403
12,12,95070,block_start,start,0.40,knn,1.117826,1.456742,-0.136893,403,403
12,12,95070,block_start,start,0.40,knn_upgraded,0.959508,1.269664,0.136361,403,403
12,12,95070,block_start,start,0.40,decision_tree,0.885668,1.175585,0.259607,403,403
12,12,95070,block_start,start,0.40,random_forest,0.924759,1.201618,0.226451,403,403
12,12,95070,block_start,start,0.40,neural_net,1.047076,1.315661,0.072652,403,403
12,12,95070,block_start,start,0.40,adaptive_imputation,0.885668,1.175585,0.259607,403,403
13,13,102989,block_start,start,0.40,forward_fill,6.221737,7.072334,-3.145501,403,403
13,13,102989,block_start,start,0.40,linear_interpolation,4.733677,5.677735,-1.671787,403,403
13,13,102989,block_start,start,0.40,time_interpolation,4.733677,5.677735,-1.671787,403,403
13,13,102989,block_start,start,0.40,cubic_interpolation,4.349397,5.270742,-1.302476,403,403
13,13,102989,block_start,start,0.40,spline_interpolation,4.302519,5.209658,-1.249417,403,403
13,13,102989,block_start,start,0.40,moving_average,6.174790,7.055630,-3.125942,403,403
13,13,102989,block_start,start,0.40,knn,4.733677,5.677735,-1.671787,403,403
13,13,102989,block_start,start,0.40,knn_upgraded,4.988044,5.942146,-1.926430,403,403
13,13,102989,block_start,start,0.40,decision_tree,5.380730,6.321699,-2.312219,403,403
13,13,102989,block_start,start,0.40,random_forest,5.216463,6.155571,-2.140423,403,403
13,13,102989,block_start,start,0.40,neural_net,4.765137,5.713761,-1.705799,403,403
13,13,102989,block_start,start,0.40,adaptive_imputation,5.380730,6.321699,-2.312219,403,403
14,14,110908,block_start,start,0.40,forward_fill,1.888511,2.230274,-0.542567,403,403
14,14,110908,block_start,start,0.40,linear_interpolation,2.167676,2.492917,-0.927274,403,403
14,14,110908,block_start,start,0.40,time_interpolation,2.167676,2.492917,-0.927274,403,403
14,14,110908,block_start,start,0.40,cubic_interpolation,3.890723,4.516676,-5.326527,403,403
14,14,110908,block_start,start,0.40,spline_interpolation,4.847732,5.419147,-8.107297,403,403
14,14,110908,block_start,start,0.40,moving_average,1.879506,2.228672,-0.540352,403,403
14,14,110908,block_start,start,0.40,knn,2.167676,2.492917,-0.927274,403,403
14,14,110908,block_start,start,0.40,knn_upgraded,2.103894,2.423989,-0.822169,403,403
14,14,110908,block_start,start,0.40,decision_tree,2.027831,2.356980,-0.722817,403,403
14,14,110908,block_start,start,0.40,random_forest,2.094837,2.422268,-0.819583,403,403
14,14,110908,block_start,start,0.40,neural_net,2.144724,2.468687,-0.889990,403,403
14,14,110908,block_start,start,0.40,adaptive_imputation,2.027831,2.356980,-0.722817,403,403
15,15,118827,block_start,start,0.40,forward_fill,4.299032,5.003391,-0.000590,403,403
15,15,118827,block_start,start,0.40,linear_interpolation,4.195507,4.990311,0.004635,403,403
15,15,118827,block_start,start,0.40,time_interpolation,4.195507,4.990311,0.004635,403,403
15,15,118827,block_start,start,0.40,cubic_interpolation,19.693054,24.523067,-23.036808,403,403
15,15,118827,block_start,start,0.40,spline_interpolation,30.111311,34.180645,-45.696865,403,403
15,15,118827,block_start,start,0.40,moving_average,4.335096,5.019184,-0.006917,403,403
15,15,118827,block_start,start,0.40,knn,4.195507,4.990311,0.004635,403,403
15,15,118827,block_start,start,0.40,knn_upgraded,4.178019,4.902853,0.039218,403,403
15,15,118827,block_start,start,0.40,decision_tree,4.207517,4.828259,0.068231,403,403
15,15,118827,block_start,start,0.40,random_forest,4.200739,4.877877,0.048981,403,403
15,15,118827,block_start,start,0.40,neural_net,4.264378,5.082514,-0.032487,403,403
15,15,118827,block_start,start,0.40,adaptive_imputation,4.207517,4.828259,0.068231,403,403
16,16,126746,block_start,start,0.40,forward_fill,2.430844,2.737807,-0.239886,403,403
16,16,126746,block_start,start,0.40,linear_interpolation,2.999994,3.531487,-1.062961,403,403
16,16,126746,block_start,start,0.40,time_interpolation,2.999994,3.531487,-1.062961,403,403
16,16,126746,block_start,start,0.40,cubic_interpolation,10.807014,12.423102,-24.529127,403,403
16,16,126746,block_start,start,0.40,spline_interpolation,14.743474,16.152374,-42.156735,403,403
16,16,126746,block_start,start,0.40,moving_average,2.392243,2.712157,-0.216762,403,403
16,16,126746,block_start,start,0.40,knn,2.999994,3.531487,-1.062961,403,403
16,16,126746,block_start,start,0.40,knn_upgraded,2.830939,3.334792,-0.839558,403,403
16,16,126746,block_start,start,0.40,decision_tree,2.630249,3.079683,-0.568874,403,403
16,16,126746,block_start,start,0.40,random_forest,2.718252,3.195616,-0.689216,403,403
16,16,126746,block_start,start,0.40,neural_net,3.006057,3.543407,-1.076911,403,403
16,16,126746,block_start,start,0.40,adaptive_imputation,2.630249,3.079683,-0.568874,403,403
17,17,134665,block_start,start,0.40,forward_fill,8.314541,9.411710,-3.468965,403,403
17,17,134665,block_start,start,0.40,linear_interpolation,1.603718,2.180207,0.760191,403,403
17,17,134665,block_start,start,0.40,time_interpolation,1.603718,2.180207,0.760191,403,403
17,17,134665,block_start,start,0.40,cubic_interpolation,3.074357,3.664523,0.322507,403,403
17,17,134665,block_start,start,0.40,spline_interpolation,3.762961,4.517458,-0.029575,403,403
17,17,134665,block_start,start,0.40,moving_average,8.109009,9.253408,-3.319897,403,403
17,17,134665,block_start,start,0.40,knn,1.603718,2.180207,0.760191,403,403
17,17,134665,block_start,start,0.40,knn_upgraded,2.817870,3.314657,0.445697,403,403
17,17,134665,block_start,start,0.40,decision_tree,4.539754,4.882669,-0.202775,403,403
17,17,134665,block_start,start,0.40,random_forest,2.769945,3.278674,0.457667,403,403
17,17,134665,block_start,start,0.40,neural_net,1.622558,2.205497,0.754595,403,403
17,17,134665,block_start,start,0.40,adaptive_imputation,4.539754,4.882669,-0.202775,403,403
18,18,142584,block_start,start,0.40,forward_fill,2.847816,3.745197,-0.011141,403,403
18,18,142584,block_start,start,0.40,linear_interpolation,3.263442,3.889304,-0.090451,403,403
18,18,142584,block_start,start,0.40,time_interpolation,3.263442,3.889304,-0.090451,403,403
18,18,142584,block_start,start,0.40,cubic_interpolation,12.486874,15.560708,-16.455050,403,403
18,18,142584,block_start,start,0.40,spline_interpolation,19.158526,22.103800,-34.220560,403,403
18,18,142584,block_start,start,0.40,moving_average,2.828471,3.738072,-0.007298,403,403
18,18,142584,block_start,start,0.40,knn,3.263442,3.889304,-0.090451,403,403
18,18,142584,block_start,start,0.40,knn_upgraded,3.162686,3.843653,-0.065003,403,403
18,18,142584,block_start,start,0.40,decision_tree,3.117945,3.825310,-0.054862,403,403
18,18,142584,block_start,start,0.40,random_forest,3.110980,3.807697,-0.045170,403,403
18,18,142584,block_start,start,0.40,neural_net,3.234511,3.875785,-0.082883,403,403
18,18,142584,block_start,start,0.40,adaptive_imputation,3.117945,3.825310,-0.054862,403,403
19,19,150503,block_start,start,0.40,forward_fill,1.850074,2.259953,-0.265012,403,403
19,19,150503,block_start,start,0.40,linear_interpolation,1.869655,2.231380,-0.233226,403,403
19,19,150503,block_start,start,0.40,time_interpolation,1.869655,2.231380,-0.233226,403,403
19,19,150503,block_start,start,0.40,cubic_interpolation,1.957075,2.216093,-0.216387,403,403
19,19,150503,block_start,start,0.40,spline_interpolation,1.787071,2.089713,-0.081607,403,403
19,19,150503,block_start,start,0.40,moving_average,1.844475,2.259386,-0.264378,403,403
19,19,150503,block_start,start,0.40,knn,1.869655,2.231380,-0.233226,403,403
19,19,150503,block_start,start,0.40,knn_upgraded,1.902953,2.279380,-0.286854,403,403
19,19,150503,block_start,start,0.40,decision_tree,1.892808,2.273426,-0.280141,403,403
19,19,150503,block_start,start,0.40,random_forest,1.897876,2.272237,-0.278801,403,403
19,19,150503,block_start,start,0.40,neural_net,1.875117,2.263324,-0.268789,403,403
19,19,150503,block_start,start,0.40,adaptive_imputation,1.892808,2.273426,-0.280141,403,403
0,0,42,block_start,start,0.50,forward_fill,3.579087,4.115032,-1.856679,504,504
0,0,42,block_start,start,0.50,linear_interpolation,1.438639,1.951328,0.357644,504,504
0,0,42,block_start,start,0.50,time_interpolation,1.438639,1.951328,0.357644,504,504
0,0,42,block_start,start,0.50,cubic_interpolation,1.449151,1.798803,0.454139,504,504
0,0,42,block_start,start,0.50,spline_interpolation,1.836307,2.218592,0.169633,504,504
0,0,42,block_start,start,0.50,moving_average,3.499540,4.046142,-1.761832,504,504
0,0,42,block_start,start,0.50,knn,1.438639,1.951328,0.357644,504,504
0,0,42,block_start,start,0.50,knn_upgraded,1.697600,2.043439,0.295569,504,504
0,0,42,block_start,start,0.50,decision_tree,2.197338,2.487466,-0.043828,504,504
0,0,42,block_start,start,0.50,random_forest,1.868036,2.185678,0.194089,504,504
0,0,42,block_start,start,0.50,neural_net,1.367932,1.754385,0.480764,504,504
0,0,42,block_start,start,0.50,adaptive_imputation,1.438639,1.951328,0.357644,504,504
1,1,7961,block_start,start,0.50,forward_fill,1.915496,2.456381,-0.326985,504,504
1,1,7961,block_start,start,0.50,linear_interpolation,1.730041,2.205949,-0.070201,504,504
1,1,7961,block_start,start,0.50,time_interpolation,1.730041,2.205949,-0.070201,504,504
1,1,7961,block_start,start,0.50,cubic_interpolation,4.079693,4.830005,-4.130617,504,504
1,1,7961,block_start,start,0.50,spline_interpolation,5.372750,6.181232,-7.402811,504,504
1,1,7961,block_start,start,0.50,moving_average,1.905012,2.454174,-0.324602,504,504
1,1,7961,block_start,start,0.50,knn,1.730041,2.205949,-0.070201,504,504
1,1,7961,block_start,start,0.50,knn_upgraded,1.760371,2.253275,-0.116614,504,504
1,1,7961,block_start,start,0.50,decision_tree,1.786920,2.294789,-0.158137,504,504
1,1,7961,block_start,start,0.50,random_forest,1.769943,2.264779,-0.128044,504,504
1,1,7961,block_start,start,0.50,neural_net,1.779348,2.256254,-0.119569,504,504
1,1,7961,block_start,start,0.50,adaptive_imputation,1.730041,2.205949,-0.070201,504,504
2,2,15880,block_start,start,0.50,forward_fill,1.929702,2.229593,-0.071750,504,504
2,2,15880,block_start,start,0.50,linear_interpolation,2.115340,2.826955,-0.722979,504,504
2,2,15880,block_start,start,0.50,time_interpolation,2.115340,2.826955,-0.722979,504,504
2,2,15880,block_start,start,0.50,cubic_interpolation,4.275269,5.072195,-4.546691,504,504
2,2,15880,block_start,start,0.50,spline_interpolation,7.125636,7.985142,-12.746980,504,504
2,2,15880,block_start,start,0.50,moving_average,1.887004,2.193973,-0.037778,504,504
2,2,15880,block_start,start,0.50,knn,2.115340,2.826955,-0.722979,504,504
2,2,15880,block_start,start,0.50,knn_upgraded,1.970628,2.625075,-0.485680,504,504
2,2,15880,block_start,start,0.50,decision_tree,2.004077,2.582784,-0.438196,504,504
2,2,15880,block_start,start,0.50,random_forest,1.992712,2.613304,-0.472387,504,504
2,2,15880,block_start,start,0.50,neural_net,2.057970,2.791170,-0.679634,504,504
2,2,15880,block_start,start,0.50,adaptive_imputation,2.115340,2.826955,-0.722979,504,504
3,3,23799,block_start,start,0.50,forward_fill,7.707063,9.069150,-2.503561,504,504
3,3,23799,block_start,start,0.50,linear_interpolation,4.598183,5.921064,-0.493400,504,504
3,3,23799,block_start,start,0.50,time_interpolation,4.598183,5.921064,-0.493400,504,504
3,3,23799,block_start,start,0.50,cubic_interpolation,14.240456,16.792515,-11.011798,504,504
3,3,23799,block_start,start,0.50,spline_interpolation,20.679252,23.482899,-22.489836,504,504
3,3,23799,block_start,start,0.50,moving_average,7.605201,9.019501,-2.465306,504,504
3,3,23799,block_start,start,0.50,knn,4.598183,5.921064,-0.493400,504,504
3,3,23799,block_start,start,0.50,knn_upgraded,5.066366,6.572741,-0.840219,504,504
3,3,23799,block_start,start,0.50,decision_tree,5.713329,7.323382,-1.284546,504,504
3,3,23799,block_start,start,0.50,random_forest,5.186211,6.688143,-0.905407,504,504
3,3,23799,block_start,start,0.50,neural_net,4.813854,6.088960,-0.579293,504,504
3,3,23799,block_start,start,0.50,adaptive_imputation,4.598183,5.921064,-0.493400,504,504
4,4,31718,block_start,start,0.50,forward_fill,4.219206,4.696650,-0.677792,504,504
4,4,31718,block_start,start,0.50,linear_interpolation,3.117289,3.681802,-0.031057,504,504
4,4,31718,block_start,start,0.50,time_interpolation,3.117289,3.681802,-0.031057,504,504
4,4,31718,block_start,start,0.50,cubic_interpolation,3.019155,3.597986,0.015353,504,504
4,4,31718,block_start,start,0.50,spline_interpolation,3.019317,3.598035,0.015326,504,504
4,4,31718,block_start,start,0.50,moving_average,4.178155,4.680913,-0.666567,504,504
4,4,31718,block_start,start,0.50,knn,3.117289,3.681802,-0.031057,504,504
4,4,31718,block_start,start,0.50,knn_upgraded,3.260715,3.808875,-0.103456,504,504
4,4,31718,block_start,start,0.50,decision_tree,3.511842,4.057846,-0.252428,504,504
4,4,31718,block_start,start,0.50,random_forest,3.351215,3.901824,-0.157969,504,504
4,4,31718,block_start,start,0.50,neural_net,3.237017,3.817569,-0.108499,504,504
4,4,31718,block_start,start,0.50,adaptive_imputation,3.117289,3.681802,-0.031057,504,504
5,5,39637,block_start,start,0.50,forward_fill,3.312440,4.882520,-0.519166,504,504
5,5,39637,block_start,start,0.50,linear_interpolation,4.213106,5.246158,-0.753879,504,504
5,5,39637,block_start,start,0.50,time_interpolation,4.213106,5.246158,-0.753879,504,504
5,5,39637,block_start,start,0.50,cubic_interpolation,2.893261,3.447244,0.242712,504,504
5,5,39637,block_start,start,0.50,spline_interpolation,2.505558,3.609309,0.169833,504,504
5,5,39637,block_start,start,0.50,moving_average,3.167023,4.685345,-0.398943,504,504
5,5,39637,block_start,start,0.50,knn,4.213106,5.246158,-0.753879,504,504
5,5,39637,block_start,start,0.50,knn_upgraded,3.336339,4.208786,-0.128836,504,504
5,5,39637,block_start,start,0.50,decision_tree,3.277571,3.794824,0.082301,504,504
5,5,39637,block_start,start,0.50,random_forest,3.247882,3.917668,0.021924,504,504
5,5,39637,block_start,start,0.50,neural_net,4.052049,5.079500,-0.644216,504,504
5,5,39637,block_start,start,0.50,adaptive_imputation,4.213106,5.246158,-0.753879,504,504
6,6,47556,block_start,start,0.50,forward_fill,5.996925,7.198062,-1.841728,504,504
6,6,47556,block_start,start,0.50,linear_interpolation,4.481275,5.768953,-0.825346,504,504
6,6,47556,block_start,start,0.50,time_interpolation,4.481275,5.768953,-0.825346,504,504
6,6,47556,block_start,start,0.50,cubic_interpolation,14.647441,16.570196,-14.059363,504,504
6,6,47556,block_start,start,0.50,spline_interpolation,22.356425,24.822512,-32.794248,504,504
6,6,47556,block_start,start,0.50,moving_average,5.870036,7.099525,-1.764457,504,504
6,6,47556,block_start,start,0.50,knn,4.481275,5.768953,-0.825346,504,504
6,6,47556,block_start,start,0.50,knn_upgraded,4.624613,5.943441,-0.937435,504,504
6,6,47556,block_start,start,0.50,decision_tree,5.193466,6.555764,-1.357208,504,504
6,6,47556,block_start,start,0.50,random_forest,4.496426,5.800422,-0.845315,504,504
6,6,47556,block_start,start,0.50,neural_net,4.886903,6.349406,-1.211147,504,504
6,6,47556,block_start,start,0.50,adaptive_imputation,4.481275,5.768953,-0.825346,504,504
7,7,55475,block_start,start,0.50,forward_fill,3.399008,4.089843,-1.515894,504,504
7,7,55475,block_start,start,0.50,linear_interpolation,2.859670,3.430521,-0.770105,504,504
7,7,55475,block_start,start,0.50,time_interpolation,2.859670,3.430521,-0.770105,504,504
7,7,55475,block_start,start,0.50,cubic_interpolation,15.457390,18.074176,-48.135567,504,504
7,7,55475,block_start,start,0.50,spline_interpolation,22.273878,24.922699,-92.426292,504,504
7,7,55475,block_start,start,0.50,moving_average,3.383449,4.084878,-1.509788,504,504
7,7,55475,block_start,start,0.50,knn,2.859670,3.430521,-0.770105,504,504
7,7,55475,block_start,start,0.50,knn_upgraded,3.028558,3.623094,-0.974414,504,504
7,7,55475,block_start,start,0.50,decision_tree,3.233779,3.834192,-1.211193,504,504
7,7,55475,block_start,start,0.50,random_forest,3.125541,3.718106,-1.079325,504,504
7,7,55475,block_start,start,0.50,neural_net,2.853625,3.429567,-0.769121,504,504
7,7,55475,block_start,start,0.50,adaptive_imputation,2.859670,3.430521,-0.770105,504,504
8,8,63394,block_start,start,0.50,forward_fill,12.581607,14.358312,-2.431233,504,504
8,8,63394,block_start,start,0.50,linear_interpolation,3.516454,4.204935,0.705719,504,504
8,8,63394,block_start,start,0.50,time_interpolation,3.516454,4.204935,0.705719,504,504
8,8,63394,block_start,start,0.50,cubic_interpolation,5.416330,6.543336,0.287407,504,504
8,8,63394,block_start,start,0.50,spline_interpolation,6.907462,8.122794,-0.098131,504,504
8,8,63394,block_start,start,0.50,moving_average,12.325658,14.139035,-2.327231,504,504
8,8,63394,block_start,start,0.50,knn,3.516454,4.204935,0.705719,504,504
8,8,63394,block_start,start,0.50,knn_upgraded,4.706402,5.551873,0.486994,504,504
8,8,63394,block_start,start,0.50,decision_tree,6.448054,7.293613,0.114622,504,504
8,8,63394,block_start,start,0.50,random_forest,4.461977,5.220192,0.546459,504,504
8,8,63394,block_start,start,0.50,neural_net,3.652701,4.353082,0.684618,504,504
8,8,63394,block_start,start,0.50,adaptive_imputation,3.516454,4.204935,0.705719,504,504
9,9,71313,block_start,start,0.50,forward_fill,5.643690,6.375981,-2.340046,504,504
9,9,71313,block_start,start,0.50,linear_interpolation,2.844803,3.587335,-0.057310,504,504
9,9,71313,block_start,start,0.50,time_interpolation,2.844803,3.587335,-0.057310,504,504
9,9,71313,block_start,start,0.50,cubic_interpolation,2.749152,3.376080,0.063552,504,504
9,9,71313,block_start,start,0.50,spline_interpolation,2.787213,3.437459,0.029192,504,504
9,9,71313,block_start,start,0.50,moving_average,5.548334,6.314136,-2.275565,504,504
9,9,71313,block_start,start,0.50,knn,2.844803,3.587335,-0.057310,504,504
9,9,71313,block_start,start,0.50,knn_upgraded,3.063652,4.024582,-0.330761,504,504
9,9,71313,block_start,start,0.50,decision_tree,3.618765,4.708381,-0.821384,504,504
9,9,71313,block_start,start,0.50,random_forest,3.107728,4.134831,-0.404669,504,504
9,9,71313,block_start,start,0.50,neural_net,2.815194,3.599079,-0.064244,504,504
9,9,71313,block_start,start,0.50,adaptive_imputation,2.844803,3.587335,-0.057310,504,504
10,10,79232,block_start,start,0.50,forward_fill,3.660159,4.599758,-0.012900,504,504
10,10,79232,block_start,start,0.50,linear_interpolation,3.561756,4.662407,-0.040679,504,504
10,10,79232,block_start,start,0.50,time_interpolation,3.561756,4.662407,-0.040679,504,504
10,10,79232,block_start,start,0.50,cubic_interpolation,3.233655,4.170603,0.167289,504,504
10,10,79232,block_start,start,0.50,spline_interpolation,3.444168,4.059415,0.211097,504,504
10,10,79232,block_start,start,0.50,moving_average,3.595431,4.560495,0.004319,504,504
10,10,79232,block_start,start,0.50,knn,3.561756,4.662407,-0.040679,504,504
10,10,79232,block_start,start,0.50,knn_upgraded,3.383661,4.367482,0.086815,504,504
10,10,79232,block_start,start,0.50,decision_tree,3.342875,4.222090,0.146603,504,504
10,10,79232,block_start,start,0.50,random_forest,3.396127,4.343094,0.096985,504,504
10,10,79232,block_start,start,0.50,neural_net,3.527660,4.624146,-0.023669,504,504
10,10,79232,block_start,start,0.50,adaptive_imputation,3.561756,4.662407,-0.040679,504,504
11,11,87151,block_start,start,0.50,forward_fill,4.380516,5.184780,-0.000150,504,504
11,11,87151,block_start,start,0.50,linear_interpolation,4.467512,5.405043,-0.086933,504,504
11,11,87151,block_start,start,0.50,time_interpolation,4.467512,5.405043,-0.086933,504,504
11,11,87151,block_start,start,0.50,cubic_interpolation,16.005042,19.218930,-12.742411,504,504
11,11,87151,block_start,start,0.50,spline_interpolation,22.306106,25.453859,-23.105258,504,504
11,11,87151,block_start,start,0.50,moving_average,4.368050,5.179978,0.001702,504,504
11,11,87151,block_start,start,0.50,knn,4.467512,5.405043,-0.086933,504,504
11,11,87151,block_start,start,0.50,knn_upgraded,4.449081,5.376090,-0.075320,504,504
11,11,87151,block_start,start,0.50,decision_tree,4.471439,5.368236,-0.072180,504,504
11,11,87151,block_start,start,0.50,random_forest,4.483725,5.417636,-0.092004,504,504
11,11,87151,block_start,start,0.50,neural_net,4.522677,5.503397,-0.126850,504,504
11,11,87151,block_start,start,0.50,adaptive_imputation,4.467512,5.405043,-0.086933,504,504
12,12,95070,block_start,start,0.50,forward_fill,1.621845,2.212271,-0.428627,504,504
12,12,95070,block_start,start,0.50,linear_interpolation,1.594086,1.982717,-0.147529,504,504
12,12,95070,block_start,start,0.50,time_interpolation,1.594086,1.982717,-0.147529,504,504
12,12,95070,block_start,start,0.50,cubic_interpolation,18.110966,21.405170,-132.745600,504,504
12,12,95070,block_start,start,0.50,spline_interpolation,28.240961,31.179150,-282.772741,504,504
12,12,95070,block_start,start,0.50,moving_average,1.571347,2.145429,-0.343602,504,504
12,12,95070,block_start,start,0.50,knn,1.594086,1.982717,-0.147529,504,504
12,12,95070,block_start,start,0.50,knn_upgraded,1.020942,1.432043,0.401376,504,504
12,12,95070,block_start,start,0.50,decision_tree,0.889987,1.204714,0.576347,504,504
12,12,95070,block_start,start,0.50,random_forest,1.017256,1.440804,0.394029,504,504
12,12,95070,block_start,start,0.50,neural_net,1.404004,1.792121,0.062488,504,504
12,12,95070,block_start,start,0.50,adaptive_imputation,1.594086,1.982717,-0.147529,504,504
13,13,102989,block_start,start,0.50,forward_fill,6.452937,7.498123,-2.683939,504,504
13,13,102989,block_start,start,0.50,linear_interpolation,4.041388,5.025745,-0.655039,504,504
13,13,102989,block_start,start,0.50,time_interpolation,4.041388,5.025745,-0.655039,504,504
13,13,102989,block_start,start,0.50,cubic_interpolation,7.153559,8.431900,-3.658630,504,504
13,13,102989,block_start,start,0.50,spline_interpolation,11.846457,13.347930,-10.674415,504,504
13,13,102989,block_start,start,0.50,moving_average,6.299640,7.350487,-2.540296,504,504
13,13,102989,block_start,start,0.50,knn,4.041388,5.025745,-0.655039,504,504
13,13,102989,block_start,start,0.50,knn_upgraded,3.845549,4.900169,-0.573364,504,504
13,13,102989,block_start,start,0.50,decision_tree,4.109885,5.132557,-0.726135,504,504
13,13,102989,block_start,start,0.50,random_forest,4.008366,5.083065,-0.693007,504,504
13,13,102989,block_start,start,0.50,neural_net,3.724705,4.704745,-0.450372,504,504
13,13,102989,block_start,start,0.50,adaptive_imputation,4.041388,5.025745,-0.655039,504,504
14,14,110908,block_start,start,0.50,forward_fill,1.760556,2.076383,-0.178005,504,504
14,14,110908,block_start,start,0.50,linear_interpolation,1.800189,2.233012,-0.362431,504,504
14,14,110908,block_start,start,0.50,time_interpolation,1.800189,2.233012,-0.362431,504,504
14,14,110908,block_start,start,0.50,cubic_interpolation,3.033572,3.602461,-2.545935,504,504
14,14,110908,block_start,start,0.50,spline_interpolation,3.643561,4.299983,-4.052027,504,504
14,14,110908,block_start,start,0.50,moving_average,1.749332,2.073458,-0.174689,504,504
14,14,110908,block_start,start,0.50,knn,1.800189,2.233012,-0.362431,504,504
14,14,110908,block_start,start,0.50,knn_upgraded,1.744738,2.152214,-0.265619,504,504
14,14,110908,block_start,start,0.50,decision_tree,1.711163,2.096102,-0.200486,504,504
14,14,110908,block_start,start,0.50,random_forest,1.720929,2.117329,-0.224924,504,504
14,14,110908,block_start,start,0.50,neural_net,1.765529,2.198450,-0.320583,504,504
14,14,110908,block_start,start,0.50,adaptive_imputation,1.800189,2.233012,-0.362431,504,504
15,15,118827,block_start,start,0.50,forward_fill,5.062143,5.984042,-0.090256,504,504
15,15,118827,block_start,start,0.50,linear_interpolation,4.837857,5.707338,0.008240,504,504
15,15,118827,block_start,start,0.50,time_interpolation,4.837857,5.707338,0.008240,504,504
15,15,118827,block_start,start,0.50,cubic_interpolation,4.793455,6.185898,-0.165051,504,504
15,15,118827,block_start,start,0.50,spline_interpolation,6.354321,7.843611,-0.873145,504,504
15,15,118827,block_start,start,0.50,moving_average,5.051964,5.981920,-0.089483,504,504
15,15,118827,block_start,start,0.50,knn,4.837857,5.707338,0.008240,504,504
15,15,118827,block_start,start,0.50,knn_upgraded,4.855863,5.728257,0.000957,504,504
15,15,118827,block_start,start,0.50,decision_tree,4.896268,5.758141,-0.009494,504,504
15,15,118827,block_start,start,0.50,random_forest,4.872648,5.734612,-0.001261,504,504
15,15,118827,block_start,start,0.50,neural_net,4.825001,5.685937,0.015664,504,504
15,15,118827,block_start,start,0.50,adaptive_imputation,4.837857,5.707338,0.008240,504,504
16,16,126746,block_start,start,0.50,forward_fill,2.531885,2.851875,-0.354193,504,504
16,16,126746,block_start,start,0.50,linear_interpolation,2.438654,2.737515,-0.247764,504,504
16,16,126746,block_start,start,0.50,time_interpolation,2.438654,2.737515,-0.247764,504,504
16,16,126746,block_start,start,0.50,cubic_interpolation,3.655660,4.485935,-2.350622,504,504
16,16,126746,block_start,start,0.50,spline_interpolation,5.193421,5.963397,-4.921163,504,504
16,16,126746,block_start,start,0.50,moving_average,2.529043,2.850912,-0.353278,504,504
16,16,126746,block_start,start,0.50,knn,2.438654,2.737515,-0.247764,504,504
16,16,126746,block_start,start,0.50,knn_upgraded,2.452374,2.755280,-0.264011,504,504
16,16,126746,block_start,start,0.50,decision_tree,2.510199,2.817871,-0.322092,504,504
16,16,126746,block_start,start,0.50,random_forest,2.484911,2.791666,-0.297617,504,504
16,16,126746,block_start,start,0.50,neural_net,2.476614,2.783533,-0.290067,504,504
16,16,126746,block_start,start,0.50,adaptive_imputation,2.438654,2.737515,-0.247764,504,504
17,17,134665,block_start,start,0.50,forward_fill,9.294782,10.286605,-4.356493,504,504
17,17,134665,block_start,start,0.50,linear_interpolation,2.946352,3.518994,0.373136,504,504
17,17,134665,block_start,start,0.50,time_interpolation,2.946352,3.518994,0.373136,504,504
17,17,134665,block_start,start,0.50,cubic_interpolation,1.544682,2.119893,0.772509,504,504
17,17,134665,block_start,start,0.50,spline_interpolation,1.534161,2.094971,0.777826,504,504
17,17,134665,block_start,start,0.50,moving_average,9.144602,10.190289,-4.256654,504,504
17,17,134665,block_start,start,0.50,knn,2.946352,3.518994,0.373136,504,504
17,17,134665,block_start,start,0.50,knn_upgraded,4.398728,4.889952,-0.210446,504,504
17,17,134665,block_start,start,0.50,decision_tree,2.840375,3.421171,0.407503,504,504
17,17,134665,block_start,start,0.50,random_forest,4.403563,4.802483,-0.167530,504,504
17,17,134665,block_start,start,0.50,neural_net,3.319705,3.880212,0.237838,504,504
17,17,134665,block_start,start,0.50,adaptive_imputation,2.946352,3.518994,0.373136,504,504
18,18,142584,block_start,start,0.50,forward_fill,3.156647,4.026196,-0.095927,504,504
18,18,142584,block_start,start,0.50,linear_interpolation,3.210276,4.143314,-0.160613,504,504
18,18,142584,block_start,start,0.50,time_interpolation,3.210276,4.143314,-0.160613,504,504
18,18,142584,block_start,start,0.50,cubic_interpolation,9.766987,12.316631,-9.255942,504,504
18,18,142584,block_start,start,0.50,spline_interpolation,15.273721,17.543764,-19.808331,504,504
18,18,142584,block_start,start,0.50,moving_average,3.161688,4.026677,-0.096189,504,504
18,18,142584,block_start,start,0.50,knn,3.210276,4.143314,-0.160613,504,504
18,18,142584,block_start,start,0.50,knn_upgraded,3.201755,4.113186,-0.143795,504,504
18,18,142584,block_start,start,0.50,decision_tree,3.195732,4.091116,-0.131554,504,504
18,18,142584,block_start,start,0.50,random_forest,3.201671,4.112376,-0.143345,504,504
18,18,142584,block_start,start,0.50,neural_net,3.204510,4.130772,-0.153597,504,504
18,18,142584,block_start,start,0.50,adaptive_imputation,3.210276,4.143314,-0.160613,504,504
19,19,150503,block_start,start,0.50,forward_fill,1.593095,2.042631,-0.167438,504,504
19,19,150503,block_start,start,0.50,linear_interpolation,1.592761,2.046117,-0.171427,504,504
19,19,150503,block_start,start,0.50,time_interpolation,1.592761,2.046117,-0.171427,504,504
19,19,150503,block_start,start,0.50,cubic_interpolation,5.032798,6.463122,-10.687958,504,504
19,19,150503,block_start,start,0.50,spline_interpolation,7.422452,8.665002,-20.008319,504,504
19,19,150503,block_start,start,0.50,moving_average,1.592925,2.042588,-0.167389,504,504
19,19,150503,block_start,start,0.50,knn,1.592761,2.046117,-0.171427,504,504
19,19,150503,block_start,start,0.50,knn_upgraded,1.606335,2.064992,-0.193138,504,504
19,19,150503,block_start,start,0.50,decision_tree,1.590982,2.043219,-0.168110,504,504
19,19,150503,block_start,start,0.50,random_forest,1.590948,2.040786,-0.165330,504,504
19,19,150503,block_start,start,0.50,neural_net,1.611629,2.046780,-0.172185,504,504
19,19,150503,block_start,start,0.50,adaptive_imputation,1.592761,2.046117,-0.171427,504,504
0,0,42,block_start,start,0.60,forward_fill,4.089603,4.634080,-2.311572,605,605
0,0,42,block_start,start,0.60,linear_interpolation,1.597157,1.888230,0.450184,605,605
0,0,42,block_start,start,0.60,time_interpolation,1.597157,1.888230,0.450184,605,605
0,0,42,block_start,start,0.60,cubic_interpolation,1.524341,1.818891,0.489823,605,605
0,0,42,block_start,start,0.60,spline_interpolation,1.691279,1.964310,0.404986,605,605
0,0,42,block_start,start,0.60,moving_average,4.027910,4.592249,-2.252056,605,605
0,0,42,block_start,start,0.60,knn,1.597157,1.888230,0.450184,605,605
0,0,42,block_start,start,0.60,knn_upgraded,2.103753,2.344021,0.152714,605,605
0,0,42,block_start,start,0.60,decision_tree,2.641793,2.886881,-0.285183,605,605
0,0,42,block_start,start,0.60,random_forest,2.323180,2.562458,-0.012560,605,605
0,0,42,block_start,start,0.60,neural_net,1.636645,1.925824,0.428073,605,605
0,0,42,block_start,start,0.60,adaptive_imputation,1.524341,1.818891,0.489823,605,605
1,1,7961,block_start,start,0.60,forward_fill,1.954430,2.462747,-0.220167,605,605
1,1,7961,block_start,start,0.60,linear_interpolation,3.411192,4.094109,-2.372085,605,605
1,1,7961,block_start,start,0.60,time_interpolation,3.411192,4.094109,-2.372085,605,605
1,1,7961,block_start,start,0.60,cubic_interpolation,8.086728,9.832031,-18.447607,605,605
1,1,7961,block_start,start,0.60,spline_interpolation,13.905076,15.573482,-47.792285,605,605
1,1,7961,block_start,start,0.60,moving_average,1.913380,2.425510,-0.183548,605,605
1,1,7961,block_start,start,0.60,knn,3.411192,4.094109,-2.372085,605,605
1,1,7961,block_start,start,0.60,knn_upgraded,2.981968,3.654872,-1.687349,605,605
1,1,7961,block_start,start,0.60,decision_tree,2.734565,3.364100,-1.276761,605,605
1,1,7961,block_start,start,0.60,random_forest,2.949272,3.594988,-1.600008,605,605
1,1,7961,block_start,start,0.60,neural_net,3.070976,3.778160,-1.871708,605,605
1,1,7961,block_start,start,0.60,adaptive_imputation,8.086728,9.832031,-18.447607,605,605
2,2,15880,block_start,start,0.60,forward_fill,1.881653,2.208872,-0.087849,605,605
2,2,15880,block_start,start,0.60,linear_interpolation,1.869644,2.303857,-0.183419,605,605
2,2,15880,block_start,start,0.60,time_interpolation,1.869644,2.303857,-0.183419,605,605
2,2,15880,block_start,start,0.60,cubic_interpolation,14.412671,16.731852,-61.418820,605,605
2,2,15880,block_start,start,0.60,spline_interpolation,21.940441,24.073844,-128.216625,605,605
2,2,15880,block_start,start,0.60,moving_average,1.872562,2.204169,-0.083222,605,605
2,2,15880,block_start,start,0.60,knn,1.869644,2.303857,-0.183419,605,605
2,2,15880,block_start,start,0.60,knn_upgraded,1.868055,2.247137,-0.125865,605,605
2,2,15880,block_start,start,0.60,decision_tree,1.926631,2.274245,-0.153193,605,605
2,2,15880,block_start,start,0.60,random_forest,1.916517,2.270629,-0.149529,605,605
2,2,15880,block_start,start,0.60,neural_net,1.833921,2.219009,-0.097856,605,605
2,2,15880,block_start,start,0.60,adaptive_imputation,14.412671,16.731852,-61.418820,605,605
3,3,23799,block_start,start,0.60,forward_fill,7.529603,8.755905,-2.743438,605,605
3,3,23799,block_start,start,0.60,linear_interpolation,6.601156,7.926649,-2.067946,605,605
3,3,23799,block_start,start,0.60,time_interpolation,6.601156,7.926649,-2.067946,605,605
3,3,23799,block_start,start,0.60,cubic_interpolation,14.725835,16.535548,-12.350751,605,605
3,3,23799,block_start,start,0.60,spline_interpolation,18.902899,20.740804,-20.004854,605,605
3,3,23799,block_start,start,0.60,moving_average,7.511058,8.753470,-2.741356,605,605
3,3,23799,block_start,start,0.60,knn,6.601156,7.926649,-2.067946,605,605
3,3,23799,block_start,start,0.60,knn_upgraded,6.841073,8.160013,-2.251248,605,605
3,3,23799,block_start,start,0.60,decision_tree,7.030793,8.337116,-2.393909,605,605
3,3,23799,block_start,start,0.60,random_forest,7.035156,8.340400,-2.396583,605,605
3,3,23799,block_start,start,0.60,neural_net,6.751585,8.070685,-2.180455,605,605
3,3,23799,block_start,start,0.60,adaptive_imputation,14.725835,16.535548,-12.350751,605,605
4,4,31718,block_start,start,0.60,forward_fill,4.227702,4.664454,-0.888763,605,605
4,4,31718,block_start,start,0.60,linear_interpolation,2.702852,3.299054,0.055167,605,605
4,4,31718,block_start,start,0.60,time_interpolation,2.702852,3.299054,0.055167,605,605
4,4,31718,block_start,start,0.60,cubic_interpolation,4.744212,5.488276,-1.614856,605,605
4,4,31718,block_start,start,0.60,spline_interpolation,6.110853,7.004347,-3.259035,605,605
4,4,31718,block_start,start,0.60,moving_average,4.177141,4.631589,-0.862241,605,605
4,4,31718,block_start,start,0.60,knn,2.702852,3.299054,0.055167,605,605
4,4,31718,block_start,start,0.60,knn_upgraded,2.802708,3.443342,-0.029286,605,605
4,4,31718,block_start,start,0.60,decision_tree,3.094258,3.773826,-0.236345,605,605
4,4,31718,block_start,start,0.60,random_forest,2.934122,3.595313,-0.122146,605,605
4,4,31718,block_start,start,0.60,neural_net,2.769358,3.369928,0.014136,605,605
4,4,31718,block_start,start,0.60,adaptive_imputation,4.744212,5.488276,-1.614856,605,605
5,5,39637,block_start,start,0.60,forward_fill,3.985388,5.599434,-0.707066,605,605
5,5,39637,block_start,start,0.60,linear_interpolation,3.377331,3.951934,0.149682,605,605
5,5,39637,block_start,start,0.60,time_interpolation,3.377331,3.951934,0.149682,605,605
5,5,39637,block_start,start,0.60,cubic_interpolation,10.832340,12.801673,-7.922685,605,605
5,5,39637,block_start,start,0.60,spline_interpolation,14.717284,16.446960,-13.727646,605,605
5,5,39637,block_start,start,0.60,moving_average,3.889002,5.507679,-0.651579,605,605
5,5,39637,block_start,start,0.60,knn,3.377331,3.951934,0.149682,605,605
5,5,39637,block_start,start,0.60,knn_upgraded,2.959745,3.553976,0.312312,605,605
5,5,39637,block_start,start,0.60,decision_tree,3.054039,3.677405,0.263716,605,605
5,5,39637,block_start,start,0.60,random_forest,2.950651,3.508464,0.329813,605,605
5,5,39637,block_start,start,0.60,neural_net,3.018839,3.637206,0.279726,605,605
5,5,39637,block_start,start,0.60,adaptive_imputation,10.832340,12.801673,-7.922685,605,605
6,6,47556,block_start,start,0.60,forward_fill,6.111570,7.266882,-2.019946,605,605
6,6,47556,block_start,start,0.60,linear_interpolation,4.721169,5.979209,-1.044515,605,605
6,6,47556,block_start,start,0.60,time_interpolation,4.721169,5.979209,-1.044515,605,605
6,6,47556,block_start,start,0.60,cubic_interpolation,29.556796,33.094724,-61.635479,605,605
6,6,47556,block_start,start,0.60,spline_interpolation,42.526258,46.129479,-120.691427,605,605
6,6,47556,block_start,start,0.60,moving_average,6.093672,7.261641,-2.015591,605,605
6,6,47556,block_start,start,0.60,knn,4.721169,5.979209,-1.044515,605,605
6,6,47556,block_start,start,0.60,knn_upgraded,5.063836,6.347203,-1.303922,605,605
6,6,47556,block_start,start,0.60,decision_tree,5.430582,6.731089,-1.591037,605,605
6,6,47556,block_start,start,0.60,random_forest,5.289795,6.593564,-1.486241,605,605
6,6,47556,block_start,start,0.60,neural_net,4.859566,6.141814,-1.157229,605,605
6,6,47556,block_start,start,0.60,adaptive_imputation,29.556796,33.094724,-61.635479,605,605
7,7,55475,block_start,start,0.60,forward_fill,3.090711,3.807315,-1.388338,605,605
7,7,55475,block_start,start,0.60,linear_interpolation,3.120309,3.833860,-1.421757,605,605
7,7,55475,block_start,start,0.60,time_interpolation,3.120309,3.833860,-1.421757,605,605
7,7,55475,block_start,start,0.60,cubic_interpolation,6.910391,8.627907,-11.265041,605,605
7,7,55475,block_start,start,0.60,spline_interpolation,10.984244,12.499522,-24.742158,605,605
7,7,55475,block_start,start,0.60,moving_average,3.094551,3.807645,-1.388751,605,605
7,7,55475,block_start,start,0.60,knn,3.120309,3.833860,-1.421757,605,605
7,7,55475,block_start,start,0.60,knn_upgraded,3.091799,3.805886,-1.386545,605,605
7,7,55475,block_start,start,0.60,decision_tree,3.043011,3.759624,-1.328879,605,605
7,7,55475,block_start,start,0.60,random_forest,3.058772,3.776326,-1.349617,605,605
7,7,55475,block_start,start,0.60,neural_net,3.092716,3.816309,-1.399634,605,605
7,7,55475,block_start,start,0.60,adaptive_imputation,6.910391,8.627907,-11.265041,605,605
8,8,63394,block_start,start,0.60,forward_fill,12.606579,14.170877,-2.852754,605,605
8,8,63394,block_start,start,0.60,linear_interpolation,6.453017,7.419264,-0.056086,605,605
8,8,63394,block_start,start,0.60,time_interpolation,6.453017,7.419264,-0.056086,605,605
8,8,63394,block_start,start,0.60,cubic_interpolation,6.376617,7.356975,-0.038428,605,605
8,8,63394,block_start,start,0.60,spline_interpolation,6.935072,8.000864,-0.228150,605,605
8,8,63394,block_start,start,0.60,moving_average,12.464616,14.097263,-2.812829,605,605
8,8,63394,block_start,start,0.60,knn,6.453017,7.419264,-0.056086,605,605
8,8,63394,block_start,start,0.60,knn_upgraded,7.640876,8.853649,-0.503912,605,605
8,8,63394,block_start,start,0.60,decision_tree,8.644557,10.039969,-0.933938,605,605
8,8,63394,block_start,start,0.60,random_forest,8.532937,9.909477,-0.883993,605,605
8,8,63394,block_start,start,0.60,neural_net,7.691893,8.912144,-0.523850,605,605
8,8,63394,block_start,start,0.60,adaptive_imputation,6.376617,7.356975,-0.038428,605,605
9,9,71313,block_start,start,0.60,forward_fill,5.685686,6.307566,-2.862678,605,605
9,9,71313,block_start,start,0.60,linear_interpolation,2.918480,3.832335,-0.425909,605,605
9,9,71313,block_start,start,0.60,time_interpolation,2.918480,3.832335,-0.425909,605,605
9,9,71313,block_start,start,0.60,cubic_interpolation,33.484869,38.689080,-144.325466,605,605
9,9,71313,block_start,start,0.60,spline_interpolation,49.388736,54.380996,-286.117213,605,605
9,9,71313,block_start,start,0.60,moving_average,5.641884,6.283780,-2.833601,605,605
9,9,71313,block_start,start,0.60,knn,2.918480,3.832335,-0.425909,605,605
9,9,71313,block_start,start,0.60,knn_upgraded,3.451101,4.388964,-0.870204,605,605
9,9,71313,block_start,start,0.60,decision_tree,4.055862,4.999885,-1.427084,605,605
9,9,71313,block_start,start,0.60,random_forest,3.615629,4.572949,-1.030288,605,605
9,9,71313,block_start,start,0.60,neural_net,3.064625,3.921294,-0.492876,605,605
9,9,71313,block_start,start,0.60,adaptive_imputation,33.484869,38.689080,-144.325466,605,605
10,10,79232,block_start,start,0.60,forward_fill,4.059752,4.940555,-0.093270,605,605
10,10,79232,block_start,start,0.60,linear_interpolation,4.047536,5.215362,-0.218274,605,605
10,10,79232,block_start,start,0.60,time_interpolation,4.047536,5.215362,-0.218274,605,605
10,10,79232,block_start,start,0.60,cubic_interpolation,4.471858,5.686010,-0.448076,605,605
10,10,79232,block_start,start,0.60,spline_interpolation,4.230602,5.419353,-0.315440,605,605
10,10,79232,block_start,start,0.60,moving_average,3.967450,4.844605,-0.051218,605,605
10,10,79232,block_start,start,0.60,knn,4.047536,5.215362,-0.218274,605,605
10,10,79232,block_start,start,0.60,knn_upgraded,3.308310,4.394824,0.134914,605,605
10,10,79232,block_start,start,0.60,decision_tree,4.076812,5.248312,-0.233716,605,605
10,10,79232,block_start,start,0.60,random_forest,3.158124,4.192496,0.212734,605,605
10,10,79232,block_start,start,0.60,neural_net,3.432578,4.536742,0.078142,605,605
10,10,79232,block_start,start,0.60,adaptive_imputation,4.471858,5.686010,-0.448076,605,605
11,11,87151,block_start,start,0.60,forward_fill,4.916149,5.842400,-0.052578,605,605
11,11,87151,block_start,start,0.60,linear_interpolation,4.722459,5.514123,0.062385,605,605
11,11,87151,block_start,start,0.60,time_interpolation,4.722459,5.514123,0.062385,605,605
11,11,87151,block_start,start,0.60,cubic_interpolation,7.485933,9.179556,-1.598454,605,605
11,11,87151,block_start,start,0.60,spline_interpolation,9.237347,11.043578,-2.760896,605,605
11,11,87151,block_start,start,0.60,moving_average,4.903323,5.838398,-0.051136,605,605
11,11,87151,block_start,start,0.60,knn,4.722459,5.514123,0.062385,605,605
11,11,87151,block_start,start,0.60,knn_upgraded,4.736244,5.544363,0.052073,605,605
11,11,87151,block_start,start,0.60,decision_tree,4.734129,5.559991,0.046721,605,605
11,11,87151,block_start,start,0.60,random_forest,4.740735,5.542553,0.052692,605,605
11,11,87151,block_start,start,0.60,neural_net,4.788845,5.613964,0.028124,605,605
11,11,87151,block_start,start,0.60,adaptive_imputation,7.485933,9.179556,-1.598454,605,605
12,12,95070,block_start,start,0.60,forward_fill,1.581405,2.195108,-0.395921,605,605
12,12,95070,block_start,start,0.60,linear_interpolation,1.790652,2.515898,-0.833729,605,605
12,12,95070,block_start,start,0.60,time_interpolation,1.790652,2.515898,-0.833729,605,605
12,12,95070,block_start,start,0.60,cubic_interpolation,1.387331,1.911368,-0.058370,605,605
12,12,95070,block_start,start,0.60,spline_interpolation,1.436567,1.872927,-0.016227,605,605
12,12,95070,block_start,start,0.60,moving_average,1.575990,2.194147,-0.394699,605,605
12,12,95070,block_start,start,0.60,knn,1.790652,2.515898,-0.833729,605,605
12,12,95070,block_start,start,0.60,knn_upgraded,1.738235,2.447190,-0.734939,605,605
12,12,95070,block_start,start,0.60,decision_tree,1.722995,2.420205,-0.696889,605,605
12,12,95070,block_start,start,0.60,random_forest,1.730077,2.435069,-0.717796,605,605
12,12,95070,block_start,start,0.60,neural_net,1.772639,2.495463,-0.804061,605,605
12,12,95070,block_start,start,0.60,adaptive_imputation,1.387331,1.911368,-0.058370,605,605
13,13,102989,block_start,start,0.60,forward_fill,6.411967,7.457716,-2.691256,605,605
13,13,102989,block_start,start,0.60,linear_interpolation,4.452462,5.477594,-0.991325,605,605
13,13,102989,block_start,start,0.60,time_interpolation,4.452462,5.477594,-0.991325,605,605
13,13,102989,block_start,start,0.60,cubic_interpolation,5.134170,6.247869,-1.590755,605,605
13,13,102989,block_start,start,0.60,spline_interpolation,5.838237,6.959777,-2.214793,605,605
13,13,102989,block_start,start,0.60,moving_average,6.362777,7.439840,-2.673581,605,605
13,13,102989,block_start,start,0.60,knn,4.452462,5.477594,-0.991325,605,605
13,13,102989,block_start,start,0.60,knn_upgraded,4.834620,5.931626,-1.335124,605,605
13,13,102989,block_start,start,0.60,decision_tree,5.184343,6.286027,-1.622497,605,605
13,13,102989,block_start,start,0.60,random_forest,4.793358,5.883052,-1.297036,605,605
13,13,102989,block_start,start,0.60,neural_net,4.894529,5.904894,-1.314124,605,605
13,13,102989,block_start,start,0.60,adaptive_imputation,5.134170,6.247869,-1.590755,605,605
14,14,110908,block_start,start,0.60,forward_fill,1.597322,1.923034,-0.086195,605,605
14,14,110908,block_start,start,0.60,linear_interpolation,1.511378,1.990372,-0.163596,605,605
14,14,110908,block_start,start,0.60,time_interpolation,1.511378,1.990372,-0.163596,605,605
14,14,110908,block_start,start,0.60,cubic_interpolation,2.664912,3.095131,-1.813793,605,605
14,14,110908,block_start,start,0.60,spline_interpolation,3.247523,3.789979,-3.218983,605,605
14,14,110908,block_start,start,0.60,moving_average,1.590340,1.921205,-0.084130,605,605
14,14,110908,block_start,start,0.60,knn,1.511378,1.990372,-0.163596,605,605
14,14,110908,block_start,start,0.60,knn_upgraded,1.474798,1.926512,-0.090128,605,605
14,14,110908,block_start,start,0.60,decision_tree,1.454327,1.874297,-0.031836,605,605
14,14,110908,block_start,start,0.60,random_forest,1.455278,1.889071,-0.048168,605,605
14,14,110908,block_start,start,0.60,neural_net,1.500942,1.960923,-0.129419,605,605
14,14,110908,block_start,start,0.60,adaptive_imputation,2.664912,3.095131,-1.813793,605,605
15,15,118827,block_start,start,0.60,forward_fill,4.493074,5.532079,-0.049206,605,605
15,15,118827,block_start,start,0.60,linear_interpolation,4.466934,5.467680,-0.024921,605,605
15,15,118827,block_start,start,0.60,time_interpolation,4.466934,5.467680,-0.024921,605,605
15,15,118827,block_start,start,0.60,cubic_interpolation,4.174760,5.071797,0.118123,605,605
15,15,118827,block_start,start,0.60,spline_interpolation,4.477315,5.730478,-0.125812,605,605
15,15,118827,block_start,start,0.60,moving_average,4.490035,5.531860,-0.049124,605,605
15,15,118827,block_start,start,0.60,knn,4.466934,5.467680,-0.024921,605,605
15,15,118827,block_start,start,0.60,knn_upgraded,4.470918,5.477080,-0.028448,605,605
15,15,118827,block_start,start,0.60,decision_tree,4.477368,5.485043,-0.031441,605,605
15,15,118827,block_start,start,0.60,random_forest,4.474809,5.472859,-0.026864,605,605
15,15,118827,block_start,start,0.60,neural_net,4.472197,5.456171,-0.020611,605,605
15,15,118827,block_start,start,0.60,adaptive_imputation,4.174760,5.071797,0.118123,605,605
16,16,126746,block_start,start,0.60,forward_fill,2.448331,2.777155,-0.327632,605,605
16,16,126746,block_start,start,0.60,linear_interpolation,2.212296,2.701436,-0.256223,605,605
16,16,126746,block_start,start,0.60,time_interpolation,2.212296,2.701436,-0.256223,605,605
16,16,126746,block_start,start,0.60,cubic_interpolation,38.241671,44.601573,-341.434595,605,605
16,16,126746,block_start,start,0.60,spline_interpolation,56.257848,62.282271,-666.738108,605,605
16,16,126746,block_start,start,0.60,moving_average,2.413266,2.748989,-0.300838,605,605
16,16,126746,block_start,start,0.60,knn,2.212296,2.701436,-0.256223,605,605
16,16,126746,block_start,start,0.60,knn_upgraded,2.200714,2.626966,-0.187917,605,605
16,16,126746,block_start,start,0.60,decision_tree,2.291661,2.678740,-0.235203,605,605
16,16,126746,block_start,start,0.60,random_forest,2.237805,2.658861,-0.216938,605,605
16,16,126746,block_start,start,0.60,neural_net,2.393453,2.919747,-0.467465,605,605
16,16,126746,block_start,start,0.60,adaptive_imputation,38.241671,44.601573,-341.434595,605,605
17,17,134665,block_start,start,0.60,forward_fill,8.608083,9.691064,-3.678373,605,605
17,17,134665,block_start,start,0.60,linear_interpolation,6.586070,7.654226,-1.918465,605,605
17,17,134665,block_start,start,0.60,time_interpolation,6.586070,7.654226,-1.918465,605,605
17,17,134665,block_start,start,0.60,cubic_interpolation,14.719150,17.141122,-13.636269,605,605
17,17,134665,block_start,start,0.60,spline_interpolation,19.109597,21.426744,-21.869900,605,605
17,17,134665,block_start,start,0.60,moving_average,8.571933,9.682782,-3.670380,605,605
17,17,134665,block_start,start,0.60,knn,6.586070,7.654226,-1.918465,605,605
17,17,134665,block_start,start,0.60,knn_upgraded,7.062940,8.173525,-2.327903,605,605
17,17,134665,block_start,start,0.60,decision_tree,7.514989,8.592286,-2.677641,605,605
17,17,134665,block_start,start,0.60,random_forest,7.115620,8.212475,-2.359697,605,605
17,17,134665,block_start,start,0.60,neural_net,6.857524,7.977493,-2.170186,605,605
17,17,134665,block_start,start,0.60,adaptive_imputation,14.719150,17.141122,-13.636269,605,605
18,18,142584,block_start,start,0.60,forward_fill,3.267702,4.108090,-0.162120,605,605
18,18,142584,block_start,start,0.60,linear_interpolation,3.169529,3.764553,0.024116,605,605
18,18,142584,block_start,start,0.60,time_interpolation,3.169529,3.764553,0.024116,605,605
18,18,142584,block_start,start,0.60,cubic_interpolation,13.827093,16.494742,-17.735367,605,605
18,18,142584,block_start,start,0.60,spline_interpolation,19.879766,22.219778,-32.997780,605,605
18,18,142584,block_start,start,0.60,moving_average,3.220150,4.068419,-0.139784,605,605
18,18,142584,block_start,start,0.60,knn,3.169529,3.764553,0.024116,605,605
18,18,142584,block_start,start,0.60,knn_upgraded,3.029105,3.639374,0.087938,605,605
18,18,142584,block_start,start,0.60,decision_tree,3.020399,3.638378,0.088437,605,605
18,18,142584,block_start,start,0.60,random_forest,3.057377,3.638041,0.088606,605,605
18,18,142584,block_start,start,0.60,neural_net,3.156853,3.767300,0.022692,605,605
18,18,142584,block_start,start,0.60,adaptive_imputation,13.827093,16.494742,-17.735367,605,605
19,19,150503,block_start,start,0.60,forward_fill,1.631636,2.034014,-0.028733,605,605
19,19,150503,block_start,start,0.60,linear_interpolation,1.851926,2.339890,-0.361400,605,605
19,19,150503,block_start,start,0.60,time_interpolation,1.851926,2.339890,-0.361400,605,605
19,19,150503,block_start,start,0.60,cubic_interpolation,4.082399,4.930249,-5.044112,605,605
19,19,150503,block_start,start,0.60,spline_interpolation,5.884370,7.035096,-11.306510,605,605
19,19,150503,block_start,start,0.60,moving_average,1.605090,2.015228,-0.009818,605,605
19,19,150503,block_start,start,0.60,knn,1.851926,2.339890,-0.361400,605,605
19,19,150503,block_start,start,0.60,knn_upgraded,1.646570,2.121958,-0.119614,605,605
19,19,150503,block_start,start,0.60,decision_tree,1.521393,1.935209,0.068783,605,605
19,19,150503,block_start,start,0.60,random_forest,1.573995,2.005803,-0.000395,605,605
19,19,150503,block_start,start,0.60,neural_net,1.793375,2.311988,-0.329125,605,605
19,19,150503,block_start,start,0.60,adaptive_imputation,4.082399,4.930249,-5.044112,605,605
0,0,42,block_start,start,0.70,forward_fill,3.999391,4.538944,-2.115365,706,706
0,0,42,block_start,start,0.70,linear_interpolation,5.146531,5.842967,-4.162573,706,706
0,0,42,block_start,start,0.70,time_interpolation,5.146531,5.842967,-4.162573,706,706
0,0,42,block_start,start,0.70,cubic_interpolation,3.509432,4.738709,-2.395623,706,706
0,0,42,block_start,start,0.70,spline_interpolation,7.418310,8.824250,-10.774840,706,706
0,0,42,block_start,start,0.70,moving_average,3.982798,4.533857,-2.108387,706,706
0,0,42,block_start,start,0.70,knn,5.146531,5.842967,-4.162573,706,706
0,0,42,block_start,start,0.70,knn_upgraded,4.831807,5.520257,-3.608059,706,706
0,0,42,block_start,start,0.70,decision_tree,4.583074,5.261940,-3.186887,706,706
0,0,42,block_start,start,0.70,random_forest,4.673077,5.359662,-3.343844,706,706
0,0,42,block_start,start,0.70,neural_net,5.091216,5.798315,-4.083970,706,706
0,0,42,block_start,start,0.70,adaptive_imputation,3.509432,4.738709,-2.395623,706,706
1,1,7961,block_start,start,0.70,forward_fill,2.003201,2.575187,-0.062594,706,706
1,1,7961,block_start,start,0.70,linear_interpolation,2.229696,2.766186,-0.226062,706,706
1,1,7961,block_start,start,0.70,time_interpolation,2.229696,2.766186,-0.226062,706,706
1,1,7961,block_start,start,0.70,cubic_interpolation,12.411736,14.733816,-33.784059,706,706
1,1,7961,block_start,start,0.70,spline_interpolation,19.306154,21.229938,-71.218293,706,706
1,1,7961,block_start,start,0.70,moving_average,2.011574,2.578978,-0.065725,706,706
1,1,7961,block_start,start,0.70,knn,2.229696,2.766186,-0.226062,706,706
1,1,7961,block_start,start,0.70,knn_upgraded,2.146164,2.679008,-0.150000,706,706
1,1,7961,block_start,start,0.70,decision_tree,2.091262,2.618629,-0.098747,706,706
1,1,7961,block_start,start,0.70,random_forest,2.099441,2.626800,-0.105615,706,706
1,1,7961,block_start,start,0.70,neural_net,2.218385,2.766212,-0.226085,706,706
1,1,7961,block_start,start,0.70,adaptive_imputation,12.411736,14.733816,-33.784059,706,706
2,2,15880,block_start,start,0.70,forward_fill,2.074802,2.448401,-0.174677,706,706
2,2,15880,block_start,start,0.70,linear_interpolation,2.319313,2.796069,-0.531965,706,706
2,2,15880,block_start,start,0.70,time_interpolation,2.319313,2.796069,-0.531965,706,706
2,2,15880,block_start,start,0.70,cubic_interpolation,12.889838,14.708160,-41.390637,706,706
2,2,15880,block_start,start,0.70,spline_interpolation,18.474508,19.986917,-77.278924,706,706
2,2,15880,block_start,start,0.70,moving_average,2.065623,2.444981,-0.171397,706,706
2,2,15880,block_start,start,0.70,knn,2.319313,2.796069,-0.531965,706,706
2,2,15880,block_start,start,0.70,knn_upgraded,2.252927,2.720735,-0.450526,706,706
2,2,15880,block_start,start,0.70,decision_tree,2.336756,2.815847,-0.553715,706,706
2,2,15880,block_start,start,0.70,random_forest,2.259332,2.732855,-0.463479,706,706
2,2,15880,block_start,start,0.70,neural_net,2.327259,2.810538,-0.547861,706,706
2,2,15880,block_start,start,0.70,adaptive_imputation,12.889838,14.708160,-41.390637,706,706
3,3,23799,block_start,start,0.70,forward_fill,7.024717,8.278594,-2.497479,706,706
3,3,23799,block_start,start,0.70,linear_interpolation,6.391040,7.764682,-2.076729,706,706
3,3,23799,block_start,start,0.70,time_interpolation,6.391040,7.764682,-2.076729,706,706
3,3,23799,block_start,start,0.70,cubic_interpolation,4.277559,5.814650,-0.725397,706,706
3,3,23799,block_start,start,0.70,spline_interpolation,3.615410,4.885034,-0.217803,706,706
3,3,23799,block_start,start,0.70,moving_average,7.013886,8.277634,-2.496669,706,706
3,3,23799,block_start,start,0.70,knn,6.391040,7.764682,-2.076729,706,706
3,3,23799,block_start,start,0.70,knn_upgraded,6.556516,7.920361,-2.201341,706,706
3,3,23799,block_start,start,0.70,decision_tree,6.693651,8.044560,-2.302529,706,706
3,3,23799,block_start,start,0.70,random_forest,6.578393,7.941353,-2.218333,706,706
3,3,23799,block_start,start,0.70,neural_net,6.507315,7.908600,-2.191841,706,706
3,3,23799,block_start,start,0.70,adaptive_imputation,4.277559,5.814650,-0.725397,706,706
4,4,31718,block_start,start,0.70,forward_fill,4.152833,4.561306,-1.059874,706,706
4,4,31718,block_start,start,0.70,linear_interpolation,3.374852,3.865600,-0.479435,706,706
4,4,31718,block_start,start,0.70,time_interpolation,3.374852,3.865600,-0.479435,706,706
4,4,31718,block_start,start,0.70,cubic_interpolation,6.670524,7.509022,-4.582501,706,706
4,4,31718,block_start,start,0.70,spline_interpolation,8.265991,9.270580,-7.508947,706,706
4,4,31718,block_start,start,0.70,moving_average,4.140681,4.558632,-1.057459,706,706
4,4,31718,block_start,start,0.70,knn,3.374852,3.865600,-0.479435,706,706
4,4,31718,block_start,start,0.70,knn_upgraded,3.529703,4.009922,-0.591966,706,706
4,4,31718,block_start,start,0.70,decision_tree,3.713738,4.186734,-0.735453,706,706
4,4,31718,block_start,start,0.70,random_forest,3.673270,4.151110,-0.706045,706,706
4,4,31718,block_start,start,0.70,neural_net,3.420381,3.912597,-0.515627,706,706
4,4,31718,block_start,start,0.70,adaptive_imputation,6.670524,7.509022,-4.582501,706,706
5,5,39637,block_start,start,0.70,forward_fill,4.831728,6.589608,-0.877253,706,706
5,5,39637,block_start,start,0.70,linear_interpolation,4.965051,6.738137,-0.962833,706,706
5,5,39637,block_start,start,0.70,time_interpolation,4.965051,6.738137,-0.962833,706,706
5,5,39637,block_start,start,0.70,cubic_interpolation,32.796451,38.123803,-61.834210,706,706
5,5,39637,block_start,start,0.70,spline_interpolation,46.830680,51.294040,-112.746367,706,706
5,5,39637,block_start,start,0.70,moving_average,4.830881,6.589482,-0.877181,706,706
5,5,39637,block_start,start,0.70,knn,4.965051,6.738137,-0.962833,706,706
5,5,39637,block_start,start,0.70,knn_upgraded,4.976392,6.751322,-0.970523,706,706
5,5,39637,block_start,start,0.70,decision_tree,5.053608,6.832663,-1.018291,706,706
5,5,39637,block_start,start,0.70,random_forest,4.993629,6.773215,-0.983323,706,706
5,5,39637,block_start,start,0.70,neural_net,5.104939,6.891295,-1.053078,706,706
5,5,39637,block_start,start,0.70,adaptive_imputation,32.796451,38.123803,-61.834210,706,706
6,6,47556,block_start,start,0.70,forward_fill,6.301020,7.378460,-2.292202,706,706
6,6,47556,block_start,start,0.70,linear_interpolation,5.134371,6.341949,-1.432207,706,706
6,6,47556,block_start,start,0.70,time_interpolation,5.134371,6.341949,-1.432207,706,706
6,6,47556,block_start,start,0.70,cubic_interpolation,31.695674,37.747894,-85.166904,706,706
6,6,47556,block_start,start,0.70,spline_interpolation,47.590247,53.986510,-175.248544,706,706
6,6,47556,block_start,start,0.70,moving_average,6.281110,7.372553,-2.286933,706,706
6,6,47556,block_start,start,0.70,knn,5.134371,6.341949,-1.432207,706,706
6,6,47556,block_start,start,0.70,knn_upgraded,5.393643,6.581386,-1.619328,706,706
6,6,47556,block_start,start,0.70,decision_tree,5.634307,6.812411,-1.806446,706,706
6,6,47556,block_start,start,0.70,random_forest,5.383152,6.584040,-1.621440,706,706
6,6,47556,block_start,start,0.70,neural_net,5.160187,6.446512,-1.513070,706,706
6,6,47556,block_start,start,0.70,adaptive_imputation,31.695674,37.747894,-85.166904,706,706
7,7,55475,block_start,start,0.70,forward_fill,2.765850,3.549819,-0.842377,706,706
7,7,55475,block_start,start,0.70,linear_interpolation,2.793369,3.578924,-0.872711,706,706
7,7,55475,block_start,start,0.70,time_interpolation,2.793369,3.578924,-0.872711,706,706
7,7,55475,block_start,start,0.70,cubic_interpolation,2.913883,3.712301,-1.014895,706,706
7,7,55475,block_start,start,0.70,spline_interpolation,2.992560,3.805724,-1.117584,706,706
7,7,55475,block_start,start,0.70,moving_average,2.766931,3.549961,-0.842524,706,706
7,7,55475,block_start,start,0.70,knn,2.793369,3.578924,-0.872711,706,706
7,7,55475,block_start,start,0.70,knn_upgraded,2.778308,3.562021,-0.855064,706,706
7,7,55475,block_start,start,0.70,decision_tree,2.806127,3.592202,-0.886634,706,706
7,7,55475,block_start,start,0.70,random_forest,2.775830,3.561198,-0.854207,706,706
7,7,55475,block_start,start,0.70,neural_net,2.816392,3.603175,-0.898177,706,706
7,7,55475,block_start,start,0.70,adaptive_imputation,2.913883,3.712301,-1.014895,706,706
8,8,63394,block_start,start,0.70,forward_fill,12.868499,14.270119,-3.331373,706,706
8,8,63394,block_start,start,0.70,linear_interpolation,6.776790,7.991241,-0.358310,706,706
8,8,63394,block_start,start,0.70,time_interpolation,6.776790,7.991241,-0.358310,706,706
8,8,63394,block_start,start,0.70,cubic_interpolation,16.207223,18.990126,-6.670543,706,706
8,8,63394,block_start,start,0.70,spline_interpolation,21.761770,24.833904,-12.117782,706,706
8,8,63394,block_start,start,0.70,moving_average,12.754233,14.206087,-3.292590,706,706
8,8,63394,block_start,start,0.70,knn,6.776790,7.991241,-0.358310,706,706
8,8,63394,block_start,start,0.70,knn_upgraded,8.059153,9.487225,-0.914471,706,706
8,8,63394,block_start,start,0.70,decision_tree,9.143722,10.641286,-1.408567,706,706
8,8,63394,block_start,start,0.70,random_forest,8.369246,9.847476,-1.062625,706,706
8,8,63394,block_start,start,0.70,neural_net,7.088840,8.415324,-0.506302,706,706
8,8,63394,block_start,start,0.70,adaptive_imputation,16.207223,18.990126,-6.670543,706,706
9,9,71313,block_start,start,0.70,forward_fill,5.618003,6.199327,-3.139946,706,706
9,9,71313,block_start,start,0.70,linear_interpolation,4.996767,5.598165,-2.375957,706,706
9,9,71313,block_start,start,0.70,time_interpolation,4.996767,5.598165,-2.375957,706,706
9,9,71313,block_start,start,0.70,cubic_interpolation,4.199355,5.055594,-1.753278,706,706
9,9,71313,block_start,start,0.70,spline_interpolation,6.717229,7.769655,-5.502930,706,706
9,9,71313,block_start,start,0.70,moving_average,5.608430,6.198257,-3.138517,706,706
9,9,71313,block_start,start,0.70,knn,4.996767,5.598165,-2.375957,706,706
9,9,71313,block_start,start,0.70,knn_upgraded,5.114004,5.718711,-2.522913,706,706
9,9,71313,block_start,start,0.70,decision_tree,5.263374,5.886241,-2.732344,706,706
9,9,71313,block_start,start,0.70,random_forest,5.159375,5.783377,-2.603035,706,706
9,9,71313,block_start,start,0.70,neural_net,5.004195,5.607037,-2.386667,706,706
9,9,71313,block_start,start,0.70,adaptive_imputation,4.199355,5.055594,-1.753278,706,706
10,10,79232,block_start,start,0.70,forward_fill,4.575793,5.438984,-0.225580,706,706
10,10,79232,block_start,start,0.70,linear_interpolation,3.008483,3.990226,0.340369,706,706
10,10,79232,block_start,start,0.70,time_interpolation,3.008483,3.990226,0.340369,706,706
10,10,79232,block_start,start,0.70,cubic_interpolation,5.446139,6.612377,-0.811428,706,706
10,10,79232,block_start,start,0.70,spline_interpolation,7.245520,8.332264,-1.876286,706,706
10,10,79232,block_start,start,0.70,moving_average,4.532989,5.414415,-0.214532,706,706
10,10,79232,block_start,start,0.70,knn,3.008483,3.990226,0.340369,706,706
10,10,79232,block_start,start,0.70,knn_upgraded,3.115005,3.940151,0.356821,706,706
10,10,79232,block_start,start,0.70,decision_tree,3.345854,4.086677,0.308095,706,706
10,10,79232,block_start,start,0.70,random_forest,3.181485,3.970633,0.346831,706,706
10,10,79232,block_start,start,0.70,neural_net,2.959655,3.886322,0.374275,706,706
10,10,79232,block_start,start,0.70,adaptive_imputation,5.446139,6.612377,-0.811428,706,706
11,11,87151,block_start,start,0.70,forward_fill,4.746912,5.730710,-0.082354,706,706
11,11,87151,block_start,start,0.70,linear_interpolation,4.442404,5.156121,0.123809,706,706
11,11,87151,block_start,start,0.70,time_interpolation,4.442404,5.156121,0.123809,706,706
11,11,87151,block_start,start,0.70,cubic_interpolation,4.615762,5.621306,-0.041423,706,706
11,11,87151,block_start,start,0.70,spline_interpolation,5.189615,6.529347,-0.405051,706,706
11,11,87151,block_start,start,0.70,moving_average,4.723695,5.724722,-0.080094,706,706
11,11,87151,block_start,start,0.70,knn,4.442404,5.156121,0.123809,706,706
11,11,87151,block_start,start,0.70,knn_upgraded,4.459262,5.203159,0.107750,706,706
11,11,87151,block_start,start,0.70,decision_tree,4.447814,5.226887,0.099593,706,706
11,11,87151,block_start,start,0.70,random_forest,4.415402,5.155691,0.123955,706,706
11,11,87151,block_start,start,0.70,neural_net,4.475874,5.178929,0.116040,706,706
11,11,87151,block_start,start,0.70,adaptive_imputation,4.615762,5.621306,-0.041423,706,706
12,12,95070,block_start,start,0.70,forward_fill,1.701402,2.316631,-0.362300,706,706
12,12,95070,block_start,start,0.70,linear_interpolation,2.865990,3.712457,-2.498500,706,706
12,12,95070,block_start,start,0.70,time_interpolation,2.865990,3.712457,-2.498500,706,706
12,12,95070,block_start,start,0.70,cubic_interpolation,6.967092,8.381013,-16.830029,706,706
12,12,95070,block_start,start,0.70,spline_interpolation,12.032015,13.502697,-45.280713,706,706
12,12,95070,block_start,start,0.70,moving_average,1.676667,2.299269,-0.341957,706,706
12,12,95070,block_start,start,0.70,knn,2.865990,3.712457,-2.498500,706,706
12,12,95070,block_start,start,0.70,knn_upgraded,2.520034,3.365974,-1.875945,706,706
12,12,95070,block_start,start,0.70,decision_tree,2.385332,3.158081,-1.531661,706,706
12,12,95070,block_start,start,0.70,random_forest,2.586043,3.433666,-1.992781,706,706
12,12,95070,block_start,start,0.70,neural_net,2.432443,3.272956,-1.719188,706,706
12,12,95070,block_start,start,0.70,adaptive_imputation,6.967092,8.381013,-16.830029,706,706
13,13,102989,block_start,start,0.70,forward_fill,6.297436,7.269083,-2.869317,706,706
13,13,102989,block_start,start,0.70,linear_interpolation,5.021864,6.152028,-1.771480,706,706
13,13,102989,block_start,start,0.70,time_interpolation,5.021864,6.152028,-1.771480,706,706
13,13,102989,block_start,start,0.70,cubic_interpolation,5.277854,6.401973,-2.001254,706,706
13,13,102989,block_start,start,0.70,spline_interpolation,5.553452,6.678477,-2.266103,706,706
13,13,102989,block_start,start,0.70,moving_average,6.274562,7.264621,-2.864569,706,706
13,13,102989,block_start,start,0.70,knn,5.021864,6.152028,-1.771480,706,706
13,13,102989,block_start,start,0.70,knn_upgraded,5.321552,6.440484,-2.037471,706,706
13,13,102989,block_start,start,0.70,decision_tree,5.556078,6.643922,-2.232393,706,706
13,13,102989,block_start,start,0.70,random_forest,5.468292,6.568980,-2.159883,706,706
13,13,102989,block_start,start,0.70,neural_net,5.124804,6.264923,-1.874131,706,706
13,13,102989,block_start,start,0.70,adaptive_imputation,5.277854,6.401973,-2.001254,706,706
14,14,110908,block_start,start,0.70,forward_fill,1.544278,1.840131,-0.025246,706,706
14,14,110908,block_start,start,0.70,linear_interpolation,1.357580,1.897792,-0.090505,706,706
14,14,110908,block_start,start,0.70,time_interpolation,1.357580,1.897792,-0.090505,706,706
14,14,110908,block_start,start,0.70,cubic_interpolation,1.381759,1.934741,-0.133381,706,706
14,14,110908,block_start,start,0.70,spline_interpolation,1.348984,1.886784,-0.077890,706,706
14,14,110908,block_start,start,0.70,moving_average,1.533372,1.835930,-0.020569,706,706
14,14,110908,block_start,start,0.70,knn,1.357580,1.897792,-0.090505,706,706
14,14,110908,block_start,start,0.70,knn_upgraded,1.286584,1.795831,0.023525,706,706
14,14,110908,block_start,start,0.70,decision_tree,1.259856,1.737025,0.086429,706,706
14,14,110908,block_start,start,0.70,random_forest,1.254101,1.757474,0.064792,706,706
14,14,110908,block_start,start,0.70,neural_net,1.351911,1.878984,-0.068997,706,706
14,14,110908,block_start,start,0.70,adaptive_imputation,1.381759,1.934741,-0.133381,706,706
15,15,118827,block_start,start,0.70,forward_fill,4.497805,5.494804,-0.005417,706,706
15,15,118827,block_start,start,0.70,linear_interpolation,4.901210,5.722438,-0.090446,706,706
15,15,118827,block_start,start,0.70,time_interpolation,4.901210,5.722438,-0.090446,706,706
15,15,118827,block_start,start,0.70,cubic_interpolation,5.240822,6.630842,-0.464129,706,706
15,15,118827,block_start,start,0.70,spline_interpolation,5.987144,7.602552,-0.924689,706,706
15,15,118827,block_start,start,0.70,moving_average,4.509915,5.499281,-0.007056,706,706
15,15,118827,block_start,start,0.70,knn,4.901210,5.722438,-0.090446,706,706
15,15,118827,block_start,start,0.70,knn_upgraded,4.843288,5.664589,-0.068510,706,706
15,15,118827,block_start,start,0.70,decision_tree,4.797899,5.597759,-0.043447,706,706
15,15,118827,block_start,start,0.70,random_forest,4.804628,5.613580,-0.049353,706,706
15,15,118827,block_start,start,0.70,neural_net,4.909753,5.736991,-0.095999,706,706
15,15,118827,block_start,start,0.70,adaptive_imputation,5.240822,6.630842,-0.464129,706,706
16,16,126746,block_start,start,0.70,forward_fill,2.408527,2.747753,-0.417941,706,706
16,16,126746,block_start,start,0.70,linear_interpolation,2.090656,2.391256,-0.073879,706,706
16,16,126746,block_start,start,0.70,time_interpolation,2.090656,2.391256,-0.073879,706,706
16,16,126746,block_start,start,0.70,cubic_interpolation,6.973214,7.959293,-10.897394,706,706
16,16,126746,block_start,start,0.70,spline_interpolation,10.102561,11.143762,-22.322036,706,706
16,16,126746,block_start,start,0.70,moving_average,2.399112,2.743704,-0.413765,706,706
16,16,126746,block_start,start,0.70,knn,2.090656,2.391256,-0.073879,706,706
16,16,126746,block_start,start,0.70,knn_upgraded,2.149122,2.449056,-0.126420,706,706
16,16,126746,block_start,start,0.70,decision_tree,2.224036,2.552096,-0.223198,706,706
16,16,126746,block_start,start,0.70,random_forest,2.175228,2.488653,-0.163139,706,706
16,16,126746,block_start,start,0.70,neural_net,2.161025,2.458611,-0.135227,706,706
16,16,126746,block_start,start,0.70,adaptive_imputation,6.973214,7.959293,-10.897394,706,706
17,17,134665,block_start,start,0.70,forward_fill,8.154618,9.209283,-3.578983,706,706
17,17,134665,block_start,start,0.70,linear_interpolation,5.965155,7.307078,-1.882736,706,706
17,17,134665,block_start,start,0.70,time_interpolation,5.965155,7.307078,-1.882736,706,706
17,17,134665,block_start,start,0.70,cubic_interpolation,12.360398,14.283493,-10.015046,706,706
17,17,134665,block_start,start,0.70,spline_interpolation,15.852649,17.894414,-16.288304,706,706
17,17,134665,block_start,start,0.70,moving_average,8.119968,9.200088,-3.569844,706,706
17,17,134665,block_start,start,0.70,knn,5.965155,7.307078,-1.882736,706,706
17,17,134665,block_start,start,0.70,knn_upgraded,6.514820,7.840438,-2.318930,706,706
17,17,134665,block_start,start,0.70,decision_tree,7.008082,8.241396,-2.667068,706,706
17,17,134665,block_start,start,0.70,random_forest,6.730928,7.993573,-2.449843,706,706
17,17,134665,block_start,start,0.70,neural_net,6.070799,7.426772,-1.977952,706,706
17,17,134665,block_start,start,0.70,adaptive_imputation,12.360398,14.283493,-10.015046,706,706
18,18,142584,block_start,start,0.70,forward_fill,2.995963,3.861246,-0.148707,706,706
18,18,142584,block_start,start,0.70,linear_interpolation,2.932800,3.598872,0.002099,706,706
18,18,142584,block_start,start,0.70,time_interpolation,2.932800,3.598872,0.002099,706,706
18,18,142584,block_start,start,0.70,cubic_interpolation,13.342797,15.685109,-17.955255,706,706
18,18,142584,block_start,start,0.70,spline_interpolation,19.204503,21.625549,-35.032037,706,706
18,18,142584,block_start,start,0.70,moving_average,2.992093,3.860225,-0.148100,706,706
18,18,142584,block_start,start,0.70,knn,2.932800,3.598872,0.002099,706,706
18,18,142584,block_start,start,0.70,knn_upgraded,2.928608,3.654807,-0.029161,706,706
18,18,142584,block_start,start,0.70,decision_tree,2.926384,3.683007,-0.045104,706,706
18,18,142584,block_start,start,0.70,random_forest,2.921021,3.668362,-0.036809,706,706
18,18,142584,block_start,start,0.70,neural_net,2.927064,3.618942,-0.009062,706,706
18,18,142584,block_start,start,0.70,adaptive_imputation,13.342797,15.685109,-17.955255,706,706
19,19,150503,block_start,start,0.70,forward_fill,1.816955,2.234265,-0.003264,706,706
19,19,150503,block_start,start,0.70,linear_interpolation,3.227650,3.543099,-1.522973,706,706
19,19,150503,block_start,start,0.70,time_interpolation,3.227650,3.543099,-1.522973,706,706
19,19,150503,block_start,start,0.70,cubic_interpolation,2.045816,2.320914,-0.082590,706,706
19,19,150503,block_start,start,0.70,spline_interpolation,2.494831,3.100145,-0.931568,706,706
19,19,150503,block_start,start,0.70,moving_average,1.766471,2.156464,0.065390,706,706
19,19,150503,block_start,start,0.70,knn,3.227650,3.543099,-1.522973,706,706
19,19,150503,block_start,start,0.70,knn_upgraded,2.433608,2.766961,-0.538693,706,706
19,19,150503,block_start,start,0.70,decision_tree,1.919779,2.213731,0.015092,706,706
19,19,150503,block_start,start,0.70,random_forest,2.269258,2.590095,-0.348272,706,706
19,19,150503,block_start,start,0.70,neural_net,3.697111,4.035307,-2.272646,706,706
19,19,150503,block_start,start,0.70,adaptive_imputation,2.045816,2.320914,-0.082590,706,706
0,0,42,block_start,start,0.80,forward_fill,4.255868,4.793013,-0.383488,806,806
0,0,42,block_start,start,0.80,linear_interpolation,5.259930,6.075162,-1.222665,806,806
0,0,42,block_start,start,0.80,time_interpolation,5.259930,6.075162,-1.222665,806,806
0,0,42,block_start,start,0.80,cubic_interpolation,23.765730,27.853168,-45.720494,806,806
0,0,42,block_start,start,0.80,spline_interpolation,32.987328,36.910739,-81.047187,806,806
0,0,42,block_start,start,0.80,moving_average,4.230114,4.781263,-0.376713,806,806
0,0,42,block_start,start,0.80,knn,5.259930,6.075162,-1.222665,806,806
0,0,42,block_start,start,0.80,knn_upgraded,4.851820,5.615965,-0.899359,806,806
0,0,42,block_start,start,0.80,decision_tree,4.556929,5.290623,-0.685667,806,806
0,0,42,block_start,start,0.80,random_forest,4.866194,5.613338,-0.897582,806,806
0,0,42,block_start,start,0.80,neural_net,4.629393,5.454737,-0.791867,806,806
0,0,42,block_start,start,0.80,adaptive_imputation,4.255868,4.793013,-0.383488,806,806
1,1,7961,block_start,start,0.80,forward_fill,2.462233,3.219065,-0.002480,806,806
1,1,7961,block_start,start,0.80,linear_interpolation,2.600800,3.155041,0.037001,806,806
1,1,7961,block_start,start,0.80,time_interpolation,2.600800,3.155041,0.037001,806,806
1,1,7961,block_start,start,0.80,cubic_interpolation,8.715043,10.235728,-9.135694,806,806
1,1,7961,block_start,start,0.80,spline_interpolation,11.958160,13.648802,-17.022086,806,806
1,1,7961,block_start,start,0.80,moving_average,2.443146,3.206912,0.005076,806,806
1,1,7961,block_start,start,0.80,knn,2.600800,3.155041,0.037001,806,806
1,1,7961,block_start,start,0.80,knn_upgraded,2.464030,3.014572,0.120841,806,806
1,1,7961,block_start,start,0.80,decision_tree,2.419373,2.972841,0.145013,806,806
1,1,7961,block_start,start,0.80,random_forest,2.473146,3.022197,0.116388,806,806
1,1,7961,block_start,start,0.80,neural_net,2.621689,3.175992,0.024168,806,806
1,1,7961,block_start,start,0.80,adaptive_imputation,2.462233,3.219065,-0.002480,806,806
2,2,15880,block_start,start,0.80,forward_fill,2.004591,2.366545,-0.207889,806,806
2,2,15880,block_start,start,0.80,linear_interpolation,1.782718,2.183292,-0.028066,806,806
2,2,15880,block_start,start,0.80,time_interpolation,1.782718,2.183292,-0.028066,806,806
2,2,15880,block_start,start,0.80,cubic_interpolation,2.200979,2.895741,-0.808494,806,806
2,2,15880,block_start,start,0.80,spline_interpolation,2.558924,3.269675,-1.305721,806,806
2,2,15880,block_start,start,0.80,moving_average,1.988852,2.358685,-0.199879,806,806
2,2,15880,block_start,start,0.80,knn,1.782718,2.183292,-0.028066,806,806
2,2,15880,block_start,start,0.80,knn_upgraded,1.788566,2.150137,0.002920,806,806
2,2,15880,block_start,start,0.80,decision_tree,1.821420,2.151360,0.001786,806,806
2,2,15880,block_start,start,0.80,random_forest,1.791636,2.142165,0.010300,806,806
2,2,15880,block_start,start,0.80,neural_net,1.764964,2.143879,0.008716,806,806
2,2,15880,block_start,start,0.80,adaptive_imputation,2.004591,2.366545,-0.207889,806,806
3,3,23799,block_start,start,0.80,forward_fill,6.309615,7.765686,-1.839949,806,806
3,3,23799,block_start,start,0.80,linear_interpolation,5.339927,6.891601,-1.236614,806,806
3,3,23799,block_start,start,0.80,time_interpolation,5.339927,6.891601,-1.236614,806,806
3,3,23799,block_start,start,0.80,cubic_interpolation,12.063498,13.786758,-7.951074,806,806
3,3,23799,block_start,start,0.80,spline_interpolation,15.826028,17.799914,-13.920612,806,806
3,3,23799,block_start,start,0.80,moving_average,6.289064,7.761820,-1.837121,806,806
3,3,23799,block_start,start,0.80,knn,5.339927,6.891601,-1.236614,806,806
3,3,23799,block_start,start,0.80,knn_upgraded,5.618092,7.196544,-1.438927,806,806
3,3,23799,block_start,start,0.80,decision_tree,5.750582,7.352833,-1.546011,806,806
3,3,23799,block_start,start,0.80,random_forest,5.544022,7.119384,-1.386908,806,806
3,3,23799,block_start,start,0.80,neural_net,5.391308,6.968034,-1.286501,806,806
3,3,23799,block_start,start,0.80,adaptive_imputation,6.309615,7.765686,-1.839949,806,806
4,4,31718,block_start,start,0.80,forward_fill,4.402159,4.880493,-1.238920,806,806
4,4,31718,block_start,start,0.80,linear_interpolation,3.736654,4.246769,-0.695229,806,806
4,4,31718,block_start,start,0.80,time_interpolation,3.736654,4.246769,-0.695229,806,806
4,4,31718,block_start,start,0.80,cubic_interpolation,4.377326,4.911787,-1.267724,806,806
4,4,31718,block_start,start,0.80,spline_interpolation,6.360800,7.162098,-3.821605,806,806
4,4,31718,block_start,start,0.80,moving_average,4.392572,4.877697,-1.236355,806,806
4,4,31718,block_start,start,0.80,knn,3.736654,4.246769,-0.695229,806,806
4,4,31718,block_start,start,0.80,knn_upgraded,3.860733,4.364054,-0.790158,806,806
4,4,31718,block_start,start,0.80,decision_tree,3.985280,4.485458,-0.891145,806,806
4,4,31718,block_start,start,0.80,random_forest,4.005190,4.511936,-0.913537,806,806
4,4,31718,block_start,start,0.80,neural_net,3.818602,4.341569,-0.771758,806,806
4,4,31718,block_start,start,0.80,adaptive_imputation,4.402159,4.880493,-1.238920,806,806
5,5,39637,block_start,start,0.80,forward_fill,4.639876,6.301799,-0.912251,806,806
5,5,39637,block_start,start,0.80,linear_interpolation,3.919386,5.537005,-0.476270,806,806
5,5,39637,block_start,start,0.80,time_interpolation,3.919386,5.537005,-0.476270,806,806
5,5,39637,block_start,start,0.80,cubic_interpolation,7.921134,9.986372,-3.802102,806,806
5,5,39637,block_start,start,0.80,spline_interpolation,10.105479,11.916482,-5.837732,806,806
5,5,39637,block_start,start,0.80,moving_average,4.626767,6.299682,-0.910967,806,806
5,5,39637,block_start,start,0.80,knn,3.919386,5.537005,-0.476270,806,806
5,5,39637,block_start,start,0.80,knn_upgraded,4.061995,5.718278,-0.574514,806,806
5,5,39637,block_start,start,0.80,decision_tree,4.175824,5.828746,-0.635936,806,806
5,5,39637,block_start,start,0.80,random_forest,4.087662,5.732421,-0.582312,806,806
5,5,39637,block_start,start,0.80,neural_net,3.949249,5.568741,-0.493241,806,806
5,5,39637,block_start,start,0.80,adaptive_imputation,4.639876,6.301799,-0.912251,806,806
6,6,47556,block_start,start,0.80,forward_fill,5.720285,6.945237,-1.783306,806,806
6,6,47556,block_start,start,0.80,linear_interpolation,4.463470,5.666972,-0.853057,806,806
6,6,47556,block_start,start,0.80,time_interpolation,4.463470,5.666972,-0.853057,806,806
6,6,47556,block_start,start,0.80,cubic_interpolation,10.028035,11.597963,-6.761581,806,806
6,6,47556,block_start,start,0.80,spline_interpolation,13.913629,15.714958,-13.249945,806,806
6,6,47556,block_start,start,0.80,moving_average,5.690411,6.935513,-1.775517,806,806
6,6,47556,block_start,start,0.80,knn,4.463470,5.666972,-0.853057,806,806
6,6,47556,block_start,start,0.80,knn_upgraded,4.797911,6.049946,-1.111980,806,806
6,6,47556,block_start,start,0.80,decision_tree,5.095233,6.383167,-1.351035,806,806
6,6,47556,block_start,start,0.80,random_forest,5.014744,6.294577,-1.286230,806,806
6,6,47556,block_start,start,0.80,neural_net,4.676324,5.939051,-1.035265,806,806
6,6,47556,block_start,start,0.80,adaptive_imputation,5.720285,6.945237,-1.783306,806,806
7,7,55475,block_start,start,0.80,forward_fill,2.603474,3.391980,-0.556403,806,806
7,7,55475,block_start,start,0.80,linear_interpolation,2.602410,3.238853,-0.419052,806,806
7,7,55475,block_start,start,0.80,time_interpolation,2.602410,3.238853,-0.419052,806,806
7,7,55475,block_start,start,0.80,cubic_interpolation,2.604182,3.166450,-0.356316,806,806
7,7,55475,block_start,start,0.80,spline_interpolation,2.561401,3.106254,-0.305237,806,806
7,7,55475,block_start,start,0.80,moving_average,2.590501,3.387215,-0.552034,806,806
7,7,55475,block_start,start,0.80,knn,2.602410,3.238853,-0.419052,806,806
7,7,55475,block_start,start,0.80,knn_upgraded,2.665108,3.331726,-0.501599,806,806
7,7,55475,block_start,start,0.80,decision_tree,2.759566,3.450594,-0.610658,806,806
7,7,55475,block_start,start,0.80,random_forest,2.699386,3.366292,-0.532919,806,806
7,7,55475,block_start,start,0.80,neural_net,2.709479,3.369358,-0.535712,806,806
7,7,55475,block_start,start,0.80,adaptive_imputation,2.603474,3.391980,-0.556403,806,806
8,8,63394,block_start,start,0.80,forward_fill,13.451588,14.728588,-3.905346,806,806
8,8,63394,block_start,start,0.80,linear_interpolation,5.753088,7.032775,-0.118410,806,806
8,8,63394,block_start,start,0.80,time_interpolation,5.753088,7.032775,-0.118410,806,806
8,8,63394,block_start,start,0.80,cubic_interpolation,7.669867,9.131522,-0.885531,806,806
8,8,63394,block_start,start,0.80,spline_interpolation,9.631380,11.503250,-1.992186,806,806
8,8,63394,block_start,start,0.80,moving_average,13.325976,14.654358,-3.856026,806,806
8,8,63394,block_start,start,0.80,knn,5.753088,7.032775,-0.118410,806,806
8,8,63394,block_start,start,0.80,knn_upgraded,7.340321,8.824809,-0.760995,806,806
8,8,63394,block_start,start,0.80,decision_tree,8.614425,10.115091,-1.313594,806,806
8,8,63394,block_start,start,0.80,random_forest,7.725533,9.139797,-0.888950,806,806
8,8,63394,block_start,start,0.80,neural_net,5.198135,6.487054,0.048426,806,806
8,8,63394,block_start,start,0.80,adaptive_imputation,13.451588,14.728588,-3.905346,806,806
9,9,71313,block_start,start,0.80,forward_fill,5.448015,6.152657,-2.616093,806,806
9,9,71313,block_start,start,0.80,linear_interpolation,3.001704,3.965979,-0.502502,806,806
9,9,71313,block_start,start,0.80,time_interpolation,3.001704,3.965979,-0.502502,806,806
9,9,71313,block_start,start,0.80,cubic_interpolation,8.642065,10.103974,-8.752112,806,806
9,9,71313,block_start,start,0.80,spline_interpolation,11.728632,13.045250,-15.256198,806,806
9,9,71313,block_start,start,0.80,moving_average,5.384300,6.102018,-2.556814,806,806
9,9,71313,block_start,start,0.80,knn,3.001704,3.965979,-0.502502,806,806
9,9,71313,block_start,start,0.80,knn_upgraded,3.456908,4.361388,-0.817037,806,806
9,9,71313,block_start,start,0.80,decision_tree,3.895048,4.705007,-1.114632,806,806
9,9,71313,block_start,start,0.80,random_forest,3.582229,4.417713,-0.864272,806,806
9,9,71313,block_start,start,0.80,neural_net,3.502482,4.544920,-0.973180,806,806
9,9,71313,block_start,start,0.80,adaptive_imputation,5.448015,6.152657,-2.616093,806,806
10,10,79232,block_start,start,0.80,forward_fill,4.705558,5.478143,-0.334094,806,806
10,10,79232,block_start,start,0.80,linear_interpolation,3.473565,4.222776,0.207287,806,806
10,10,79232,block_start,start,0.80,time_interpolation,3.473565,4.222776,0.207287,806,806
10,10,79232,block_start,start,0.80,cubic_interpolation,3.197761,4.012709,0.284195,806,806
10,10,79232,block_start,start,0.80,spline_interpolation,3.199482,4.037857,0.275194,806,806
10,10,79232,block_start,start,0.80,moving_average,4.678804,5.468409,-0.329357,806,806
10,10,79232,block_start,start,0.80,knn,3.473565,4.222776,0.207287,806,806
10,10,79232,block_start,start,0.80,knn_upgraded,3.671997,4.390132,0.143209,806,806
10,10,79232,block_start,start,0.80,decision_tree,3.867625,4.551375,0.079116,806,806
10,10,79232,block_start,start,0.80,random_forest,3.842061,4.537685,0.084647,806,806
10,10,79232,block_start,start,0.80,neural_net,3.468800,4.226065,0.206052,806,806
10,10,79232,block_start,start,0.80,adaptive_imputation,4.705558,5.478143,-0.334094,806,806
11,11,87151,block_start,start,0.80,forward_fill,4.418995,5.427165,-0.101258,806,806
11,11,87151,block_start,start,0.80,linear_interpolation,4.114976,5.039442,0.050472,806,806
11,11,87151,block_start,start,0.80,time_interpolation,4.114976,5.039442,0.050472,806,806
11,11,87151,block_start,start,0.80,cubic_interpolation,12.784204,15.503718,-7.986998,806,806
11,11,87151,block_start,start,0.80,spline_interpolation,17.676964,20.440448,-14.621538,806,806
11,11,87151,block_start,start,0.80,moving_average,4.405959,5.424749,-0.100277,806,806
11,11,87151,block_start,start,0.80,knn,4.114976,5.039442,0.050472,806,806
11,11,87151,block_start,start,0.80,knn_upgraded,4.153879,5.106336,0.025096,806,806
11,11,87151,block_start,start,0.80,decision_tree,4.156309,5.124319,0.018218,806,806
11,11,87151,block_start,start,0.80,random_forest,4.143283,5.096232,0.028951,806,806
11,11,87151,block_start,start,0.80,neural_net,4.153922,5.115125,0.021737,806,806
11,11,87151,block_start,start,0.80,adaptive_imputation,4.418995,5.427165,-0.101258,806,806
12,12,95070,block_start,start,0.80,forward_fill,1.668102,2.255367,-0.213205,806,806
12,12,95070,block_start,start,0.80,linear_interpolation,1.617024,2.134455,-0.086610,806,806
12,12,95070,block_start,start,0.80,time_interpolation,1.617024,2.134455,-0.086610,806,806
12,12,95070,block_start,start,0.80,cubic_interpolation,7.333711,8.542159,-16.403438,806,806
12,12,95070,block_start,start,0.80,spline_interpolation,11.265899,12.274972,-34.936913,806,806
12,12,95070,block_start,start,0.80,moving_average,1.664267,2.254511,-0.212285,806,806
12,12,95070,block_start,start,0.80,knn,1.617024,2.134455,-0.086610,806,806
12,12,95070,block_start,start,0.80,knn_upgraded,1.628802,2.166213,-0.119185,806,806
12,12,95070,block_start,start,0.80,decision_tree,1.615423,2.126994,-0.079027,806,806
12,12,95070,block_start,start,0.80,random_forest,1.619404,2.143290,-0.095624,806,806
12,12,95070,block_start,start,0.80,neural_net,1.634684,2.159791,-0.112559,806,806
12,12,95070,block_start,start,0.80,adaptive_imputation,1.668102,2.255367,-0.213205,806,806
13,13,102989,block_start,start,0.80,forward_fill,6.142072,7.062437,-2.971749,806,806
13,13,102989,block_start,start,0.80,linear_interpolation,3.893396,5.017553,-1.004733,806,806
13,13,102989,block_start,start,0.80,time_interpolation,3.893396,5.017553,-1.004733,806,806
13,13,102989,block_start,start,0.80,cubic_interpolation,5.996685,7.234828,-3.168013,806,806
13,13,102989,block_start,start,0.80,spline_interpolation,7.782307,9.053936,-5.527508,806,806
13,13,102989,block_start,start,0.80,moving_average,6.097144,7.040936,-2.947602,806,806
13,13,102989,block_start,start,0.80,knn,3.893396,5.017553,-1.004733,806,806
13,13,102989,block_start,start,0.80,knn_upgraded,4.311794,5.532174,-1.437049,806,806
13,13,102989,block_start,start,0.80,decision_tree,4.621863,5.859322,-1.733803,806,806
13,13,102989,block_start,start,0.80,random_forest,4.614157,5.852333,-1.727285,806,806
13,13,102989,block_start,start,0.80,neural_net,4.179935,5.354332,-1.282880,806,806
13,13,102989,block_start,start,0.80,adaptive_imputation,6.142072,7.062437,-2.971749,806,806
14,14,110908,block_start,start,0.80,forward_fill,1.440943,1.750664,-0.009213,806,806
14,14,110908,block_start,start,0.80,linear_interpolation,1.352037,1.719635,0.026244,806,806
14,14,110908,block_start,start,0.80,time_interpolation,1.352037,1.719635,0.026244,806,806
14,14,110908,block_start,start,0.80,cubic_interpolation,12.348129,14.033630,-63.851140,806,806
14,14,110908,block_start,start,0.80,spline_interpolation,18.314907,20.026442,-131.064227,806,806
14,14,110908,block_start,start,0.80,moving_average,1.438814,1.750424,-0.008937,806,806
14,14,110908,block_start,start,0.80,knn,1.352037,1.719635,0.026244,806,806
14,14,110908,block_start,start,0.80,knn_upgraded,1.357721,1.704801,0.042971,806,806
14,14,110908,block_start,start,0.80,decision_tree,1.360949,1.702564,0.045481,806,806
14,14,110908,block_start,start,0.80,random_forest,1.362634,1.705357,0.042347,806,806
14,14,110908,block_start,start,0.80,neural_net,1.332712,1.698102,0.050478,806,806
14,14,110908,block_start,start,0.80,adaptive_imputation,1.440943,1.750664,-0.009213,806,806
15,15,118827,block_start,start,0.80,forward_fill,4.564529,5.534791,-0.023663,806,806
15,15,118827,block_start,start,0.80,linear_interpolation,5.070932,6.343410,-0.344621,806,806
15,15,118827,block_start,start,0.80,time_interpolation,5.070932,6.343410,-0.344621,806,806
15,15,118827,block_start,start,0.80,cubic_interpolation,52.770399,61.654429,-126.023195,806,806
15,15,118827,block_start,start,0.80,spline_interpolation,77.160371,85.439294,-242.932565,806,806
15,15,118827,block_start,start,0.80,moving_average,4.537809,5.523738,-0.019578,806,806
15,15,118827,block_start,start,0.80,knn,5.070932,6.343410,-0.344621,806,806
15,15,118827,block_start,start,0.80,knn_upgraded,4.913186,6.116671,-0.250215,806,806
15,15,118827,block_start,start,0.80,decision_tree,4.809169,5.992192,-0.199847,806,806
15,15,118827,block_start,start,0.80,random_forest,4.850555,6.052781,-0.224234,806,806
15,15,118827,block_start,start,0.80,neural_net,5.150114,6.416412,-0.375748,806,806
15,15,118827,block_start,start,0.80,adaptive_imputation,4.564529,5.534791,-0.023663,806,806
16,16,126746,block_start,start,0.80,forward_fill,2.594094,3.010935,-0.531284,806,806
16,16,126746,block_start,start,0.80,linear_interpolation,2.854957,3.327131,-0.869790,806,806
16,16,126746,block_start,start,0.80,time_interpolation,2.854957,3.327131,-0.869790,806,806
16,16,126746,block_start,start,0.80,cubic_interpolation,11.255330,13.375512,-29.218560,806,806
16,16,126746,block_start,start,0.80,spline_interpolation,17.296971,19.594210,-63.849769,806,806
16,16,126746,block_start,start,0.80,moving_average,2.592774,3.010771,-0.531117,806,806
16,16,126746,block_start,start,0.80,knn,2.854957,3.327131,-0.869790,806,806
16,16,126746,block_start,start,0.80,knn_upgraded,2.772142,3.229965,-0.762173,806,806
16,16,126746,block_start,start,0.80,decision_tree,2.703454,3.150118,-0.676125,806,806
16,16,126746,block_start,start,0.80,random_forest,2.684639,3.128020,-0.652692,806,806
16,16,126746,block_start,start,0.80,neural_net,2.784158,3.240380,-0.773555,806,806
16,16,126746,block_start,start,0.80,adaptive_imputation,2.594094,3.010935,-0.531284,806,806
17,17,134665,block_start,start,0.80,forward_fill,7.742370,8.792441,-3.408404,806,806
17,17,134665,block_start,start,0.80,linear_interpolation,5.997217,7.394497,-2.118026,806,806
17,17,134665,block_start,start,0.80,time_interpolation,5.997217,7.394497,-2.118026,806,806
17,17,134665,block_start,start,0.80,cubic_interpolation,6.959279,8.288028,-2.917103,806,806
17,17,134665,block_start,start,0.80,spline_interpolation,7.659110,9.050453,-3.670927,806,806
17,17,134665,block_start,start,0.80,moving_average,7.718608,8.787685,-3.403637,806,806
17,17,134665,block_start,start,0.80,knn,5.997217,7.394497,-2.118026,806,806
17,17,134665,block_start,start,0.80,knn_upgraded,6.476981,7.816068,-2.483687,806,806
17,17,134665,block_start,start,0.80,decision_tree,6.836785,8.102834,-2.744005,806,806
17,17,134665,block_start,start,0.80,random_forest,6.641595,7.932047,-2.587840,806,806
17,17,134665,block_start,start,0.80,neural_net,6.295939,7.653152,-2.339975,806,806
17,17,134665,block_start,start,0.80,adaptive_imputation,7.742370,8.792441,-3.408404,806,806
18,18,142584,block_start,start,0.80,forward_fill,2.957878,3.771455,-0.167982,806,806
18,18,142584,block_start,start,0.80,linear_interpolation,3.696638,4.690789,-0.806800,806,806
18,18,142584,block_start,start,0.80,time_interpolation,3.696638,4.690789,-0.806800,806,806
18,18,142584,block_start,start,0.80,cubic_interpolation,2.939704,3.649792,-0.093842,806,806
18,18,142584,block_start,start,0.80,spline_interpolation,3.032637,3.578362,-0.051446,806,806
18,18,142584,block_start,start,0.80,moving_average,2.938804,3.764006,-0.163373,806,806
18,18,142584,block_start,start,0.80,knn,3.696638,4.690789,-0.806800,806,806
18,18,142584,block_start,start,0.80,knn_upgraded,3.483927,4.429375,-0.611029,806,806
18,18,142584,block_start,start,0.80,decision_tree,3.385753,4.280920,-0.504848,806,806
18,18,142584,block_start,start,0.80,random_forest,3.434610,4.387233,-0.580519,806,806
18,18,142584,block_start,start,0.80,neural_net,3.672650,4.670442,-0.791160,806,806
18,18,142584,block_start,start,0.80,adaptive_imputation,2.957878,3.771455,-0.167982,806,806
19,19,150503,block_start,start,0.80,forward_fill,2.621129,3.647915,-0.108489,806,806
19,19,150503,block_start,start,0.80,linear_interpolation,2.113827,2.927730,0.285990,806,806
19,19,150503,block_start,start,0.80,time_interpolation,2.113827,2.927730,0.285990,806,806
19,19,150503,block_start,start,0.80,cubic_interpolation,12.998074,15.035369,-17.830863,806,806
19,19,150503,block_start,start,0.80,spline_interpolation,19.209385,21.383704,-37.089732,806,806
19,19,150503,block_start,start,0.80,moving_average,2.603899,3.635692,-0.101073,806,806
19,19,150503,block_start,start,0.80,knn,2.113827,2.927730,0.285990,806,806
19,19,150503,block_start,start,0.80,knn_upgraded,2.098945,2.946346,0.276881,806,806
19,19,150503,block_start,start,0.80,decision_tree,2.136792,3.013453,0.243566,806,806
19,19,150503,block_start,start,0.80,random_forest,2.097310,2.955015,0.272620,806,806
19,19,150503,block_start,start,0.80,neural_net,2.026782,2.830198,0.332770,806,806
19,19,150503,block_start,start,0.80,adaptive_imputation,2.621129,3.647915,-0.108489,806,806
0,0,42,block_middle,middle,0.10,forward_fill,0.676733,0.747372,-4.552437,101,101
0,0,42,block_middle,middle,0.10,linear_interpolation,0.491302,0.587023,-2.425467,101,101
0,0,42,block_middle,middle,0.10,time_interpolation,0.491302,0.587023,-2.425467,101,101
0,0,42,block_middle,middle,0.10,cubic_interpolation,0.861516,1.025999,-9.464144,101,101
0,0,42,block_middle,middle,0.10,spline_interpolation,0.861516,1.025999,-9.464144,101,101
0,0,42,block_middle,middle,0.10,moving_average,0.668497,0.744773,-4.513886,101,101
0,0,42,block_middle,middle,0.10,knn,0.491302,0.587023,-2.425467,101,101
0,0,42,block_middle,middle,0.10,knn_upgraded,0.475476,0.571697,-2.248934,101,101
0,0,42,block_middle,middle,0.10,decision_tree,0.490825,0.586535,-2.419773,101,101
0,0,42,block_middle,middle,0.10,random_forest,0.470748,0.565724,-2.181407,101,101
0,0,42,block_middle,middle,0.10,neural_net,0.478632,0.571104,-2.242204,101,101
0,0,42,block_middle,middle,0.10,adaptive_imputation,0.491302,0.587023,-2.425467,101,101
1,1,7961,block_middle,middle,0.10,forward_fill,1.596040,1.786462,-3.954867,101,101
1,1,7961,block_middle,middle,0.10,linear_interpolation,0.784207,0.902804,-0.265410,101,101
1,1,7961,block_middle,middle,0.10,time_interpolation,0.784207,0.902804,-0.265410,101,101
1,1,7961,block_middle,middle,0.10,cubic_interpolation,2.257316,2.683014,-10.176108,101,101
1,1,7961,block_middle,middle,0.10,spline_interpolation,2.257316,2.683014,-10.176108,101,101
1,1,7961,block_middle,middle,0.10,moving_average,1.422513,1.583238,-2.891679,101,101
1,1,7961,block_middle,middle,0.10,knn,0.784207,0.902804,-0.265410,101,101
1,1,7961,block_middle,middle,0.10,knn_upgraded,0.806525,0.923651,-0.324525,101,101
1,1,7961,block_middle,middle,0.10,decision_tree,0.784471,0.903082,-0.266190,101,101
1,1,7961,block_middle,middle,0.10,random_forest,0.789537,0.908528,-0.281509,101,101
1,1,7961,block_middle,middle,0.10,neural_net,0.822098,0.935940,-0.360004,101,101
1,1,7961,block_middle,middle,0.10,adaptive_imputation,0.784207,0.902804,-0.265410,101,101
2,2,15880,block_middle,middle,0.10,forward_fill,3.594851,3.977382,-4.044346,101,101
2,2,15880,block_middle,middle,0.10,linear_interpolation,3.767697,4.154760,-4.504301,101,101
2,2,15880,block_middle,middle,0.10,time_interpolation,3.767697,4.154760,-4.504301,101,101
2,2,15880,block_middle,middle,0.10,cubic_interpolation,1.037325,1.184291,0.552774,101,101
2,2,15880,block_middle,middle,0.10,spline_interpolation,1.037325,1.184291,0.552774,101,101
2,2,15880,block_middle,middle,0.10,moving_average,3.590569,3.977552,-4.044776,101,101
2,2,15880,block_middle,middle,0.10,knn,3.767697,4.154760,-4.504301,101,101
2,2,15880,block_middle,middle,0.10,knn_upgraded,3.746687,4.134355,-4.450367,101,101
2,2,15880,block_middle,middle,0.10,decision_tree,3.811723,4.195706,-4.613326,101,101
2,2,15880,block_middle,middle,0.10,random_forest,3.772378,4.164406,-4.529887,101,101
2,2,15880,block_middle,middle,0.10,neural_net,3.751063,4.147467,-4.484993,101,101
2,2,15880,block_middle,middle,0.10,adaptive_imputation,3.767697,4.154760,-4.504301,101,101
3,3,23799,block_middle,middle,0.10,forward_fill,2.734257,3.057998,-2.161415,101,101
3,3,23799,block_middle,middle,0.10,linear_interpolation,1.577277,1.844500,-0.150177,101,101
3,3,23799,block_middle,middle,0.10,time_interpolation,1.577277,1.844500,-0.150177,101,101
3,3,23799,block_middle,middle,0.10,cubic_interpolation,1.153986,1.442242,0.296792,101,101
3,3,23799,block_middle,middle,0.10,spline_interpolation,1.153986,1.442242,0.296792,101,101
3,3,23799,block_middle,middle,0.10,moving_average,2.609942,2.989936,-2.022255,101,101
3,3,23799,block_middle,middle,0.10,knn,1.577277,1.844500,-0.150177,101,101
3,3,23799,block_middle,middle,0.10,knn_upgraded,1.568725,1.841720,-0.146713,101,101
3,3,23799,block_middle,middle,0.10,decision_tree,1.576430,1.843617,-0.149076,101,101
3,3,23799,block_middle,middle,0.10,random_forest,1.597682,1.865646,-0.176700,101,101
3,3,23799,block_middle,middle,0.10,neural_net,1.545658,1.819100,-0.118717,101,101
3,3,23799,block_middle,middle,0.10,adaptive_imputation,1.577277,1.844500,-0.150177,101,101
4,4,31718,block_middle,middle,0.10,forward_fill,3.235545,3.571645,-3.883663,101,101
4,4,31718,block_middle,middle,0.10,linear_interpolation,1.014592,1.216371,0.433577,101,101
4,4,31718,block_middle,middle,0.10,time_interpolation,1.014592,1.216371,0.433577,101,101
4,4,31718,block_middle,middle,0.10,cubic_interpolation,2.180489,2.527145,-1.444947,101,101
4,4,31718,block_middle,middle,0.10,spline_interpolation,2.180489,2.527145,-1.444947,101,101
4,4,31718,block_middle,middle,0.10,moving_average,2.963657,3.390929,-3.401966,101,101
4,4,31718,block_middle,middle,0.10,knn,1.014592,1.216371,0.433577,101,101
4,4,31718,block_middle,middle,0.10,knn_upgraded,1.019393,1.222928,0.427453,101,101
4,4,31718,block_middle,middle,0.10,decision_tree,1.014191,1.216189,0.433746,101,101
4,4,31718,block_middle,middle,0.10,random_forest,1.018974,1.223673,0.426755,101,101
4,4,31718,block_middle,middle,0.10,neural_net,1.046561,1.261335,0.390926,101,101
4,4,31718,block_middle,middle,0.10,adaptive_imputation,1.014592,1.216371,0.433577,101,101
5,5,39637,block_middle,middle,0.10,forward_fill,3.160693,3.530130,-0.595557,101,101
5,5,39637,block_middle,middle,0.10,linear_interpolation,5.150006,5.780542,-3.278269,101,101
5,5,39637,block_middle,middle,0.10,time_interpolation,5.150006,5.780542,-3.278269,101,101
5,5,39637,block_middle,middle,0.10,cubic_interpolation,4.042799,5.077971,-2.301502,101,101
5,5,39637,block_middle,middle,0.10,spline_interpolation,4.042799,5.077971,-2.301502,101,101
5,5,39637,block_middle,middle,0.10,moving_average,2.942683,3.338550,-0.427075,101,101
5,5,39637,block_middle,middle,0.10,knn,5.150006,5.780542,-3.278269,101,101
5,5,39637,block_middle,middle,0.10,knn_upgraded,5.078264,5.709741,-3.174110,101,101
5,5,39637,block_middle,middle,0.10,decision_tree,5.162604,5.828511,-3.349569,101,101
5,5,39637,block_middle,middle,0.10,random_forest,5.092041,5.739081,-3.217117,101,101
5,5,39637,block_middle,middle,0.10,neural_net,5.135174,5.797420,-3.303289,101,101
5,5,39637,block_middle,middle,0.10,adaptive_imputation,5.150006,5.780542,-3.278269,101,101
6,6,47556,block_middle,middle,0.10,forward_fill,9.941881,10.675355,-6.536150,101,101
6,6,47556,block_middle,middle,0.10,linear_interpolation,7.127578,7.786496,-3.009304,101,101
6,6,47556,block_middle,middle,0.10,time_interpolation,7.127578,7.786496,-3.009304,101,101
6,6,47556,block_middle,middle,0.10,cubic_interpolation,1.847628,2.358138,0.632275,101,101
6,6,47556,block_middle,middle,0.10,spline_interpolation,1.847628,2.358138,0.632275,101,101
6,6,47556,block_middle,middle,0.10,moving_average,9.611975,10.501297,-6.292405,101,101
6,6,47556,block_middle,middle,0.10,knn,7.127578,7.786496,-3.009304,101,101
6,6,47556,block_middle,middle,0.10,knn_upgraded,7.075372,7.736843,-2.958333,101,101
6,6,47556,block_middle,middle,0.10,decision_tree,7.136704,7.796006,-3.019103,101,101
6,6,47556,block_middle,middle,0.10,random_forest,7.083000,7.746677,-2.968403,101,101
6,6,47556,block_middle,middle,0.10,neural_net,7.071608,7.733096,-2.954501,101,101
6,6,47556,block_middle,middle,0.10,adaptive_imputation,7.127578,7.786496,-3.009304,101,101
7,7,55475,block_middle,middle,0.10,forward_fill,2.799703,3.260704,-2.805564,101,101
7,7,55475,block_middle,middle,0.10,linear_interpolation,1.006913,1.454595,0.242678,101,101
7,7,55475,block_middle,middle,0.10,time_interpolation,1.006913,1.454595,0.242678,101,101
7,7,55475,block_middle,middle,0.10,cubic_interpolation,3.082249,3.568037,-3.556747,101,101
7,7,55475,block_middle,middle,0.10,spline_interpolation,3.082249,3.568037,-3.556747,101,101
7,7,55475,block_middle,middle,0.10,moving_average,2.600911,3.148248,-2.547596,101,101
7,7,55475,block_middle,middle,0.10,knn,1.006913,1.454595,0.242678,101,101
7,7,55475,block_middle,middle,0.10,knn_upgraded,1.030056,1.473180,0.223203,101,101
7,7,55475,block_middle,middle,0.10,decision_tree,1.066427,1.499615,0.195075,101,101
7,7,55475,block_middle,middle,0.10,random_forest,1.031059,1.469721,0.226846,101,101
7,7,55475,block_middle,middle,0.10,neural_net,1.031112,1.453774,0.243533,101,101
7,7,55475,block_middle,middle,0.10,adaptive_imputation,1.006913,1.454595,0.242678,101,101
8,8,63394,block_middle,middle,0.10,forward_fill,3.959604,4.488261,-0.048213,101,101
8,8,63394,block_middle,middle,0.10,linear_interpolation,4.707574,5.733534,-0.710559,101,101
8,8,63394,block_middle,middle,0.10,time_interpolation,4.707574,5.733534,-0.710559,101,101
8,8,63394,block_middle,middle,0.10,cubic_interpolation,11.023987,12.444713,-7.058664,101,101
8,8,63394,block_middle,middle,0.10,spline_interpolation,11.023987,12.444713,-7.058664,101,101
8,8,63394,block_middle,middle,0.10,moving_average,3.609045,4.181471,0.090188,101,101
8,8,63394,block_middle,middle,0.10,knn,4.707574,5.733534,-0.710559,101,101
8,8,63394,block_middle,middle,0.10,knn_upgraded,4.758983,5.768684,-0.731597,101,101
8,8,63394,block_middle,middle,0.10,decision_tree,4.761726,5.770098,-0.732446,101,101
8,8,63394,block_middle,middle,0.10,random_forest,4.778550,5.783750,-0.740653,101,101
8,8,63394,block_middle,middle,0.10,neural_net,4.747218,5.721709,-0.703511,101,101
8,8,63394,block_middle,middle,0.10,adaptive_imputation,4.707574,5.733534,-0.710559,101,101
9,9,71313,block_middle,middle,0.10,forward_fill,1.104356,1.483619,-0.752763,101,101
9,9,71313,block_middle,middle,0.10,linear_interpolation,1.097486,1.477231,-0.737700,101,101
9,9,71313,block_middle,middle,0.10,time_interpolation,1.097486,1.477231,-0.737700,101,101
9,9,71313,block_middle,middle,0.10,cubic_interpolation,3.253099,3.836504,-10.720591,101,101
9,9,71313,block_middle,middle,0.10,spline_interpolation,3.253099,3.836504,-10.720591,101,101
9,9,71313,block_middle,middle,0.10,moving_average,1.108502,1.484097,-0.753892,101,101
9,9,71313,block_middle,middle,0.10,knn,1.097486,1.477231,-0.737700,101,101
9,9,71313,block_middle,middle,0.10,knn_upgraded,1.103394,1.486600,-0.759812,101,101
9,9,71313,block_middle,middle,0.10,decision_tree,1.095868,1.475061,-0.732600,101,101
9,9,71313,block_middle,middle,0.10,random_forest,1.097726,1.482276,-0.749591,101,101
9,9,71313,block_middle,middle,0.10,neural_net,1.085048,1.465601,-0.710447,101,101
9,9,71313,block_middle,middle,0.10,adaptive_imputation,1.097486,1.477231,-0.737700,101,101
10,10,79232,block_middle,middle,0.10,forward_fill,3.001881,3.393343,-1.583788,101,101
10,10,79232,block_middle,middle,0.10,linear_interpolation,0.915743,1.009678,0.771247,101,101
10,10,79232,block_middle,middle,0.10,time_interpolation,0.915743,1.009678,0.771247,101,101
10,10,79232,block_middle,middle,0.10,cubic_interpolation,0.720313,0.834607,0.843698,101,101
10,10,79232,block_middle,middle,0.10,spline_interpolation,0.720313,0.834607,0.843698,101,101
10,10,79232,block_middle,middle,0.10,moving_average,2.733629,3.197673,-1.294401,101,101
10,10,79232,block_middle,middle,0.10,knn,0.915743,1.009678,0.771247,101,101
10,10,79232,block_middle,middle,0.10,knn_upgraded,0.913076,1.005896,0.772957,101,101
10,10,79232,block_middle,middle,0.10,decision_tree,0.915743,1.009856,0.771166,101,101
10,10,79232,block_middle,middle,0.10,random_forest,0.907080,1.002839,0.774335,101,101
10,10,79232,block_middle,middle,0.10,neural_net,0.912684,1.006712,0.772589,101,101
10,10,79232,block_middle,middle,0.10,adaptive_imputation,0.915743,1.009678,0.771247,101,101
11,11,87151,block_middle,middle,0.10,forward_fill,5.002277,5.497083,-0.000122,101,101
11,11,87151,block_middle,middle,0.10,linear_interpolation,4.493355,5.557584,-0.022258,101,101
11,11,87151,block_middle,middle,0.10,time_interpolation,4.493355,5.557584,-0.022258,101,101
11,11,87151,block_middle,middle,0.10,cubic_interpolation,3.906335,4.975541,0.180651,101,101
11,11,87151,block_middle,middle,0.10,spline_interpolation,3.906335,4.975541,0.180651,101,101
11,11,87151,block_middle,middle,0.10,moving_average,4.528300,5.098543,0.139640,101,101
11,11,87151,block_middle,middle,0.10,knn,4.493355,5.557584,-0.022258,101,101
11,11,87151,block_middle,middle,0.10,knn_upgraded,4.481024,5.543690,-0.017153,101,101
11,11,87151,block_middle,middle,0.10,decision_tree,4.550447,5.679029,-0.067423,101,101
11,11,87151,block_middle,middle,0.10,random_forest,4.502465,5.572799,-0.027863,101,101
11,11,87151,block_middle,middle,0.10,neural_net,4.463800,5.544858,-0.017581,101,101
11,11,87151,block_middle,middle,0.10,adaptive_imputation,4.493355,5.557584,-0.022258,101,101
12,12,95070,block_middle,middle,0.10,forward_fill,1.288119,1.789264,-0.096535,101,101
12,12,95070,block_middle,middle,0.10,linear_interpolation,1.613564,1.980639,-0.343644,101,101
12,12,95070,block_middle,middle,0.10,time_interpolation,1.613564,1.980639,-0.343644,101,101
12,12,95070,block_middle,middle,0.10,cubic_interpolation,8.067176,9.354620,-28.972709,101,101
12,12,95070,block_middle,middle,0.10,spline_interpolation,8.067176,9.354620,-28.972709,101,101
12,12,95070,block_middle,middle,0.10,moving_average,1.065756,1.443488,0.286326,101,101
12,12,95070,block_middle,middle,0.10,knn,1.613564,1.980639,-0.343644,101,101
12,12,95070,block_middle,middle,0.10,knn_upgraded,1.664127,2.035735,-0.419437,101,101
12,12,95070,block_middle,middle,0.10,decision_tree,1.875702,2.231827,-0.706062,101,101
12,12,95070,block_middle,middle,0.10,random_forest,1.694747,2.064499,-0.459832,101,101
12,12,95070,block_middle,middle,0.10,neural_net,1.705108,2.068573,-0.465600,101,101
12,12,95070,block_middle,middle,0.10,adaptive_imputation,1.613564,1.980639,-0.343644,101,101
13,13,102989,block_middle,middle,0.10,forward_fill,3.226436,3.704446,-0.361284,101,101
13,13,102989,block_middle,middle,0.10,linear_interpolation,4.310923,5.078425,-1.558352,101,101
13,13,102989,block_middle,middle,0.10,time_interpolation,4.310923,5.078425,-1.558352,101,101
13,13,102989,block_middle,middle,0.10,cubic_interpolation,1.498722,1.937524,0.627611,101,101
13,13,102989,block_middle,middle,0.10,spline_interpolation,1.498722,1.937524,0.627611,101,101
13,13,102989,block_middle,middle,0.10,moving_average,3.033092,3.557128,-0.255166,101,101
13,13,102989,block_middle,middle,0.10,knn,4.310923,5.078425,-1.558352,101,101
13,13,102989,block_middle,middle,0.10,knn_upgraded,4.256061,5.027989,-1.507787,101,101
13,13,102989,block_middle,middle,0.10,decision_tree,4.311421,5.078864,-1.558794,101,101
13,13,102989,block_middle,middle,0.10,random_forest,4.271270,5.048336,-1.528125,101,101
13,13,102989,block_middle,middle,0.10,neural_net,4.278444,5.056590,-1.536399,101,101
13,13,102989,block_middle,middle,0.10,adaptive_imputation,4.310923,5.078425,-1.558352,101,101
14,14,110908,block_middle,middle,0.10,forward_fill,0.518416,0.561407,-1.944890,101,101
14,14,110908,block_middle,middle,0.10,linear_interpolation,0.124913,0.164148,0.748242,101,101
14,14,110908,block_middle,middle,0.10,time_interpolation,0.124913,0.164148,0.748242,101,101
14,14,110908,block_middle,middle,0.10,cubic_interpolation,1.485810,1.615447,-23.383640,101,101
14,14,110908,block_middle,middle,0.10,spline_interpolation,1.485810,1.615447,-23.383640,101,101
14,14,110908,block_middle,middle,0.10,moving_average,0.466954,0.520959,-1.535829,101,101
14,14,110908,block_middle,middle,0.10,knn,0.124913,0.164148,0.748242,101,101
14,14,110908,block_middle,middle,0.10,knn_upgraded,0.124995,0.164751,0.746389,101,101
14,14,110908,block_middle,middle,0.10,decision_tree,0.165535,0.193047,0.651790,101,101
14,14,110908,block_middle,middle,0.10,random_forest,0.123750,0.163661,0.749734,101,101
14,14,110908,block_middle,middle,0.10,neural_net,0.133019,0.174949,0.714021,101,101
14,14,110908,block_middle,middle,0.10,adaptive_imputation,0.124913,0.164148,0.748242,101,101
15,15,118827,block_middle,middle,0.10,forward_fill,10.167525,11.458645,-3.702406,101,101
15,15,118827,block_middle,middle,0.10,linear_interpolation,3.009485,3.414972,0.582335,101,101
15,15,118827,block_middle,middle,0.10,time_interpolation,3.009485,3.414972,0.582335,101,101
15,15,118827,block_middle,middle,0.10,cubic_interpolation,2.642652,3.024332,0.672424,101,101
15,15,118827,block_middle,middle,0.10,spline_interpolation,2.642652,3.024332,0.672424,101,101
15,15,118827,block_middle,middle,0.10,moving_average,9.318384,10.865949,-3.228524,101,101
15,15,118827,block_middle,middle,0.10,knn,3.009485,3.414972,0.582335,101,101
15,15,118827,block_middle,middle,0.10,knn_upgraded,2.995013,3.401017,0.585742,101,101
15,15,118827,block_middle,middle,0.10,decision_tree,3.067268,3.509418,0.558914,101,101
15,15,118827,block_middle,middle,0.10,random_forest,3.007667,3.409185,0.583749,101,101
15,15,118827,block_middle,middle,0.10,neural_net,2.974223,3.379825,0.590888,101,101
15,15,118827,block_middle,middle,0.10,adaptive_imputation,3.009485,3.414972,0.582335,101,101
16,16,126746,block_middle,middle,0.10,forward_fill,2.898317,3.677478,-1.101929,101,101
16,16,126746,block_middle,middle,0.10,linear_interpolation,1.609412,1.958690,0.403721,101,101
16,16,126746,block_middle,middle,0.10,time_interpolation,1.609412,1.958690,0.403721,101,101
16,16,126746,block_middle,middle,0.10,cubic_interpolation,1.796352,2.374165,0.123928,101,101
16,16,126746,block_middle,middle,0.10,spline_interpolation,1.796352,2.374165,0.123928,101,101
16,16,126746,block_middle,middle,0.10,moving_average,2.709662,3.549140,-0.957782,101,101
16,16,126746,block_middle,middle,0.10,knn,1.609412,1.958690,0.403721,101,101
16,16,126746,block_middle,middle,0.10,knn_upgraded,1.589965,1.927231,0.422721,101,101
16,16,126746,block_middle,middle,0.10,decision_tree,1.609658,1.959372,0.403306,101,101
16,16,126746,block_middle,middle,0.10,random_forest,1.601639,1.940880,0.414515,101,101
16,16,126746,block_middle,middle,0.10,neural_net,1.588330,1.935887,0.417524,101,101
16,16,126746,block_middle,middle,0.10,adaptive_imputation,1.609412,1.958690,0.403721,101,101
17,17,134665,block_middle,middle,0.10,forward_fill,3.107624,4.635810,-0.528210,101,101
17,17,134665,block_middle,middle,0.10,linear_interpolation,2.102874,2.643575,0.503047,101,101
17,17,134665,block_middle,middle,0.10,time_interpolation,2.102874,2.643575,0.503047,101,101
17,17,134665,block_middle,middle,0.10,cubic_interpolation,1.197478,1.677613,0.799868,101,101
17,17,134665,block_middle,middle,0.10,spline_interpolation,1.197478,1.677613,0.799868,101,101
17,17,134665,block_middle,middle,0.10,moving_average,2.554238,4.018733,-0.148445,101,101
17,17,134665,block_middle,middle,0.10,knn,2.102874,2.643575,0.503047,101,101
17,17,134665,block_middle,middle,0.10,knn_upgraded,2.085068,2.631755,0.507481,101,101
17,17,134665,block_middle,middle,0.10,decision_tree,2.101278,2.636397,0.505742,101,101
17,17,134665,block_middle,middle,0.10,random_forest,2.100077,2.643250,0.503169,101,101
17,17,134665,block_middle,middle,0.10,neural_net,2.070575,2.612826,0.514541,101,101
17,17,134665,block_middle,middle,0.10,adaptive_imputation,2.102874,2.643575,0.503047,101,101
18,18,142584,block_middle,middle,0.10,forward_fill,4.662970,5.323520,-2.885108,101,101
18,18,142584,block_middle,middle,0.10,linear_interpolation,4.480807,5.141088,-2.623392,101,101
18,18,142584,block_middle,middle,0.10,time_interpolation,4.480807,5.141088,-2.623392,101,101
18,18,142584,block_middle,middle,0.10,cubic_interpolation,5.441752,6.147858,-4.181469,101,101
18,18,142584,block_middle,middle,0.10,spline_interpolation,5.441752,6.147858,-4.181469,101,101
18,18,142584,block_middle,middle,0.10,moving_average,4.651632,5.321285,-2.881846,101,101
18,18,142584,block_middle,middle,0.10,knn,4.480807,5.141088,-2.623392,101,101
18,18,142584,block_middle,middle,0.10,knn_upgraded,4.474603,5.137290,-2.618041,101,101
18,18,142584,block_middle,middle,0.10,decision_tree,4.492245,5.152986,-2.640183,101,101
18,18,142584,block_middle,middle,0.10,random_forest,4.450628,5.108710,-2.577897,101,101
18,18,142584,block_middle,middle,0.10,neural_net,4.488377,5.150612,-2.636830,101,101
18,18,142584,block_middle,middle,0.10,adaptive_imputation,4.480807,5.141088,-2.623392,101,101
19,19,150503,block_middle,middle,0.10,forward_fill,0.748713,0.893362,-1.856360,101,101
19,19,150503,block_middle,middle,0.10,linear_interpolation,0.486419,0.592807,-0.257722,101,101
19,19,150503,block_middle,middle,0.10,time_interpolation,0.486419,0.592807,-0.257722,101,101
19,19,150503,block_middle,middle,0.10,cubic_interpolation,0.307952,0.398178,0.432569,101,101
19,19,150503,block_middle,middle,0.10,spline_interpolation,0.307952,0.398178,0.432569,101,101
19,19,150503,block_middle,middle,0.10,moving_average,0.649459,0.767533,-1.108396,101,101
19,19,150503,block_middle,middle,0.10,knn,0.486419,0.592807,-0.257722,101,101
19,19,150503,block_middle,middle,0.10,knn_upgraded,0.480370,0.585837,-0.228323,101,101
19,19,150503,block_middle,middle,0.10,decision_tree,0.486547,0.593006,-0.258566,101,101
19,19,150503,block_middle,middle,0.10,random_forest,0.486362,0.592862,-0.257957,101,101
19,19,150503,block_middle,middle,0.10,neural_net,0.492769,0.607225,-0.319645,101,101
19,19,150503,block_middle,middle,0.10,adaptive_imputation,0.486419,0.592807,-0.257722,101,101
0,0,42,block_middle,middle,0.20,forward_fill,2.142921,2.244245,-9.785360,202,202
0,0,42,block_middle,middle,0.20,linear_interpolation,1.144875,1.298753,-2.611996,202,202
0,0,42,block_middle,middle,0.20,time_interpolation,1.144875,1.298753,-2.611996,202,202
0,0,42,block_middle,middle,0.20,cubic_interpolation,1.342015,1.582100,-4.359963,202,202
0,0,42,block_middle,middle,0.20,spline_interpolation,1.342015,1.582100,-4.359963,202,202
0,0,42,block_middle,middle,0.20,moving_average,2.083616,2.217848,-9.533136,202,202
0,0,42,block_middle,middle,0.20,knn,1.144875,1.298753,-2.611996,202,202
0,0,42,block_middle,middle,0.20,knn_upgraded,1.140548,1.298798,-2.612245,202,202
0,0,42,block_middle,middle,0.20,decision_tree,1.144674,1.298564,-2.610947,202,202
0,0,42,block_middle,middle,0.20,random_forest,1.149883,1.304193,-2.642316,202,202
0,0,42,block_middle,middle,0.20,neural_net,1.133815,1.283880,-2.529743,202,202
0,0,42,block_middle,middle,0.20,adaptive_imputation,1.144875,1.298753,-2.611996,202,202
1,1,7961,block_middle,middle,0.20,forward_fill,5.003119,5.513353,-4.559284,202,202
1,1,7961,block_middle,middle,0.20,linear_interpolation,1.762960,2.307768,0.025972,202,202
1,1,7961,block_middle,middle,0.20,time_interpolation,1.762960,2.307768,0.025972,202,202
1,1,7961,block_middle,middle,0.20,cubic_interpolation,3.174826,3.944215,-1.845172,202,202
1,1,7961,block_middle,middle,0.20,spline_interpolation,3.174826,3.944215,-1.845172,202,202
1,1,7961,block_middle,middle,0.20,moving_average,4.701565,5.210332,-3.964986,202,202
1,1,7961,block_middle,middle,0.20,knn,1.762960,2.307768,0.025972,202,202
1,1,7961,block_middle,middle,0.20,knn_upgraded,1.754321,2.296021,0.035862,202,202
1,1,7961,block_middle,middle,0.20,decision_tree,1.763022,2.307732,0.026002,202,202
1,1,7961,block_middle,middle,0.20,random_forest,1.762929,2.307773,0.025968,202,202
1,1,7961,block_middle,middle,0.20,neural_net,1.786412,2.333348,0.004259,202,202
1,1,7961,block_middle,middle,0.20,adaptive_imputation,1.762960,2.307768,0.025972,202,202
2,2,15880,block_middle,middle,0.20,forward_fill,4.101733,4.771912,-2.663125,202,202
2,2,15880,block_middle,middle,0.20,linear_interpolation,2.215452,2.794325,-0.256090,202,202
2,2,15880,block_middle,middle,0.20,time_interpolation,2.215452,2.794325,-0.256090,202,202
2,2,15880,block_middle,middle,0.20,cubic_interpolation,13.050513,15.080369,-35.583974,202,202
2,2,15880,block_middle,middle,0.20,spline_interpolation,13.050513,15.080369,-35.583974,202,202
2,2,15880,block_middle,middle,0.20,moving_average,3.975637,4.691139,-2.540165,202,202
2,2,15880,block_middle,middle,0.20,knn,2.215452,2.794325,-0.256090,202,202
2,2,15880,block_middle,middle,0.20,knn_upgraded,2.225345,2.826009,-0.284736,202,202
2,2,15880,block_middle,middle,0.20,decision_tree,2.225521,2.824309,-0.283191,202,202
2,2,15880,block_middle,middle,0.20,random_forest,2.242461,2.865997,-0.321352,202,202
2,2,15880,block_middle,middle,0.20,neural_net,2.238152,2.867226,-0.322485,202,202
2,2,15880,block_middle,middle,0.20,adaptive_imputation,2.215452,2.794325,-0.256090,202,202
3,3,23799,block_middle,middle,0.20,forward_fill,3.140990,3.654852,-2.802821,202,202
3,3,23799,block_middle,middle,0.20,linear_interpolation,2.212575,2.540189,-0.836954,202,202
3,3,23799,block_middle,middle,0.20,time_interpolation,2.212575,2.540189,-0.836954,202,202
3,3,23799,block_middle,middle,0.20,cubic_interpolation,6.583098,7.376217,-14.489363,202,202
3,3,23799,block_middle,middle,0.20,spline_interpolation,6.583098,7.376217,-14.489363,202,202
3,3,23799,block_middle,middle,0.20,moving_average,2.932018,3.408720,-2.307873,202,202
3,3,23799,block_middle,middle,0.20,knn,2.212575,2.540189,-0.836954,202,202
3,3,23799,block_middle,middle,0.20,knn_upgraded,2.206569,2.546421,-0.845979,202,202
3,3,23799,block_middle,middle,0.20,decision_tree,2.212392,2.539800,-0.836391,202,202
3,3,23799,block_middle,middle,0.20,random_forest,2.206286,2.552827,-0.855277,202,202
3,3,23799,block_middle,middle,0.20,neural_net,2.182381,2.523776,-0.813293,202,202
3,3,23799,block_middle,middle,0.20,adaptive_imputation,2.212575,2.540189,-0.836954,202,202
4,4,31718,block_middle,middle,0.20,forward_fill,2.277178,2.826822,-1.591979,202,202
4,4,31718,block_middle,middle,0.20,linear_interpolation,1.562498,2.050521,-0.363840,202,202
4,4,31718,block_middle,middle,0.20,time_interpolation,1.562498,2.050521,-0.363840,202,202
4,4,31718,block_middle,middle,0.20,cubic_interpolation,5.199963,6.562810,-12.970578,202,202
4,4,31718,block_middle,middle,0.20,spline_interpolation,5.199963,6.562810,-12.970578,202,202
4,4,31718,block_middle,middle,0.20,moving_average,2.193890,2.770023,-1.488865,202,202
4,4,31718,block_middle,middle,0.20,knn,1.562498,2.050521,-0.363840,202,202
4,4,31718,block_middle,middle,0.20,knn_upgraded,1.555807,2.028355,-0.334513,202,202
4,4,31718,block_middle,middle,0.20,decision_tree,1.562973,2.052282,-0.366182,202,202
4,4,31718,block_middle,middle,0.20,random_forest,1.556441,2.059834,-0.376255,202,202
4,4,31718,block_middle,middle,0.20,neural_net,1.603211,2.092828,-0.420698,202,202
4,4,31718,block_middle,middle,0.20,adaptive_imputation,1.562498,2.050521,-0.363840,202,202
5,5,39637,block_middle,middle,0.20,forward_fill,6.125941,7.347610,-1.958683,202,202
5,5,39637,block_middle,middle,0.20,linear_interpolation,4.040621,4.718057,-0.219924,202,202
5,5,39637,block_middle,middle,0.20,time_interpolation,4.040621,4.718057,-0.219924,202,202
5,5,39637,block_middle,middle,0.20,cubic_interpolation,4.516441,6.026546,-0.990413,202,202
5,5,39637,block_middle,middle,0.20,spline_interpolation,4.516441,6.026546,-0.990413,202,202
5,5,39637,block_middle,middle,0.20,moving_average,5.884130,7.186645,-1.830471,202,202
5,5,39637,block_middle,middle,0.20,knn,4.040621,4.718057,-0.219924,202,202
5,5,39637,block_middle,middle,0.20,knn_upgraded,4.038924,4.719143,-0.220485,202,202
5,5,39637,block_middle,middle,0.20,decision_tree,4.045132,4.731863,-0.227074,202,202
5,5,39637,block_middle,middle,0.20,random_forest,4.043835,4.724014,-0.223006,202,202
5,5,39637,block_middle,middle,0.20,neural_net,4.020887,4.699340,-0.210264,202,202
5,5,39637,block_middle,middle,0.20,adaptive_imputation,4.040621,4.718057,-0.219924,202,202
6,6,47556,block_middle,middle,0.20,forward_fill,3.902772,4.422516,-0.000925,202,202
6,6,47556,block_middle,middle,0.20,linear_interpolation,3.897779,4.676988,-0.119426,202,202
6,6,47556,block_middle,middle,0.20,time_interpolation,3.897779,4.676988,-0.119426,202,202
6,6,47556,block_middle,middle,0.20,cubic_interpolation,17.441533,20.561696,-20.636187,202,202
6,6,47556,block_middle,middle,0.20,spline_interpolation,17.441533,20.561696,-20.636187,202,202
6,6,47556,block_middle,middle,0.20,moving_average,3.880597,4.411852,0.003896,202,202
6,6,47556,block_middle,middle,0.20,knn,3.897779,4.676988,-0.119426,202,202
6,6,47556,block_middle,middle,0.20,knn_upgraded,3.895888,4.686225,-0.123852,202,202
6,6,47556,block_middle,middle,0.20,decision_tree,3.897652,4.676717,-0.119296,202,202
6,6,47556,block_middle,middle,0.20,random_forest,3.890385,4.685098,-0.123312,202,202
6,6,47556,block_middle,middle,0.20,neural_net,3.829561,4.641327,-0.102420,202,202
6,6,47556,block_middle,middle,0.20,adaptive_imputation,3.897779,4.676988,-0.119426,202,202
7,7,55475,block_middle,middle,0.20,forward_fill,1.773267,2.146223,-1.522654,202,202
7,7,55475,block_middle,middle,0.20,linear_interpolation,1.401950,1.711168,-0.603591,202,202
7,7,55475,block_middle,middle,0.20,time_interpolation,1.401950,1.711168,-0.603591,202,202
7,7,55475,block_middle,middle,0.20,cubic_interpolation,13.147823,15.468471,-130.039689,202,202
7,7,55475,block_middle,middle,0.20,spline_interpolation,13.147823,15.468471,-130.039689,202,202
7,7,55475,block_middle,middle,0.20,moving_average,1.711168,2.105395,-1.427589,202,202
7,7,55475,block_middle,middle,0.20,knn,1.401950,1.711168,-0.603591,202,202
7,7,55475,block_middle,middle,0.20,knn_upgraded,1.413264,1.735746,-0.649986,202,202
7,7,55475,block_middle,middle,0.20,decision_tree,1.409823,1.747134,-0.671708,202,202
7,7,55475,block_middle,middle,0.20,random_forest,1.410530,1.742570,-0.662986,202,202
7,7,55475,block_middle,middle,0.20,neural_net,1.487236,1.822202,-0.818449,202,202
7,7,55475,block_middle,middle,0.20,adaptive_imputation,1.401950,1.711168,-0.603591,202,202
8,8,63394,block_middle,middle,0.20,forward_fill,3.732673,4.538030,-0.044682,202,202
8,8,63394,block_middle,middle,0.20,linear_interpolation,3.283089,4.157391,0.123219,202,202
8,8,63394,block_middle,middle,0.20,time_interpolation,3.283089,4.157391,0.123219,202,202
8,8,63394,block_middle,middle,0.20,cubic_interpolation,9.869222,12.534648,-6.970279,202,202
8,8,63394,block_middle,middle,0.20,spline_interpolation,9.869222,12.534648,-6.970279,202,202
8,8,63394,block_middle,middle,0.20,moving_average,3.679446,4.524647,-0.038529,202,202
8,8,63394,block_middle,middle,0.20,knn,3.283089,4.157391,0.123219,202,202
8,8,63394,block_middle,middle,0.20,knn_upgraded,3.269279,4.155923,0.123838,202,202
8,8,63394,block_middle,middle,0.20,decision_tree,3.224782,4.141760,0.129800,202,202
8,8,63394,block_middle,middle,0.20,random_forest,3.271988,4.142268,0.129586,202,202
8,8,63394,block_middle,middle,0.20,neural_net,3.314798,4.203060,0.103851,202,202
8,8,63394,block_middle,middle,0.20,adaptive_imputation,3.283089,4.157391,0.123219,202,202
9,9,71313,block_middle,middle,0.20,forward_fill,0.693168,1.002505,-0.123911,202,202
9,9,71313,block_middle,middle,0.20,linear_interpolation,0.734717,0.975585,-0.064362,202,202
9,9,71313,block_middle,middle,0.20,time_interpolation,0.734717,0.975585,-0.064362,202,202
9,9,71313,block_middle,middle,0.20,cubic_interpolation,4.854368,5.790765,-36.499948,202,202
9,9,71313,block_middle,middle,0.20,spline_interpolation,4.854368,5.790765,-36.499948,202,202
9,9,71313,block_middle,middle,0.20,moving_average,0.721243,1.018541,-0.160155,202,202
9,9,71313,block_middle,middle,0.20,knn,0.734717,0.975585,-0.064362,202,202
9,9,71313,block_middle,middle,0.20,knn_upgraded,0.719134,0.978785,-0.071355,202,202
9,9,71313,block_middle,middle,0.20,decision_tree,0.735550,0.974908,-0.062885,202,202
9,9,71313,block_middle,middle,0.20,random_forest,0.720107,0.972589,-0.057833,202,202
9,9,71313,block_middle,middle,0.20,neural_net,0.685730,0.943727,0.004017,202,202
9,9,71313,block_middle,middle,0.20,adaptive_imputation,0.734717,0.975585,-0.064362,202,202
10,10,79232,block_middle,middle,0.20,forward_fill,9.847525,10.479702,-7.546352,202,202
10,10,79232,block_middle,middle,0.20,linear_interpolation,3.480110,4.943833,-0.902000,202,202
10,10,79232,block_middle,middle,0.20,time_interpolation,3.480110,4.943833,-0.902000,202,202
10,10,79232,block_middle,middle,0.20,cubic_interpolation,4.096926,4.709688,-0.726105,202,202
10,10,79232,block_middle,middle,0.20,spline_interpolation,4.096926,4.709688,-0.726105,202,202
10,10,79232,block_middle,middle,0.20,moving_average,9.456155,10.204544,-7.103453,202,202
10,10,79232,block_middle,middle,0.20,knn,3.480110,4.943833,-0.902000,202,202
10,10,79232,block_middle,middle,0.20,knn_upgraded,3.475704,4.933208,-0.893833,202,202
10,10,79232,block_middle,middle,0.20,decision_tree,3.465494,4.902370,-0.870230,202,202
10,10,79232,block_middle,middle,0.20,random_forest,3.483121,4.942037,-0.900618,202,202
10,10,79232,block_middle,middle,0.20,neural_net,3.478131,4.935776,-0.895806,202,202
10,10,79232,block_middle,middle,0.20,adaptive_imputation,3.480110,4.943833,-0.902000,202,202
11,11,87151,block_middle,middle,0.20,forward_fill,4.934158,6.542701,-0.614058,202,202
11,11,87151,block_middle,middle,0.20,linear_interpolation,5.141183,5.856736,-0.293351,202,202
11,11,87151,block_middle,middle,0.20,time_interpolation,5.141183,5.856736,-0.293351,202,202
11,11,87151,block_middle,middle,0.20,cubic_interpolation,5.261054,6.153045,-0.427530,202,202
11,11,87151,block_middle,middle,0.20,spline_interpolation,5.261054,6.153045,-0.427530,202,202
11,11,87151,block_middle,middle,0.20,moving_average,4.774083,6.442525,-0.565010,202,202
11,11,87151,block_middle,middle,0.20,knn,5.141183,5.856736,-0.293351,202,202
11,11,87151,block_middle,middle,0.20,knn_upgraded,5.136287,5.852121,-0.291313,202,202
11,11,87151,block_middle,middle,0.20,decision_tree,5.135302,5.817708,-0.276171,202,202
11,11,87151,block_middle,middle,0.20,random_forest,5.143805,5.860567,-0.295043,202,202
11,11,87151,block_middle,middle,0.20,neural_net,5.170706,5.891509,-0.308754,202,202
11,11,87151,block_middle,middle,0.20,adaptive_imputation,5.141183,5.856736,-0.293351,202,202
12,12,95070,block_middle,middle,0.20,forward_fill,1.725396,2.085397,-0.055106,202,202
12,12,95070,block_middle,middle,0.20,linear_interpolation,1.471303,1.956565,0.071233,202,202
12,12,95070,block_middle,middle,0.20,time_interpolation,1.471303,1.956565,0.071233,202,202
12,12,95070,block_middle,middle,0.20,cubic_interpolation,4.832399,5.431962,-6.158662,202,202
12,12,95070,block_middle,middle,0.20,spline_interpolation,4.832399,5.431962,-6.158662,202,202
12,12,95070,block_middle,middle,0.20,moving_average,1.628571,1.993579,0.035760,202,202
12,12,95070,block_middle,middle,0.20,knn,1.471303,1.956565,0.071233,202,202
12,12,95070,block_middle,middle,0.20,knn_upgraded,1.449924,1.934471,0.092090,202,202
12,12,95070,block_middle,middle,0.20,decision_tree,1.465005,1.970621,0.057840,202,202
12,12,95070,block_middle,middle,0.20,random_forest,1.428291,1.915951,0.109391,202,202
12,12,95070,block_middle,middle,0.20,neural_net,1.441442,1.927644,0.098487,202,202
12,12,95070,block_middle,middle,0.20,adaptive_imputation,1.471303,1.956565,0.071233,202,202
13,13,102989,block_middle,middle,0.20,forward_fill,4.246980,5.469796,-0.435898,202,202
13,13,102989,block_middle,middle,0.20,linear_interpolation,4.004036,5.117460,-0.256870,202,202
13,13,102989,block_middle,middle,0.20,time_interpolation,4.004036,5.117460,-0.256870,202,202
13,13,102989,block_middle,middle,0.20,cubic_interpolation,4.071100,5.211795,-0.303635,202,202
13,13,102989,block_middle,middle,0.20,spline_interpolation,4.071100,5.211795,-0.303635,202,202
13,13,102989,block_middle,middle,0.20,moving_average,4.216908,5.464877,-0.433317,202,202
13,13,102989,block_middle,middle,0.20,knn,4.004036,5.117460,-0.256870,202,202
13,13,102989,block_middle,middle,0.20,knn_upgraded,4.000926,5.115234,-0.255776,202,202
13,13,102989,block_middle,middle,0.20,decision_tree,4.004163,5.117900,-0.257086,202,202
13,13,102989,block_middle,middle,0.20,random_forest,4.013452,5.133146,-0.264586,202,202
13,13,102989,block_middle,middle,0.20,neural_net,4.009394,5.127788,-0.261948,202,202
13,13,102989,block_middle,middle,0.20,adaptive_imputation,4.004036,5.117460,-0.256870,202,202
14,14,110908,block_middle,middle,0.20,forward_fill,0.308020,0.429939,-0.548233,202,202
14,14,110908,block_middle,middle,0.20,linear_interpolation,0.313981,0.415918,-0.448896,202,202
14,14,110908,block_middle,middle,0.20,time_interpolation,0.313981,0.415918,-0.448896,202,202
14,14,110908,block_middle,middle,0.20,cubic_interpolation,0.415764,0.489973,-1.010792,202,202
14,14,110908,block_middle,middle,0.20,spline_interpolation,0.415764,0.489973,-1.010792,202,202
14,14,110908,block_middle,middle,0.20,moving_average,0.310584,0.430451,-0.551924,202,202
14,14,110908,block_middle,middle,0.20,knn,0.313981,0.415918,-0.448896,202,202
14,14,110908,block_middle,middle,0.20,knn_upgraded,0.319170,0.419270,-0.472346,202,202
14,14,110908,block_middle,middle,0.20,decision_tree,0.313471,0.415070,-0.442994,202,202
14,14,110908,block_middle,middle,0.20,random_forest,0.319584,0.422120,-0.492434,202,202
14,14,110908,block_middle,middle,0.20,neural_net,0.308683,0.413715,-0.433592,202,202
14,14,110908,block_middle,middle,0.20,adaptive_imputation,0.313981,0.415918,-0.448896,202,202
15,15,118827,block_middle,middle,0.20,forward_fill,4.761980,5.916044,-0.147838,202,202
15,15,118827,block_middle,middle,0.20,linear_interpolation,4.608197,5.908437,-0.144889,202,202
15,15,118827,block_middle,middle,0.20,time_interpolation,4.608197,5.908437,-0.144889,202,202
15,15,118827,block_middle,middle,0.20,cubic_interpolation,17.990201,20.581099,-12.891690,202,202
15,15,118827,block_middle,middle,0.20,spline_interpolation,17.990201,20.581099,-12.891690,202,202
15,15,118827,block_middle,middle,0.20,moving_average,4.772263,5.925787,-0.151622,202,202
15,15,118827,block_middle,middle,0.20,knn,4.608197,5.908437,-0.144889,202,202
15,15,118827,block_middle,middle,0.20,knn_upgraded,4.560281,5.837214,-0.117453,202,202
15,15,118827,block_middle,middle,0.20,decision_tree,4.603017,5.870726,-0.130320,202,202
15,15,118827,block_middle,middle,0.20,random_forest,4.588123,5.856226,-0.124744,202,202
15,15,118827,block_middle,middle,0.20,neural_net,4.320351,5.564682,-0.015544,202,202
15,15,118827,block_middle,middle,0.20,adaptive_imputation,4.608197,5.908437,-0.144889,202,202
16,16,126746,block_middle,middle,0.20,forward_fill,4.894059,5.403332,-4.567314,202,202
16,16,126746,block_middle,middle,0.20,linear_interpolation,2.571708,3.230765,-0.990367,202,202
16,16,126746,block_middle,middle,0.20,time_interpolation,2.571708,3.230765,-0.990367,202,202
16,16,126746,block_middle,middle,0.20,cubic_interpolation,4.181972,4.689216,-3.192980,202,202
16,16,126746,block_middle,middle,0.20,spline_interpolation,4.181972,4.689216,-3.192980,202,202
16,16,126746,block_middle,middle,0.20,moving_average,4.687617,5.259209,-4.274280,202,202
16,16,126746,block_middle,middle,0.20,knn,2.571708,3.230765,-0.990367,202,202
16,16,126746,block_middle,middle,0.20,knn_upgraded,2.573671,3.226347,-0.984927,202,202
16,16,126746,block_middle,middle,0.20,decision_tree,2.560318,3.194671,-0.946143,202,202
16,16,126746,block_middle,middle,0.20,random_forest,2.564959,3.193402,-0.944597,202,202
16,16,126746,block_middle,middle,0.20,neural_net,2.634197,3.288498,-1.062138,202,202
16,16,126746,block_middle,middle,0.20,adaptive_imputation,2.571708,3.230765,-0.990367,202,202
17,17,134665,block_middle,middle,0.20,forward_fill,4.738366,6.517568,-1.121116,202,202
17,17,134665,block_middle,middle,0.20,linear_interpolation,1.925364,2.333325,0.728141,202,202
17,17,134665,block_middle,middle,0.20,time_interpolation,1.925364,2.333325,0.728141,202,202
17,17,134665,block_middle,middle,0.20,cubic_interpolation,2.757593,3.827588,0.268451,202,202
17,17,134665,block_middle,middle,0.20,spline_interpolation,2.757593,3.827588,0.268451,202,202
17,17,134665,block_middle,middle,0.20,moving_average,4.455265,6.283582,-0.971549,202,202
17,17,134665,block_middle,middle,0.20,knn,1.925364,2.333325,0.728141,202,202
17,17,134665,block_middle,middle,0.20,knn_upgraded,1.923957,2.335569,0.727618,202,202
17,17,134665,block_middle,middle,0.20,decision_tree,1.969126,2.379621,0.717246,202,202
17,17,134665,block_middle,middle,0.20,random_forest,1.922527,2.336075,0.727500,202,202
17,17,134665,block_middle,middle,0.20,neural_net,1.900962,2.306807,0.734285,202,202
17,17,134665,block_middle,middle,0.20,adaptive_imputation,1.925364,2.333325,0.728141,202,202
18,18,142584,block_middle,middle,0.20,forward_fill,2.692327,3.004799,-0.124067,202,202
18,18,142584,block_middle,middle,0.20,linear_interpolation,2.485000,2.986574,-0.110472,202,202
18,18,142584,block_middle,middle,0.20,time_interpolation,2.485000,2.986574,-0.110472,202,202
18,18,142584,block_middle,middle,0.20,cubic_interpolation,18.358201,20.982121,-53.810011,202,202
18,18,142584,block_middle,middle,0.20,spline_interpolation,18.358201,20.982121,-53.810011,202,202
18,18,142584,block_middle,middle,0.20,moving_average,2.634833,2.962083,-0.092334,202,202
18,18,142584,block_middle,middle,0.20,knn,2.485000,2.986574,-0.110472,202,202
18,18,142584,block_middle,middle,0.20,knn_upgraded,2.476798,2.989818,-0.112886,202,202
18,18,142584,block_middle,middle,0.20,decision_tree,2.489338,3.039493,-0.150174,202,202
18,18,142584,block_middle,middle,0.20,random_forest,2.478114,2.995627,-0.117215,202,202
18,18,142584,block_middle,middle,0.20,neural_net,2.446964,2.951318,-0.084409,202,202
18,18,142584,block_middle,middle,0.20,adaptive_imputation,2.485000,2.986574,-0.110472,202,202
19,19,150503,block_middle,middle,0.20,forward_fill,1.452970,1.790779,-1.903764,202,202
19,19,150503,block_middle,middle,0.20,linear_interpolation,0.316192,0.410661,0.847298,202,202
19,19,150503,block_middle,middle,0.20,time_interpolation,0.316192,0.410661,0.847298,202,202
19,19,150503,block_middle,middle,0.20,cubic_interpolation,0.841607,1.045741,0.009795,202,202
19,19,150503,block_middle,middle,0.20,spline_interpolation,0.841607,1.045741,0.009795,202,202
19,19,150503,block_middle,middle,0.20,moving_average,1.359838,1.704768,-1.631525,202,202
19,19,150503,block_middle,middle,0.20,knn,0.316192,0.410661,0.847298,202,202
19,19,150503,block_middle,middle,0.20,knn_upgraded,0.326165,0.417052,0.842508,202,202
19,19,150503,block_middle,middle,0.20,decision_tree,0.316250,0.410828,0.847174,202,202
19,19,150503,block_middle,middle,0.20,random_forest,0.315296,0.413232,0.845381,202,202
19,19,150503,block_middle,middle,0.20,neural_net,0.353168,0.454213,0.813192,202,202
19,19,150503,block_middle,middle,0.20,adaptive_imputation,0.316192,0.410661,0.847298,202,202
0,0,42,block_middle,middle,0.30,forward_fill,5.970464,6.103120,-22.256207,302,302
0,0,42,block_middle,middle,0.30,linear_interpolation,4.055464,4.300194,-10.545459,302,302
0,0,42,block_middle,middle,0.30,time_interpolation,4.055464,4.300194,-10.545459,302,302
0,0,42,block_middle,middle,0.30,cubic_interpolation,3.919389,4.800258,-13.386800,302,302
0,0,42,block_middle,middle,0.30,spline_interpolation,3.919389,4.800258,-13.386800,302,302
0,0,42,block_middle,middle,0.30,moving_average,5.899396,6.076988,-22.057477,302,302
0,0,42,block_middle,middle,0.30,knn,4.055464,4.300194,-10.545459,302,302
0,0,42,block_middle,middle,0.30,knn_upgraded,4.016712,4.267123,-10.368555,302,302
0,0,42,block_middle,middle,0.30,decision_tree,4.057548,4.301869,-10.554451,302,302
0,0,42,block_middle,middle,0.30,random_forest,4.030246,4.275633,-10.413948,302,302
0,0,42,block_middle,middle,0.30,neural_net,3.976195,4.214427,-10.089504,302,302
0,0,42,block_middle,middle,0.30,adaptive_imputation,3.919389,4.800258,-13.386800,302,302
1,1,7961,block_middle,middle,0.30,forward_fill,3.002616,3.549530,-0.194234,302,302
1,1,7961,block_middle,middle,0.30,linear_interpolation,3.015848,3.555080,-0.197971,302,302
1,1,7961,block_middle,middle,0.30,time_interpolation,3.015848,3.555080,-0.197971,302,302
1,1,7961,block_middle,middle,0.30,cubic_interpolation,12.022178,15.166374,-20.802746,302,302
1,1,7961,block_middle,middle,0.30,spline_interpolation,12.022178,15.166374,-20.802746,302,302
1,1,7961,block_middle,middle,0.30,moving_average,3.007662,3.550846,-0.195119,302,302
1,1,7961,block_middle,middle,0.30,knn,3.015848,3.555080,-0.197971,302,302
1,1,7961,block_middle,middle,0.30,knn_upgraded,2.981410,3.526104,-0.178522,302,302
1,1,7961,block_middle,middle,0.30,decision_tree,3.013700,3.553126,-0.196655,302,302
1,1,7961,block_middle,middle,0.30,random_forest,2.986910,3.528564,-0.180167,302,302
1,1,7961,block_middle,middle,0.30,neural_net,2.893788,3.438611,-0.120763,302,302
1,1,7961,block_middle,middle,0.30,adaptive_imputation,12.022178,15.166374,-20.802746,302,302
2,2,15880,block_middle,middle,0.30,forward_fill,2.210166,2.700041,-0.157675,302,302
2,2,15880,block_middle,middle,0.30,linear_interpolation,2.731995,3.503042,-0.948663,302,302
2,2,15880,block_middle,middle,0.30,time_interpolation,2.731995,3.503042,-0.948663,302,302
2,2,15880,block_middle,middle,0.30,cubic_interpolation,5.917270,6.969962,-6.714484,302,302
2,2,15880,block_middle,middle,0.30,spline_interpolation,5.917270,6.969962,-6.714484,302,302
2,2,15880,block_middle,middle,0.30,moving_average,2.167808,2.674348,-0.135748,302,302
2,2,15880,block_middle,middle,0.30,knn,2.731995,3.503042,-0.948663,302,302
2,2,15880,block_middle,middle,0.30,knn_upgraded,2.737566,3.507979,-0.954160,302,302
2,2,15880,block_middle,middle,0.30,decision_tree,2.676201,3.425201,-0.863023,302,302
2,2,15880,block_middle,middle,0.30,random_forest,2.719359,3.480277,-0.923417,302,302
2,2,15880,block_middle,middle,0.30,neural_net,2.785662,3.550913,-1.002286,302,302
2,2,15880,block_middle,middle,0.30,adaptive_imputation,5.917270,6.969962,-6.714484,302,302
3,3,23799,block_middle,middle,0.30,forward_fill,7.879172,8.604240,-4.468102,302,302
3,3,23799,block_middle,middle,0.30,linear_interpolation,3.273511,3.867327,-0.104672,302,302
3,3,23799,block_middle,middle,0.30,time_interpolation,3.273511,3.867327,-0.104672,302,302
3,3,23799,block_middle,middle,0.30,cubic_interpolation,8.668645,9.554483,-5.742579,302,302
3,3,23799,block_middle,middle,0.30,spline_interpolation,8.668645,9.554483,-5.742579,302,302
3,3,23799,block_middle,middle,0.30,moving_average,7.698736,8.493698,-4.328504,302,302
3,3,23799,block_middle,middle,0.30,knn,3.273511,3.867327,-0.104672,302,302
3,3,23799,block_middle,middle,0.30,knn_upgraded,3.268787,3.860979,-0.101049,302,302
3,3,23799,block_middle,middle,0.30,decision_tree,3.278948,3.875137,-0.109139,302,302
3,3,23799,block_middle,middle,0.30,random_forest,3.306570,3.897309,-0.121867,302,302
3,3,23799,block_middle,middle,0.30,neural_net,3.285305,3.897905,-0.122210,302,302
3,3,23799,block_middle,middle,0.30,adaptive_imputation,8.668645,9.554483,-5.742579,302,302
4,4,31718,block_middle,middle,0.30,forward_fill,1.405265,1.592307,-0.011299,302,302
4,4,31718,block_middle,middle,0.30,linear_interpolation,1.449327,1.743268,-0.212145,302,302
4,4,31718,block_middle,middle,0.30,time_interpolation,1.449327,1.743268,-0.212145,302,302
4,4,31718,block_middle,middle,0.30,cubic_interpolation,4.257112,4.994779,-8.950817,302,302
4,4,31718,block_middle,middle,0.30,spline_interpolation,4.257112,4.994779,-8.950817,302,302
4,4,31718,block_middle,middle,0.30,moving_average,1.397652,1.589055,-0.007173,302,302
4,4,31718,block_middle,middle,0.30,knn,1.449327,1.743268,-0.212145,302,302
4,4,31718,block_middle,middle,0.30,knn_upgraded,1.454437,1.759613,-0.234981,302,302
4,4,31718,block_middle,middle,0.30,decision_tree,1.449327,1.744628,-0.214037,302,302
4,4,31718,block_middle,middle,0.30,random_forest,1.433943,1.736583,-0.202867,302,302
4,4,31718,block_middle,middle,0.30,neural_net,1.469453,1.784450,-0.270091,302,302
4,4,31718,block_middle,middle,0.30,adaptive_imputation,4.257112,4.994779,-8.950817,302,302
5,5,39637,block_middle,middle,0.30,forward_fill,5.458775,6.898352,-1.219455,302,302
5,5,39637,block_middle,middle,0.30,linear_interpolation,2.888830,3.623059,0.387782,302,302
5,5,39637,block_middle,middle,0.30,time_interpolation,2.888830,3.623059,0.387782,302,302
5,5,39637,block_middle,middle,0.30,cubic_interpolation,24.673366,27.871600,-35.230933,302,302
5,5,39637,block_middle,middle,0.30,spline_interpolation,24.673366,27.871600,-35.230933,302,302
5,5,39637,block_middle,middle,0.30,moving_average,5.247014,6.711840,-1.101062,302,302
5,5,39637,block_middle,middle,0.30,knn,2.888830,3.623059,0.387782,302,302
5,5,39637,block_middle,middle,0.30,knn_upgraded,2.891388,3.629805,0.385500,302,302
5,5,39637,block_middle,middle,0.30,decision_tree,2.958938,3.679114,0.368691,302,302
5,5,39637,block_middle,middle,0.30,random_forest,2.910217,3.647104,0.379628,302,302
5,5,39637,block_middle,middle,0.30,neural_net,2.910788,3.659938,0.375254,302,302
5,5,39637,block_middle,middle,0.30,adaptive_imputation,24.673366,27.871600,-35.230933,302,302
6,6,47556,block_middle,middle,0.30,forward_fill,3.615695,4.541624,-0.247964,302,302
6,6,47556,block_middle,middle,0.30,linear_interpolation,4.081321,5.356858,-0.736201,302,302
6,6,47556,block_middle,middle,0.30,time_interpolation,4.081321,5.356858,-0.736201,302,302
6,6,47556,block_middle,middle,0.30,cubic_interpolation,6.523935,8.516050,-3.387893,302,302
6,6,47556,block_middle,middle,0.30,spline_interpolation,6.523935,8.516050,-3.387893,302,302
6,6,47556,block_middle,middle,0.30,moving_average,3.572488,4.525143,-0.238923,302,302
6,6,47556,block_middle,middle,0.30,knn,4.081321,5.356858,-0.736201,302,302
6,6,47556,block_middle,middle,0.30,knn_upgraded,4.074663,5.358656,-0.737367,302,302
6,6,47556,block_middle,middle,0.30,decision_tree,3.987256,5.206012,-0.639797,302,302
6,6,47556,block_middle,middle,0.30,random_forest,4.049712,5.322125,-0.713759,302,302
6,6,47556,block_middle,middle,0.30,neural_net,4.062573,5.380708,-0.751695,302,302
6,6,47556,block_middle,middle,0.30,adaptive_imputation,6.523935,8.516050,-3.387893,302,302
7,7,55475,block_middle,middle,0.30,forward_fill,5.195099,5.588612,-5.032592,302,302
7,7,55475,block_middle,middle,0.30,linear_interpolation,2.001644,2.631812,-0.337845,302,302
7,7,55475,block_middle,middle,0.30,time_interpolation,2.001644,2.631812,-0.337845,302,302
7,7,55475,block_middle,middle,0.30,cubic_interpolation,6.260968,7.337758,-9.399747,302,302
7,7,55475,block_middle,middle,0.30,spline_interpolation,6.260968,7.337758,-9.399747,302,302
7,7,55475,block_middle,middle,0.30,moving_average,5.071478,5.512550,-4.869501,302,302
7,7,55475,block_middle,middle,0.30,knn,2.001644,2.631812,-0.337845,302,302
7,7,55475,block_middle,middle,0.30,knn_upgraded,2.006834,2.641597,-0.347811,302,302
7,7,55475,block_middle,middle,0.30,decision_tree,2.024457,2.673151,-0.380203,302,302
7,7,55475,block_middle,middle,0.30,random_forest,2.023832,2.664228,-0.371004,302,302
7,7,55475,block_middle,middle,0.30,neural_net,2.013283,2.663345,-0.370096,302,302
7,7,55475,block_middle,middle,0.30,adaptive_imputation,6.260968,7.337758,-9.399747,302,302
8,8,63394,block_middle,middle,0.30,forward_fill,6.824503,7.841675,-2.963972,302,302
8,8,63394,block_middle,middle,0.30,linear_interpolation,3.966506,4.503943,-0.307672,302,302
8,8,63394,block_middle,middle,0.30,time_interpolation,3.966506,4.503943,-0.307672,302,302
8,8,63394,block_middle,middle,0.30,cubic_interpolation,15.135615,17.623937,-19.022522,302,302
8,8,63394,block_middle,middle,0.30,spline_interpolation,15.135615,17.623937,-19.022522,302,302
8,8,63394,block_middle,middle,0.30,moving_average,6.727300,7.784757,-2.906636,302,302
8,8,63394,block_middle,middle,0.30,knn,3.966506,4.503943,-0.307672,302,302
8,8,63394,block_middle,middle,0.30,knn_upgraded,3.978410,4.521174,-0.317696,302,302
8,8,63394,block_middle,middle,0.30,decision_tree,3.919557,4.454076,-0.278875,302,302
8,8,63394,block_middle,middle,0.30,random_forest,3.984194,4.528205,-0.321798,302,302
8,8,63394,block_middle,middle,0.30,neural_net,3.995346,4.555154,-0.337578,302,302
8,8,63394,block_middle,middle,0.30,adaptive_imputation,15.135615,17.623937,-19.022522,302,302
9,9,71313,block_middle,middle,0.30,forward_fill,3.818477,4.059243,-5.705947,302,302
9,9,71313,block_middle,middle,0.30,linear_interpolation,1.907590,2.277692,-1.111349,302,302
9,9,71313,block_middle,middle,0.30,time_interpolation,1.907590,2.277692,-1.111349,302,302
9,9,71313,block_middle,middle,0.30,cubic_interpolation,5.988539,6.994018,-18.907812,302,302
9,9,71313,block_middle,middle,0.30,spline_interpolation,5.988539,6.994018,-18.907812,302,302
9,9,71313,block_middle,middle,0.30,moving_average,3.740927,4.020169,-5.577466,302,302
9,9,71313,block_middle,middle,0.30,knn,1.907590,2.277692,-1.111349,302,302
9,9,71313,block_middle,middle,0.30,knn_upgraded,1.931346,2.302923,-1.158385,302,302
9,9,71313,block_middle,middle,0.30,decision_tree,1.911698,2.281655,-1.118703,302,302
9,9,71313,block_middle,middle,0.30,random_forest,1.910898,2.283137,-1.121455,302,302
9,9,71313,block_middle,middle,0.30,neural_net,1.929123,2.306949,-1.165938,302,302
9,9,71313,block_middle,middle,0.30,adaptive_imputation,5.988539,6.994018,-18.907812,302,302
10,10,79232,block_middle,middle,0.30,forward_fill,6.607219,7.186674,-1.075753,302,302
10,10,79232,block_middle,middle,0.30,linear_interpolation,2.982852,3.716684,0.444824,302,302
10,10,79232,block_middle,middle,0.30,time_interpolation,2.982852,3.716684,0.444824,302,302
10,10,79232,block_middle,middle,0.30,cubic_interpolation,2.888135,3.618275,0.473834,302,302
10,10,79232,block_middle,middle,0.30,spline_interpolation,2.888135,3.618275,0.473834,302,302
10,10,79232,block_middle,middle,0.30,moving_average,6.442545,7.085507,-1.017723,302,302
10,10,79232,block_middle,middle,0.30,knn,2.982852,3.716684,0.444824,302,302
10,10,79232,block_middle,middle,0.30,knn_upgraded,2.980809,3.715928,0.445049,302,302
10,10,79232,block_middle,middle,0.30,decision_tree,2.903021,3.657391,0.462396,302,302
10,10,79232,block_middle,middle,0.30,random_forest,2.980541,3.717989,0.444434,302,302
10,10,79232,block_middle,middle,0.30,neural_net,2.977463,3.713518,0.445769,302,302
10,10,79232,block_middle,middle,0.30,adaptive_imputation,2.888135,3.618275,0.473834,302,302
11,11,87151,block_middle,middle,0.30,forward_fill,10.379669,11.612362,-3.974173,302,302
11,11,87151,block_middle,middle,0.30,linear_interpolation,6.933184,8.721404,-1.805774,302,302
11,11,87151,block_middle,middle,0.30,time_interpolation,6.933184,8.721404,-1.805774,302,302
11,11,87151,block_middle,middle,0.30,cubic_interpolation,13.123142,14.859240,-7.144661,302,302
11,11,87151,block_middle,middle,0.30,spline_interpolation,13.123142,14.859240,-7.144661,302,302
11,11,87151,block_middle,middle,0.30,moving_average,10.280020,11.576129,-3.943181,302,302
11,11,87151,block_middle,middle,0.30,knn,6.933184,8.721404,-1.805774,302,302
11,11,87151,block_middle,middle,0.30,knn_upgraded,6.942618,8.736959,-1.815791,302,302
11,11,87151,block_middle,middle,0.30,decision_tree,6.935104,8.723629,-1.807205,302,302
11,11,87151,block_middle,middle,0.30,random_forest,6.942690,8.736412,-1.815439,302,302
11,11,87151,block_middle,middle,0.30,neural_net,6.919206,8.714685,-1.801452,302,302
11,11,87151,block_middle,middle,0.30,adaptive_imputation,13.123142,14.859240,-7.144661,302,302
12,12,95070,block_middle,middle,0.30,forward_fill,1.593212,2.067622,-0.166339,302,302
12,12,95070,block_middle,middle,0.30,linear_interpolation,1.717899,2.377197,-0.541745,302,302
12,12,95070,block_middle,middle,0.30,time_interpolation,1.717899,2.377197,-0.541745,302,302
12,12,95070,block_middle,middle,0.30,cubic_interpolation,8.060765,9.854568,-25.494610,302,302
12,12,95070,block_middle,middle,0.30,spline_interpolation,8.060765,9.854568,-25.494610,302,302
12,12,95070,block_middle,middle,0.30,moving_average,1.579732,2.060007,-0.157763,302,302
12,12,95070,block_middle,middle,0.30,knn,1.717899,2.377197,-0.541745,302,302
12,12,95070,block_middle,middle,0.30,knn_upgraded,1.729953,2.398375,-0.569338,302,302
12,12,95070,block_middle,middle,0.30,decision_tree,1.731423,2.402956,-0.575339,302,302
12,12,95070,block_middle,middle,0.30,random_forest,1.744661,2.425325,-0.604805,302,302
12,12,95070,block_middle,middle,0.30,neural_net,1.746652,2.421869,-0.600235,302,302
12,12,95070,block_middle,middle,0.30,adaptive_imputation,8.060765,9.854568,-25.494610,302,302
13,13,102989,block_middle,middle,0.30,forward_fill,3.916788,4.718564,-0.406805,302,302
13,13,102989,block_middle,middle,0.30,linear_interpolation,3.329452,4.086958,-0.055394,302,302
13,13,102989,block_middle,middle,0.30,time_interpolation,3.329452,4.086958,-0.055394,302,302
13,13,102989,block_middle,middle,0.30,cubic_interpolation,4.470106,5.744367,-1.084965,302,302
13,13,102989,block_middle,middle,0.30,spline_interpolation,4.470106,5.744367,-1.084965,302,302
13,13,102989,block_middle,middle,0.30,moving_average,3.851440,4.687496,-0.388341,302,302
13,13,102989,block_middle,middle,0.30,knn,3.329452,4.086958,-0.055394,302,302
13,13,102989,block_middle,middle,0.30,knn_upgraded,3.325752,4.082753,-0.053224,302,302
13,13,102989,block_middle,middle,0.30,decision_tree,3.333757,4.088172,-0.056021,302,302
13,13,102989,block_middle,middle,0.30,random_forest,3.325332,4.080104,-0.051857,302,302
13,13,102989,block_middle,middle,0.30,neural_net,3.337811,4.091510,-0.057747,302,302
13,13,102989,block_middle,middle,0.30,adaptive_imputation,4.470106,5.744367,-1.084965,302,302
14,14,110908,block_middle,middle,0.30,forward_fill,1.953808,2.051597,-9.746054,302,302
14,14,110908,block_middle,middle,0.30,linear_interpolation,0.831983,1.066646,-1.904728,302,302
14,14,110908,block_middle,middle,0.30,time_interpolation,0.831983,1.066646,-1.904728,302,302
14,14,110908,block_middle,middle,0.30,cubic_interpolation,0.858433,0.948930,-1.298972,302,302
14,14,110908,block_middle,middle,0.30,spline_interpolation,0.858433,0.948930,-1.298972,302,302
14,14,110908,block_middle,middle,0.30,moving_average,1.911727,2.028088,-9.501191,302,302
14,14,110908,block_middle,middle,0.30,knn,0.831983,1.066646,-1.904728,302,302
14,14,110908,block_middle,middle,0.30,knn_upgraded,0.836952,1.078213,-1.968070,302,302
14,14,110908,block_middle,middle,0.30,decision_tree,0.830011,1.064920,-1.895337,302,302
14,14,110908,block_middle,middle,0.30,random_forest,0.814095,1.051686,-1.823822,302,302
14,14,110908,block_middle,middle,0.30,neural_net,0.825018,1.052163,-1.826386,302,302
14,14,110908,block_middle,middle,0.30,adaptive_imputation,0.858433,0.948930,-1.298972,302,302
15,15,118827,block_middle,middle,0.30,forward_fill,4.980629,5.602736,-0.079543,302,302
15,15,118827,block_middle,middle,0.30,linear_interpolation,5.033809,6.180236,-0.313559,302,302
15,15,118827,block_middle,middle,0.30,time_interpolation,5.033809,6.180236,-0.313559,302,302
15,15,118827,block_middle,middle,0.30,cubic_interpolation,7.935477,9.068512,-1.828209,302,302
15,15,118827,block_middle,middle,0.30,spline_interpolation,7.935477,9.068512,-1.828209,302,302
15,15,118827,block_middle,middle,0.30,moving_average,4.802238,5.429766,-0.013915,302,302
15,15,118827,block_middle,middle,0.30,knn,5.033809,6.180236,-0.313559,302,302
15,15,118827,block_middle,middle,0.30,knn_upgraded,5.066182,6.204014,-0.323686,302,302
15,15,118827,block_middle,middle,0.30,decision_tree,5.032484,6.178753,-0.312929,302,302
15,15,118827,block_middle,middle,0.30,random_forest,5.028282,6.178352,-0.312759,302,302
15,15,118827,block_middle,middle,0.30,neural_net,5.094790,6.253974,-0.345091,302,302
15,15,118827,block_middle,middle,0.30,adaptive_imputation,7.935477,9.068512,-1.828209,302,302
16,16,126746,block_middle,middle,0.30,forward_fill,2.220993,2.776727,-0.198427,302,302
16,16,126746,block_middle,middle,0.30,linear_interpolation,2.292648,2.756328,-0.180883,302,302
16,16,126746,block_middle,middle,0.30,time_interpolation,2.292648,2.756328,-0.180883,302,302
16,16,126746,block_middle,middle,0.30,cubic_interpolation,8.070632,9.355157,-12.603395,302,302
16,16,126746,block_middle,middle,0.30,spline_interpolation,8.070632,9.355157,-12.603395,302,302
16,16,126746,block_middle,middle,0.30,moving_average,2.220348,2.776416,-0.198158,302,302
16,16,126746,block_middle,middle,0.30,knn,2.292648,2.756328,-0.180883,302,302
16,16,126746,block_middle,middle,0.30,knn_upgraded,2.290016,2.758004,-0.182320,302,302
16,16,126746,block_middle,middle,0.30,decision_tree,2.292510,2.758458,-0.182709,302,302
16,16,126746,block_middle,middle,0.30,random_forest,2.300942,2.767675,-0.190626,302,302
16,16,126746,block_middle,middle,0.30,neural_net,2.312983,2.779186,-0.200550,302,302
16,16,126746,block_middle,middle,0.30,adaptive_imputation,8.070632,9.355157,-12.603395,302,302
17,17,134665,block_middle,middle,0.30,forward_fill,5.320199,6.927613,-1.316682,302,302
17,17,134665,block_middle,middle,0.30,linear_interpolation,2.059279,2.539647,0.688652,302,302
17,17,134665,block_middle,middle,0.30,time_interpolation,2.059279,2.539647,0.688652,302,302
17,17,134665,block_middle,middle,0.30,cubic_interpolation,2.472443,2.895710,0.595229,302,302
17,17,134665,block_middle,middle,0.30,spline_interpolation,2.472443,2.895710,0.595229,302,302
17,17,134665,block_middle,middle,0.30,moving_average,5.142097,6.798769,-1.231309,302,302
17,17,134665,block_middle,middle,0.30,knn,2.059279,2.539647,0.688652,302,302
17,17,134665,block_middle,middle,0.30,knn_upgraded,2.056684,2.544359,0.687496,302,302
17,17,134665,block_middle,middle,0.30,decision_tree,2.002488,2.494171,0.699703,302,302
17,17,134665,block_middle,middle,0.30,random_forest,2.027437,2.537581,0.689159,302,302
17,17,134665,block_middle,middle,0.30,neural_net,2.023018,2.523444,0.692612,302,302
17,17,134665,block_middle,middle,0.30,adaptive_imputation,2.472443,2.895710,0.595229,302,302
18,18,142584,block_middle,middle,0.30,forward_fill,4.620662,5.533489,-1.796755,302,302
18,18,142584,block_middle,middle,0.30,linear_interpolation,4.138709,5.106431,-1.381723,302,302
18,18,142584,block_middle,middle,0.30,time_interpolation,4.138709,5.106431,-1.381723,302,302
18,18,142584,block_middle,middle,0.30,cubic_interpolation,7.608439,8.822707,-6.109843,302,302
18,18,142584,block_middle,middle,0.30,spline_interpolation,7.608439,8.822707,-6.109843,302,302
18,18,142584,block_middle,middle,0.30,moving_average,4.602422,5.531626,-1.794872,302,302
18,18,142584,block_middle,middle,0.30,knn,4.138709,5.106431,-1.381723,302,302
18,18,142584,block_middle,middle,0.30,knn_upgraded,4.137079,5.107032,-1.382283,302,302
18,18,142584,block_middle,middle,0.30,decision_tree,4.140922,5.108954,-1.384077,302,302
18,18,142584,block_middle,middle,0.30,random_forest,4.140437,5.108240,-1.383410,302,302
18,18,142584,block_middle,middle,0.30,neural_net,4.147355,5.133194,-1.406754,302,302
18,18,142584,block_middle,middle,0.30,adaptive_imputation,7.608439,8.822707,-6.109843,302,302
19,19,150503,block_middle,middle,0.30,forward_fill,1.382384,1.793000,-1.071268,302,302
19,19,150503,block_middle,middle,0.30,linear_interpolation,0.591282,0.695659,0.688205,302,302
19,19,150503,block_middle,middle,0.30,time_interpolation,0.591282,0.695659,0.688205,302,302
19,19,150503,block_middle,middle,0.30,cubic_interpolation,1.459160,1.710457,-0.884951,302,302
19,19,150503,block_middle,middle,0.30,spline_interpolation,1.459160,1.710457,-0.884951,302,302
19,19,150503,block_middle,middle,0.30,moving_average,1.335769,1.763802,-1.004359,302,302
19,19,150503,block_middle,middle,0.30,knn,0.591282,0.695659,0.688205,302,302
19,19,150503,block_middle,middle,0.30,knn_upgraded,0.605639,0.707586,0.677423,302,302
19,19,150503,block_middle,middle,0.30,decision_tree,0.591262,0.695543,0.688309,302,302
19,19,150503,block_middle,middle,0.30,random_forest,0.588827,0.691863,0.691599,302,302
19,19,150503,block_middle,middle,0.30,neural_net,0.574992,0.673033,0.708157,302,302
19,19,150503,block_middle,middle,0.30,adaptive_imputation,1.459160,1.710457,-0.884951,302,302
0,0,42,block_middle,middle,0.40,forward_fill,3.673722,4.042600,-1.306693,403,403
0,0,42,block_middle,middle,0.40,linear_interpolation,5.313284,5.841394,-3.816163,403,403
0,0,42,block_middle,middle,0.40,time_interpolation,5.313284,5.841394,-3.816163,403,403
0,0,42,block_middle,middle,0.40,cubic_interpolation,9.978282,11.095336,-16.375973,403,403
0,0,42,block_middle,middle,0.40,spline_interpolation,9.978282,11.095336,-16.375973,403,403
0,0,42,block_middle,middle,0.40,moving_average,3.622511,4.017756,-1.278428,403,403
0,0,42,block_middle,middle,0.40,knn,5.313284,5.841394,-3.816163,403,403
0,0,42,block_middle,middle,0.40,knn_upgraded,5.310146,5.837537,-3.809806,403,403
0,0,42,block_middle,middle,0.40,decision_tree,5.315457,5.843592,-3.819790,403,403
0,0,42,block_middle,middle,0.40,random_forest,5.315835,5.844223,-3.820829,403,403
0,0,42,block_middle,middle,0.40,neural_net,5.295090,5.818155,-3.777920,403,403
0,0,42,block_middle,middle,0.40,adaptive_imputation,5.315835,5.844223,-3.820829,403,403
1,1,7961,block_middle,middle,0.40,forward_fill,2.149082,2.874450,-0.000710,403,403
1,1,7961,block_middle,middle,0.40,linear_interpolation,2.193004,2.824743,0.033601,403,403
1,1,7961,block_middle,middle,0.40,time_interpolation,2.193004,2.824743,0.033601,403,403
1,1,7961,block_middle,middle,0.40,cubic_interpolation,12.542077,15.723849,-28.944456,403,403
1,1,7961,block_middle,middle,0.40,spline_interpolation,12.542077,15.723849,-28.944456,403,403
1,1,7961,block_middle,middle,0.40,moving_average,2.170753,2.880811,-0.005144,403,403
1,1,7961,block_middle,middle,0.40,knn,2.193004,2.824743,0.033601,403,403
1,1,7961,block_middle,middle,0.40,knn_upgraded,2.175639,2.816856,0.038990,403,403
1,1,7961,block_middle,middle,0.40,decision_tree,2.191703,2.823588,0.034391,403,403
1,1,7961,block_middle,middle,0.40,random_forest,2.182162,2.812199,0.042165,403,403
1,1,7961,block_middle,middle,0.40,neural_net,2.200528,2.856896,0.011475,403,403
1,1,7961,block_middle,middle,0.40,adaptive_imputation,2.182162,2.812199,0.042165,403,403
2,2,15880,block_middle,middle,0.40,forward_fill,2.212829,2.588667,-0.144896,403,403
2,2,15880,block_middle,middle,0.40,linear_interpolation,2.601837,3.145964,-0.690912,403,403
2,2,15880,block_middle,middle,0.40,time_interpolation,2.601837,3.145964,-0.690912,403,403
2,2,15880,block_middle,middle,0.40,cubic_interpolation,6.865890,8.180814,-10.434218,403,403
2,2,15880,block_middle,middle,0.40,spline_interpolation,6.865890,8.180814,-10.434218,403,403
2,2,15880,block_middle,middle,0.40,moving_average,2.191042,2.580181,-0.137401,403,403
2,2,15880,block_middle,middle,0.40,knn,2.601837,3.145964,-0.690912,403,403
2,2,15880,block_middle,middle,0.40,knn_upgraded,2.599212,3.146490,-0.691477,403,403
2,2,15880,block_middle,middle,0.40,decision_tree,2.586700,3.140281,-0.684808,403,403
2,2,15880,block_middle,middle,0.40,random_forest,2.604096,3.151387,-0.696746,403,403
2,2,15880,block_middle,middle,0.40,neural_net,2.617611,3.175412,-0.722716,403,403
2,2,15880,block_middle,middle,0.40,adaptive_imputation,2.604096,3.151387,-0.696746,403,403
3,3,23799,block_middle,middle,0.40,forward_fill,4.852531,6.091835,-1.445827,403,403
3,3,23799,block_middle,middle,0.40,linear_interpolation,5.251162,6.375300,-1.678741,403,403
3,3,23799,block_middle,middle,0.40,time_interpolation,5.251162,6.375300,-1.678741,403,403
3,3,23799,block_middle,middle,0.40,cubic_interpolation,7.728990,9.315025,-4.718704,403,403
3,3,23799,block_middle,middle,0.40,spline_interpolation,7.728990,9.315025,-4.718704,403,403
3,3,23799,block_middle,middle,0.40,moving_average,4.846005,6.091508,-1.445564,403,403
3,3,23799,block_middle,middle,0.40,knn,5.251162,6.375300,-1.678741,403,403
3,3,23799,block_middle,middle,0.40,knn_upgraded,5.282107,6.405334,-1.704040,403,403
3,3,23799,block_middle,middle,0.40,decision_tree,5.246748,6.374480,-1.678052,403,403
3,3,23799,block_middle,middle,0.40,random_forest,5.279318,6.407647,-1.705993,403,403
3,3,23799,block_middle,middle,0.40,neural_net,5.283728,6.439145,-1.732662,403,403
3,3,23799,block_middle,middle,0.40,adaptive_imputation,5.279318,6.407647,-1.705993,403,403
4,4,31718,block_middle,middle,0.40,forward_fill,2.016501,2.326562,-0.700473,403,403
4,4,31718,block_middle,middle,0.40,linear_interpolation,1.584542,1.907998,-0.143658,403,403
4,4,31718,block_middle,middle,0.40,time_interpolation,1.584542,1.907998,-0.143658,403,403
4,4,31718,block_middle,middle,0.40,cubic_interpolation,11.834250,14.702149,-66.905060,403,403
4,4,31718,block_middle,middle,0.40,spline_interpolation,11.834250,14.702149,-66.905060,403,403
4,4,31718,block_middle,middle,0.40,moving_average,1.960945,2.269584,-0.618203,403,403
4,4,31718,block_middle,middle,0.40,knn,1.584542,1.907998,-0.143658,403,403
4,4,31718,block_middle,middle,0.40,knn_upgraded,1.609536,1.936035,-0.177516,403,403
4,4,31718,block_middle,middle,0.40,decision_tree,1.583712,1.908524,-0.144289,403,403
4,4,31718,block_middle,middle,0.40,random_forest,1.604255,1.939698,-0.181976,403,403
4,4,31718,block_middle,middle,0.40,neural_net,1.714414,2.063235,-0.337328,403,403
4,4,31718,block_middle,middle,0.40,adaptive_imputation,1.604255,1.939698,-0.181976,403,403
5,5,39637,block_middle,middle,0.40,forward_fill,4.558784,5.540292,-0.353419,403,403
5,5,39637,block_middle,middle,0.40,linear_interpolation,5.323168,6.702155,-0.980597,403,403
5,5,39637,block_middle,middle,0.40,time_interpolation,5.323168,6.702155,-0.980597,403,403
5,5,39637,block_middle,middle,0.40,cubic_interpolation,9.035773,10.844090,-4.185054,403,403
5,5,39637,block_middle,middle,0.40,spline_interpolation,9.035773,10.844090,-4.185054,403,403
5,5,39637,block_middle,middle,0.40,moving_average,4.520766,5.529293,-0.348051,403,403
5,5,39637,block_middle,middle,0.40,knn,5.323168,6.702155,-0.980597,403,403
5,5,39637,block_middle,middle,0.40,knn_upgraded,5.303682,6.678825,-0.966832,403,403
5,5,39637,block_middle,middle,0.40,decision_tree,5.342230,6.737793,-1.001716,403,403
5,5,39637,block_middle,middle,0.40,random_forest,5.309722,6.689768,-0.973282,403,403
5,5,39637,block_middle,middle,0.40,neural_net,5.177771,6.584653,-0.911758,403,403
5,5,39637,block_middle,middle,0.40,adaptive_imputation,5.309722,6.689768,-0.973282,403,403
6,6,47556,block_middle,middle,0.40,forward_fill,4.816526,5.742675,-1.214126,403,403
6,6,47556,block_middle,middle,0.40,linear_interpolation,4.241900,5.185116,-0.805056,403,403
6,6,47556,block_middle,middle,0.40,time_interpolation,4.241900,5.185116,-0.805056,403,403
6,6,47556,block_middle,middle,0.40,cubic_interpolation,5.314688,6.599600,-1.924213,403,403
6,6,47556,block_middle,middle,0.40,spline_interpolation,5.314688,6.599600,-1.924213,403,403
6,6,47556,block_middle,middle,0.40,moving_average,4.800318,5.738907,-1.211221,403,403
6,6,47556,block_middle,middle,0.40,knn,4.241900,5.185116,-0.805056,403,403
6,6,47556,block_middle,middle,0.40,knn_upgraded,4.206924,5.150805,-0.781247,403,403
6,6,47556,block_middle,middle,0.40,decision_tree,4.177609,5.099684,-0.746065,403,403
6,6,47556,block_middle,middle,0.40,random_forest,4.218324,5.161939,-0.788956,403,403
6,6,47556,block_middle,middle,0.40,neural_net,4.308174,5.284733,-0.875081,403,403
6,6,47556,block_middle,middle,0.40,adaptive_imputation,4.218324,5.161939,-0.788956,403,403
7,7,55475,block_middle,middle,0.40,forward_fill,2.579355,2.935364,-0.648342,403,403
7,7,55475,block_middle,middle,0.40,linear_interpolation,1.463086,1.890700,0.316138,403,403
7,7,55475,block_middle,middle,0.40,time_interpolation,1.463086,1.890700,0.316138,403,403
7,7,55475,block_middle,middle,0.40,cubic_interpolation,12.247813,14.323809,-38.250062,403,403
7,7,55475,block_middle,middle,0.40,spline_interpolation,12.247813,14.323809,-38.250062,403,403
7,7,55475,block_middle,middle,0.40,moving_average,2.551598,2.918456,-0.629407,403,403
7,7,55475,block_middle,middle,0.40,knn,1.463086,1.890700,0.316138,403,403
7,7,55475,block_middle,middle,0.40,knn_upgraded,1.465776,1.893792,0.313900,403,403
7,7,55475,block_middle,middle,0.40,decision_tree,1.501567,1.933421,0.284884,403,403
7,7,55475,block_middle,middle,0.40,random_forest,1.465359,1.894151,0.313639,403,403
7,7,55475,block_middle,middle,0.40,neural_net,1.506448,1.942160,0.278405,403,403
7,7,55475,block_middle,middle,0.40,adaptive_imputation,1.465359,1.894151,0.313639,403,403
8,8,63394,block_middle,middle,0.40,forward_fill,3.428387,4.281651,-0.057725,403,403
8,8,63394,block_middle,middle,0.40,linear_interpolation,3.057847,3.762144,0.183378,403,403
8,8,63394,block_middle,middle,0.40,time_interpolation,3.057847,3.762144,0.183378,403,403
8,8,63394,block_middle,middle,0.40,cubic_interpolation,5.722935,7.052625,-1.869803,403,403
8,8,63394,block_middle,middle,0.40,spline_interpolation,5.722935,7.052625,-1.869803,403,403
8,8,63394,block_middle,middle,0.40,moving_average,3.433222,4.282382,-0.058086,403,403
8,8,63394,block_middle,middle,0.40,knn,3.057847,3.762144,0.183378,403,403
8,8,63394,block_middle,middle,0.40,knn_upgraded,3.042057,3.747290,0.189814,403,403
8,8,63394,block_middle,middle,0.40,decision_tree,3.046743,3.767382,0.181102,403,403
8,8,63394,block_middle,middle,0.40,random_forest,3.051738,3.754620,0.186641,403,403
8,8,63394,block_middle,middle,0.40,neural_net,3.004505,3.708298,0.206586,403,403
8,8,63394,block_middle,middle,0.40,adaptive_imputation,3.051738,3.754620,0.186641,403,403
9,9,71313,block_middle,middle,0.40,forward_fill,3.076253,3.549132,-2.145350,403,403
9,9,71313,block_middle,middle,0.40,linear_interpolation,4.049791,4.422524,-3.883881,403,403
9,9,71313,block_middle,middle,0.40,time_interpolation,4.049791,4.422524,-3.883881,403,403
9,9,71313,block_middle,middle,0.40,cubic_interpolation,6.839593,7.724376,-13.898805,403,403
9,9,71313,block_middle,middle,0.40,spline_interpolation,6.839593,7.724376,-13.898805,403,403
9,9,71313,block_middle,middle,0.40,moving_average,3.057989,3.542896,-2.134306,403,403
9,9,71313,block_middle,middle,0.40,knn,4.049791,4.422524,-3.883881,403,403
9,9,71313,block_middle,middle,0.40,knn_upgraded,4.046280,4.418556,-3.875121,403,403
9,9,71313,block_middle,middle,0.40,decision_tree,4.096845,4.472904,-3.995786,403,403
9,9,71313,block_middle,middle,0.40,random_forest,4.041469,4.414544,-3.866271,403,403
9,9,71313,block_middle,middle,0.40,neural_net,4.094993,4.473140,-3.996313,403,403
9,9,71313,block_middle,middle,0.40,adaptive_imputation,4.041469,4.414544,-3.866271,403,403
10,10,79232,block_middle,middle,0.40,forward_fill,3.981315,4.638162,-0.063533,403,403
10,10,79232,block_middle,middle,0.40,linear_interpolation,3.121130,4.085986,0.174622,403,403
10,10,79232,block_middle,middle,0.40,time_interpolation,3.121130,4.085986,0.174622,403,403
10,10,79232,block_middle,middle,0.40,cubic_interpolation,13.698819,15.675637,-11.148129,403,403
10,10,79232,block_middle,middle,0.40,spline_interpolation,13.698819,15.675637,-11.148129,403,403
10,10,79232,block_middle,middle,0.40,moving_average,3.958354,4.631803,-0.060618,403,403
10,10,79232,block_middle,middle,0.40,knn,3.121130,4.085986,0.174622,403,403
10,10,79232,block_middle,middle,0.40,knn_upgraded,3.126906,4.087495,0.174013,403,403
10,10,79232,block_middle,middle,0.40,decision_tree,3.121282,4.085969,0.174629,403,403
10,10,79232,block_middle,middle,0.40,random_forest,3.127109,4.084681,0.175149,403,403
10,10,79232,block_middle,middle,0.40,neural_net,3.131337,4.093791,0.171466,403,403
10,10,79232,block_middle,middle,0.40,adaptive_imputation,3.127109,4.084681,0.175149,403,403
11,11,87151,block_middle,middle,0.40,forward_fill,4.981886,5.846544,-0.170628,403,403
11,11,87151,block_middle,middle,0.40,linear_interpolation,4.775745,5.456247,-0.019550,403,403
11,11,87151,block_middle,middle,0.40,time_interpolation,4.775745,5.456247,-0.019550,403,403
11,11,87151,block_middle,middle,0.40,cubic_interpolation,12.871147,16.020769,-7.789970,403,403
11,11,87151,block_middle,middle,0.40,spline_interpolation,12.871147,16.020769,-7.789970,403,403
11,11,87151,block_middle,middle,0.40,moving_average,4.965651,5.842710,-0.169094,403,403
11,11,87151,block_middle,middle,0.40,knn,4.775745,5.456247,-0.019550,403,403
11,11,87151,block_middle,middle,0.40,knn_upgraded,4.769051,5.456194,-0.019530,403,403
11,11,87151,block_middle,middle,0.40,decision_tree,4.788969,5.507278,-0.038711,403,403
11,11,87151,block_middle,middle,0.40,random_forest,4.774036,5.465777,-0.023115,403,403
11,11,87151,block_middle,middle,0.40,neural_net,4.762208,5.448499,-0.016657,403,403
11,11,87151,block_middle,middle,0.40,adaptive_imputation,4.774036,5.465777,-0.023115,403,403
12,12,95070,block_middle,middle,0.40,forward_fill,2.566600,3.059868,-1.253198,403,403
12,12,95070,block_middle,middle,0.40,linear_interpolation,3.718239,4.193981,-3.232987,403,403
12,12,95070,block_middle,middle,0.40,time_interpolation,3.718239,4.193981,-3.232987,403,403
12,12,95070,block_middle,middle,0.40,cubic_interpolation,4.395112,5.453941,-6.158381,403,403
12,12,95070,block_middle,middle,0.40,spline_interpolation,4.395112,5.453941,-6.158381,403,403
12,12,95070,block_middle,middle,0.40,moving_average,2.528521,3.040786,-1.225183,403,403
12,12,95070,block_middle,middle,0.40,knn,3.718239,4.193981,-3.232987,403,403
12,12,95070,block_middle,middle,0.40,knn_upgraded,3.696966,4.173829,-3.192405,403,403
12,12,95070,block_middle,middle,0.40,decision_tree,3.587682,4.076023,-2.998224,403,403
12,12,95070,block_middle,middle,0.40,random_forest,3.681844,4.160665,-3.166002,403,403
12,12,95070,block_middle,middle,0.40,neural_net,3.657279,4.139854,-3.124431,403,403
12,12,95070,block_middle,middle,0.40,adaptive_imputation,3.681844,4.160665,-3.166002,403,403
13,13,102989,block_middle,middle,0.40,forward_fill,3.514665,4.510959,-0.497741,403,403
13,13,102989,block_middle,middle,0.40,linear_interpolation,3.878182,4.909771,-0.774276,403,403
13,13,102989,block_middle,middle,0.40,time_interpolation,3.878182,4.909771,-0.774276,403,403
13,13,102989,block_middle,middle,0.40,cubic_interpolation,3.074083,4.318060,-0.372386,403,403
13,13,102989,block_middle,middle,0.40,spline_interpolation,3.074083,4.318060,-0.372386,403,403
13,13,102989,block_middle,middle,0.40,moving_average,3.497807,4.507937,-0.495735,403,403
13,13,102989,block_middle,middle,0.40,knn,3.878182,4.909771,-0.774276,403,403
13,13,102989,block_middle,middle,0.40,knn_upgraded,3.853095,4.882009,-0.754269,403,403
13,13,102989,block_middle,middle,0.40,decision_tree,3.881661,4.913350,-0.776865,403,403
13,13,102989,block_middle,middle,0.40,random_forest,3.883499,4.914707,-0.777846,403,403
13,13,102989,block_middle,middle,0.40,neural_net,3.883248,4.911502,-0.775528,403,403
13,13,102989,block_middle,middle,0.40,adaptive_imputation,3.883499,4.914707,-0.777846,403,403
14,14,110908,block_middle,middle,0.40,forward_fill,2.896129,3.065691,-8.297123,403,403
14,14,110908,block_middle,middle,0.40,linear_interpolation,1.059104,1.331013,-0.752493,403,403
14,14,110908,block_middle,middle,0.40,time_interpolation,1.059104,1.331013,-0.752493,403,403
14,14,110908,block_middle,middle,0.40,cubic_interpolation,0.749307,0.873213,0.245721,403,403
14,14,110908,block_middle,middle,0.40,spline_interpolation,0.749307,0.873213,0.245721,403,403
14,14,110908,block_middle,middle,0.40,moving_average,2.843268,3.033512,-8.102971,403,403
14,14,110908,block_middle,middle,0.40,knn,1.059104,1.331013,-0.752493,403,403
14,14,110908,block_middle,middle,0.40,knn_upgraded,1.065926,1.341572,-0.780409,403,403
14,14,110908,block_middle,middle,0.40,decision_tree,1.054106,1.326912,-0.741710,403,403
14,14,110908,block_middle,middle,0.40,random_forest,1.065215,1.336677,-0.767439,403,403
14,14,110908,block_middle,middle,0.40,neural_net,1.064141,1.327235,-0.742560,403,403
14,14,110908,block_middle,middle,0.40,adaptive_imputation,1.065215,1.336677,-0.767439,403,403
15,15,118827,block_middle,middle,0.40,forward_fill,8.006278,9.294806,-1.611490,403,403
15,15,118827,block_middle,middle,0.40,linear_interpolation,5.357770,6.158379,-0.146411,403,403
15,15,118827,block_middle,middle,0.40,time_interpolation,5.357770,6.158379,-0.146411,403,403
15,15,118827,block_middle,middle,0.40,cubic_interpolation,22.322548,26.853105,-20.796994,403,403
15,15,118827,block_middle,middle,0.40,spline_interpolation,22.322548,26.853105,-20.796994,403,403
15,15,118827,block_middle,middle,0.40,moving_average,7.918032,9.235694,-1.578379,403,403
15,15,118827,block_middle,middle,0.40,knn,5.357770,6.158379,-0.146411,403,403
15,15,118827,block_middle,middle,0.40,knn_upgraded,5.265698,6.061749,-0.110717,403,403
15,15,118827,block_middle,middle,0.40,decision_tree,5.172936,5.944131,-0.068032,403,403
15,15,118827,block_middle,middle,0.40,random_forest,5.283299,6.080929,-0.117757,403,403
15,15,118827,block_middle,middle,0.40,neural_net,5.056278,5.870017,-0.041565,403,403
15,15,118827,block_middle,middle,0.40,adaptive_imputation,5.283299,6.080929,-0.117757,403,403
16,16,126746,block_middle,middle,0.40,forward_fill,2.008114,2.740390,-0.419628,403,403
16,16,126746,block_middle,middle,0.40,linear_interpolation,1.922494,2.530506,-0.210500,403,403
16,16,126746,block_middle,middle,0.40,time_interpolation,1.922494,2.530506,-0.210500,403,403
16,16,126746,block_middle,middle,0.40,cubic_interpolation,4.837864,5.800404,-5.360135,403,403
16,16,126746,block_middle,middle,0.40,spline_interpolation,4.837864,5.800404,-5.360135,403,403
16,16,126746,block_middle,middle,0.40,moving_average,1.993587,2.734158,-0.413179,403,403
16,16,126746,block_middle,middle,0.40,knn,1.922494,2.530506,-0.210500,403,403
16,16,126746,block_middle,middle,0.40,knn_upgraded,1.912117,2.516058,-0.196716,403,403
16,16,126746,block_middle,middle,0.40,decision_tree,1.939410,2.565669,-0.244374,403,403
16,16,126746,block_middle,middle,0.40,random_forest,1.939528,2.550030,-0.229251,403,403
16,16,126746,block_middle,middle,0.40,neural_net,1.939007,2.567042,-0.245706,403,403
16,16,126746,block_middle,middle,0.40,adaptive_imputation,1.939528,2.550030,-0.229251,403,403
17,17,134665,block_middle,middle,0.40,forward_fill,4.164690,4.721826,-0.140231,403,403
17,17,134665,block_middle,middle,0.40,linear_interpolation,2.909291,3.514941,0.368158,403,403
17,17,134665,block_middle,middle,0.40,time_interpolation,2.909291,3.514941,0.368158,403,403
17,17,134665,block_middle,middle,0.40,cubic_interpolation,14.045078,15.332979,-11.023361,403,403
17,17,134665,block_middle,middle,0.40,spline_interpolation,14.045078,15.332979,-11.023361,403,403
17,17,134665,block_middle,middle,0.40,moving_average,4.094391,4.662166,-0.111599,403,403
17,17,134665,block_middle,middle,0.40,knn,2.909291,3.514941,0.368158,403,403
17,17,134665,block_middle,middle,0.40,knn_upgraded,2.936320,3.550852,0.355181,403,403
17,17,134665,block_middle,middle,0.40,decision_tree,3.058919,3.682325,0.306547,403,403
17,17,134665,block_middle,middle,0.40,random_forest,2.965314,3.584822,0.342784,403,403
17,17,134665,block_middle,middle,0.40,neural_net,2.964960,3.577120,0.345605,403,403
17,17,134665,block_middle,middle,0.40,adaptive_imputation,2.965314,3.584822,0.342784,403,403
18,18,142584,block_middle,middle,0.40,forward_fill,3.158809,4.225405,-0.729032,403,403
18,18,142584,block_middle,middle,0.40,linear_interpolation,2.732427,3.535323,-0.210388,403,403
18,18,142584,block_middle,middle,0.40,time_interpolation,2.732427,3.535323,-0.210388,403,403
18,18,142584,block_middle,middle,0.40,cubic_interpolation,17.078256,20.676970,-40.403802,403,403
18,18,142584,block_middle,middle,0.40,spline_interpolation,17.078256,20.676970,-40.403802,403,403
18,18,142584,block_middle,middle,0.40,moving_average,3.136766,4.218257,-0.723187,403,403
18,18,142584,block_middle,middle,0.40,knn,2.732427,3.535323,-0.210388,403,403
18,18,142584,block_middle,middle,0.40,knn_upgraded,2.731699,3.543784,-0.216188,403,403
18,18,142584,block_middle,middle,0.40,decision_tree,2.736782,3.538594,-0.212629,403,403
18,18,142584,block_middle,middle,0.40,random_forest,2.740717,3.547921,-0.219030,403,403
18,18,142584,block_middle,middle,0.40,neural_net,2.735280,3.536078,-0.210905,403,403
18,18,142584,block_middle,middle,0.40,adaptive_imputation,2.740717,3.547921,-0.219030,403,403
19,19,150503,block_middle,middle,0.40,forward_fill,1.303052,1.612371,-0.433929,403,403
19,19,150503,block_middle,middle,0.40,linear_interpolation,3.046973,3.215568,-4.703129,403,403
19,19,150503,block_middle,middle,0.40,time_interpolation,3.046973,3.215568,-4.703129,403,403
19,19,150503,block_middle,middle,0.40,cubic_interpolation,3.151710,3.476035,-5.664476,403,403
19,19,150503,block_middle,middle,0.40,spline_interpolation,3.151710,3.476035,-5.664476,403,403
19,19,150503,block_middle,middle,0.40,moving_average,1.257612,1.548590,-0.322728,403,403
19,19,150503,block_middle,middle,0.40,knn,3.046973,3.215568,-4.703129,403,403
19,19,150503,block_middle,middle,0.40,knn_upgraded,3.060125,3.227691,-4.746214,403,403
19,19,150503,block_middle,middle,0.40,decision_tree,3.047546,3.216112,-4.705058,403,403
19,19,150503,block_middle,middle,0.40,random_forest,3.036083,3.205425,-4.667206,403,403
19,19,150503,block_middle,middle,0.40,neural_net,3.040282,3.215438,-4.702667,403,403
19,19,150503,block_middle,middle,0.40,adaptive_imputation,3.036083,3.205425,-4.667206,403,403
0,0,42,block_middle,middle,0.50,forward_fill,2.854603,4.114514,-0.155799,504,504
0,0,42,block_middle,middle,0.50,linear_interpolation,5.461431,6.385541,-1.783816,504,504
0,0,42,block_middle,middle,0.50,time_interpolation,5.461431,6.385541,-1.783816,504,504
0,0,42,block_middle,middle,0.50,cubic_interpolation,1.219242,1.726106,0.796586,504,504
0,0,42,block_middle,middle,0.50,spline_interpolation,1.219242,1.726106,0.796586,504,504
0,0,42,block_middle,middle,0.50,moving_average,2.717560,3.894226,-0.035350,504,504
0,0,42,block_middle,middle,0.50,knn,5.461431,6.385541,-1.783816,504,504
0,0,42,block_middle,middle,0.50,knn_upgraded,5.425216,6.349880,-1.752809,504,504
0,0,42,block_middle,middle,0.50,decision_tree,5.462861,6.387335,-1.785380,504,504
0,0,42,block_middle,middle,0.50,random_forest,5.453709,6.378956,-1.778077,504,504
0,0,42,block_middle,middle,0.50,neural_net,5.366358,6.275255,-1.688487,504,504
0,0,42,block_middle,middle,0.50,adaptive_imputation,1.219242,1.726106,0.796586,504,504
1,1,7961,block_middle,middle,0.50,forward_fill,3.702500,4.554518,-1.071226,504,504
1,1,7961,block_middle,middle,0.50,linear_interpolation,3.073290,3.663915,-0.340397,504,504
1,1,7961,block_middle,middle,0.50,time_interpolation,3.073290,3.663915,-0.340397,504,504
1,1,7961,block_middle,middle,0.50,cubic_interpolation,4.781475,5.602445,-2.133992,504,504
1,1,7961,block_middle,middle,0.50,spline_interpolation,4.781475,5.602445,-2.133992,504,504
1,1,7961,block_middle,middle,0.50,moving_average,3.579620,4.400036,-0.933104,504,504
1,1,7961,block_middle,middle,0.50,knn,3.073290,3.663915,-0.340397,504,504
1,1,7961,block_middle,middle,0.50,knn_upgraded,3.053339,3.641528,-0.324067,504,504
1,1,7961,block_middle,middle,0.50,decision_tree,3.061907,3.650254,-0.330420,504,504
1,1,7961,block_middle,middle,0.50,random_forest,3.057965,3.647562,-0.328459,504,504
1,1,7961,block_middle,middle,0.50,neural_net,3.059679,3.653511,-0.332795,504,504
1,1,7961,block_middle,middle,0.50,adaptive_imputation,4.781475,5.602445,-2.133992,504,504
2,2,15880,block_middle,middle,0.50,forward_fill,3.103016,3.731000,-1.473605,504,504
2,2,15880,block_middle,middle,0.50,linear_interpolation,2.111189,2.433148,-0.052003,504,504
2,2,15880,block_middle,middle,0.50,time_interpolation,2.111189,2.433148,-0.052003,504,504
2,2,15880,block_middle,middle,0.50,cubic_interpolation,5.402365,6.391928,-6.260116,504,504
2,2,15880,block_middle,middle,0.50,spline_interpolation,5.402365,6.391928,-6.260116,504,504
2,2,15880,block_middle,middle,0.50,moving_average,3.057563,3.706181,-1.440805,504,504
2,2,15880,block_middle,middle,0.50,knn,2.111189,2.433148,-0.052003,504,504
2,2,15880,block_middle,middle,0.50,knn_upgraded,2.112642,2.438157,-0.056339,504,504
2,2,15880,block_middle,middle,0.50,decision_tree,2.108972,2.430791,-0.049965,504,504
2,2,15880,block_middle,middle,0.50,random_forest,2.110146,2.431709,-0.050759,504,504
2,2,15880,block_middle,middle,0.50,neural_net,2.132883,2.468697,-0.082967,504,504
2,2,15880,block_middle,middle,0.50,adaptive_imputation,5.402365,6.391928,-6.260116,504,504
3,3,23799,block_middle,middle,0.50,forward_fill,6.887540,7.646577,-2.553103,504,504
3,3,23799,block_middle,middle,0.50,linear_interpolation,2.817967,3.796154,0.124288,504,504
3,3,23799,block_middle,middle,0.50,time_interpolation,2.817967,3.796154,0.124288,504,504
3,3,23799,block_middle,middle,0.50,cubic_interpolation,21.381722,24.389173,-35.146634,504,504
3,3,23799,block_middle,middle,0.50,spline_interpolation,21.381722,24.389173,-35.146634,504,504
3,3,23799,block_middle,middle,0.50,moving_average,6.735687,7.502314,-2.420300,504,504
3,3,23799,block_middle,middle,0.50,knn,2.817967,3.796154,0.124288,504,504
3,3,23799,block_middle,middle,0.50,knn_upgraded,2.819916,3.788832,0.127663,504,504
3,3,23799,block_middle,middle,0.50,decision_tree,2.850586,3.807168,0.119199,504,504
3,3,23799,block_middle,middle,0.50,random_forest,2.845583,3.799999,0.122513,504,504
3,3,23799,block_middle,middle,0.50,neural_net,2.848260,3.791602,0.126387,504,504
3,3,23799,block_middle,middle,0.50,adaptive_imputation,21.381722,24.389173,-35.146634,504,504
4,4,31718,block_middle,middle,0.50,forward_fill,6.990873,7.385215,-7.117863,504,504
4,4,31718,block_middle,middle,0.50,linear_interpolation,2.958394,3.848599,-1.204554,504,504
4,4,31718,block_middle,middle,0.50,time_interpolation,2.958394,3.848599,-1.204554,504,504
4,4,31718,block_middle,middle,0.50,cubic_interpolation,8.850798,10.353008,-14.953226,504,504
4,4,31718,block_middle,middle,0.50,spline_interpolation,8.850798,10.353008,-14.953226,504,504
4,4,31718,block_middle,middle,0.50,moving_average,6.854598,7.261278,-6.847685,504,504
4,4,31718,block_middle,middle,0.50,knn,2.958394,3.848599,-1.204554,504,504
4,4,31718,block_middle,middle,0.50,knn_upgraded,2.929318,3.815359,-1.166637,504,504
4,4,31718,block_middle,middle,0.50,decision_tree,2.963944,3.854102,-1.210863,504,504
4,4,31718,block_middle,middle,0.50,random_forest,2.982971,3.883875,-1.245153,504,504
4,4,31718,block_middle,middle,0.50,neural_net,3.164551,4.091889,-1.492087,504,504
4,4,31718,block_middle,middle,0.50,adaptive_imputation,8.850798,10.353008,-14.953226,504,504
5,5,39637,block_middle,middle,0.50,forward_fill,4.130397,4.920784,-0.072448,504,504
5,5,39637,block_middle,middle,0.50,linear_interpolation,4.033079,4.705897,0.019173,504,504
5,5,39637,block_middle,middle,0.50,time_interpolation,4.033079,4.705897,0.019173,504,504
5,5,39637,block_middle,middle,0.50,cubic_interpolation,5.471828,6.726488,-1.003939,504,504
5,5,39637,block_middle,middle,0.50,spline_interpolation,5.471828,6.726488,-1.003939,504,504
5,5,39637,block_middle,middle,0.50,moving_average,4.136169,4.921854,-0.072914,504,504
5,5,39637,block_middle,middle,0.50,knn,4.033079,4.705897,0.019173,504,504
5,5,39637,block_middle,middle,0.50,knn_upgraded,4.028411,4.705414,0.019374,504,504
5,5,39637,block_middle,middle,0.50,decision_tree,4.033178,4.705690,0.019259,504,504
5,5,39637,block_middle,middle,0.50,random_forest,4.031961,4.707228,0.018618,504,504
5,5,39637,block_middle,middle,0.50,neural_net,4.006949,4.687012,0.027029,504,504
5,5,39637,block_middle,middle,0.50,adaptive_imputation,5.471828,6.726488,-1.003939,504,504
6,6,47556,block_middle,middle,0.50,forward_fill,3.761111,4.793782,-0.459999,504,504
6,6,47556,block_middle,middle,0.50,linear_interpolation,4.460327,5.701739,-1.065430,504,504
6,6,47556,block_middle,middle,0.50,time_interpolation,4.460327,5.701739,-1.065430,504,504
6,6,47556,block_middle,middle,0.50,cubic_interpolation,12.406631,14.093783,-11.619760,504,504
6,6,47556,block_middle,middle,0.50,spline_interpolation,12.406631,14.093783,-11.619760,504,504
6,6,47556,block_middle,middle,0.50,moving_average,3.734342,4.786355,-0.455479,504,504
6,6,47556,block_middle,middle,0.50,knn,4.460327,5.701739,-1.065430,504,504
6,6,47556,block_middle,middle,0.50,knn_upgraded,4.426520,5.658758,-1.034408,504,504
6,6,47556,block_middle,middle,0.50,decision_tree,4.405499,5.627553,-1.012033,504,504
6,6,47556,block_middle,middle,0.50,random_forest,4.461288,5.707321,-1.069476,504,504
6,6,47556,block_middle,middle,0.50,neural_net,4.437205,5.626729,-1.011444,504,504
6,6,47556,block_middle,middle,0.50,adaptive_imputation,12.406631,14.093783,-11.619760,504,504
7,7,55475,block_middle,middle,0.50,forward_fill,5.983532,6.637451,-4.009308,504,504
7,7,55475,block_middle,middle,0.50,linear_interpolation,2.077585,2.618869,0.220165,504,504
7,7,55475,block_middle,middle,0.50,time_interpolation,2.077585,2.618869,0.220165,504,504
7,7,55475,block_middle,middle,0.50,cubic_interpolation,7.826484,10.002144,-10.375259,504,504
7,7,55475,block_middle,middle,0.50,spline_interpolation,7.826484,10.002144,-10.375259,504,504
7,7,55475,block_middle,middle,0.50,moving_average,5.889115,6.576632,-3.917927,504,504
7,7,55475,block_middle,middle,0.50,knn,2.077585,2.618869,0.220165,504,504
7,7,55475,block_middle,middle,0.50,knn_upgraded,2.059839,2.603304,0.229408,504,504
7,7,55475,block_middle,middle,0.50,decision_tree,2.074159,2.614216,0.222934,504,504
7,7,55475,block_middle,middle,0.50,random_forest,2.066921,2.614598,0.222707,504,504
7,7,55475,block_middle,middle,0.50,neural_net,1.989440,2.545372,0.263322,504,504
7,7,55475,block_middle,middle,0.50,adaptive_imputation,7.826484,10.002144,-10.375259,504,504
8,8,63394,block_middle,middle,0.50,forward_fill,3.773353,4.543053,-0.371029,504,504
8,8,63394,block_middle,middle,0.50,linear_interpolation,3.752877,4.646355,-0.434088,504,504
8,8,63394,block_middle,middle,0.50,time_interpolation,3.752877,4.646355,-0.434088,504,504
8,8,63394,block_middle,middle,0.50,cubic_interpolation,46.943194,56.655892,-212.226525,504,504
8,8,63394,block_middle,middle,0.50,spline_interpolation,46.943194,56.655892,-212.226525,504,504
8,8,63394,block_middle,middle,0.50,moving_average,3.716934,4.505647,-0.348545,504,504
8,8,63394,block_middle,middle,0.50,knn,3.752877,4.646355,-0.434088,504,504
8,8,63394,block_middle,middle,0.50,knn_upgraded,3.754626,4.649644,-0.436119,504,504
8,8,63394,block_middle,middle,0.50,decision_tree,3.722324,4.622528,-0.419418,504,504
8,8,63394,block_middle,middle,0.50,random_forest,3.770622,4.665531,-0.445950,504,504
8,8,63394,block_middle,middle,0.50,neural_net,3.969866,4.864992,-0.572227,504,504
8,8,63394,block_middle,middle,0.50,adaptive_imputation,46.943194,56.655892,-212.226525,504,504
9,9,71313,block_middle,middle,0.50,forward_fill,2.870456,3.562215,-0.934959,504,504
9,9,71313,block_middle,middle,0.50,linear_interpolation,2.026185,2.413936,0.111448,504,504
9,9,71313,block_middle,middle,0.50,time_interpolation,2.026185,2.413936,0.111448,504,504
9,9,71313,block_middle,middle,0.50,cubic_interpolation,9.052250,10.397792,-15.485936,504,504
9,9,71313,block_middle,middle,0.50,spline_interpolation,9.052250,10.397792,-15.485936,504,504
9,9,71313,block_middle,middle,0.50,moving_average,2.801273,3.462263,-0.827896,504,504
9,9,71313,block_middle,middle,0.50,knn,2.026185,2.413936,0.111448,504,504
9,9,71313,block_middle,middle,0.50,knn_upgraded,2.019642,2.410619,0.113888,504,504
9,9,71313,block_middle,middle,0.50,decision_tree,2.027732,2.408415,0.115508,504,504
9,9,71313,block_middle,middle,0.50,random_forest,2.033565,2.424498,0.103656,504,504
9,9,71313,block_middle,middle,0.50,neural_net,2.066354,2.459014,0.077952,504,504
9,9,71313,block_middle,middle,0.50,adaptive_imputation,9.052250,10.397792,-15.485936,504,504
10,10,79232,block_middle,middle,0.50,forward_fill,5.336369,5.962044,-0.948770,504,504
10,10,79232,block_middle,middle,0.50,linear_interpolation,3.195938,3.821682,0.199282,504,504
10,10,79232,block_middle,middle,0.50,time_interpolation,3.195938,3.821682,0.199282,504,504
10,10,79232,block_middle,middle,0.50,cubic_interpolation,4.329853,5.711745,-0.788578,504,504
10,10,79232,block_middle,middle,0.50,spline_interpolation,4.329853,5.711745,-0.788578,504,504
10,10,79232,block_middle,middle,0.50,moving_average,5.276754,5.930656,-0.928305,504,504
10,10,79232,block_middle,middle,0.50,knn,3.195938,3.821682,0.199282,504,504
10,10,79232,block_middle,middle,0.50,knn_upgraded,3.195283,3.821846,0.199214,504,504
10,10,79232,block_middle,middle,0.50,decision_tree,3.195859,3.821624,0.199307,504,504
10,10,79232,block_middle,middle,0.50,random_forest,3.169848,3.802273,0.207395,504,504
10,10,79232,block_middle,middle,0.50,neural_net,3.145808,3.776956,0.217915,504,504
10,10,79232,block_middle,middle,0.50,adaptive_imputation,4.329853,5.711745,-0.788578,504,504
11,11,87151,block_middle,middle,0.50,forward_fill,4.465079,5.341000,-0.194875,504,504
11,11,87151,block_middle,middle,0.50,linear_interpolation,4.176377,5.130563,-0.102573,504,504
11,11,87151,block_middle,middle,0.50,time_interpolation,4.176377,5.130563,-0.102573,504,504
11,11,87151,block_middle,middle,0.50,cubic_interpolation,13.530040,16.823657,-10.855446,504,504
11,11,87151,block_middle,middle,0.50,spline_interpolation,13.530040,16.823657,-10.855446,504,504
11,11,87151,block_middle,middle,0.50,moving_average,4.430072,5.327692,-0.188927,504,504
11,11,87151,block_middle,middle,0.50,knn,4.176377,5.130563,-0.102573,504,504
11,11,87151,block_middle,middle,0.50,knn_upgraded,4.175421,5.133210,-0.103711,504,504
11,11,87151,block_middle,middle,0.50,decision_tree,4.188814,5.157203,-0.114052,504,504
11,11,87151,block_middle,middle,0.50,random_forest,4.184326,5.149232,-0.110611,504,504
11,11,87151,block_middle,middle,0.50,neural_net,4.185100,5.140583,-0.106883,504,504
11,11,87151,block_middle,middle,0.50,adaptive_imputation,13.530040,16.823657,-10.855446,504,504
12,12,95070,block_middle,middle,0.50,forward_fill,3.548234,4.174127,-2.018268,504,504
12,12,95070,block_middle,middle,0.50,linear_interpolation,3.223058,3.841250,-1.556063,504,504
12,12,95070,block_middle,middle,0.50,time_interpolation,3.223058,3.841250,-1.556063,504,504
12,12,95070,block_middle,middle,0.50,cubic_interpolation,3.399141,3.776550,-1.470683,504,504
12,12,95070,block_middle,middle,0.50,spline_interpolation,3.399141,3.776550,-1.470683,504,504
12,12,95070,block_middle,middle,0.50,moving_average,3.538836,4.171753,-2.014836,504,504
12,12,95070,block_middle,middle,0.50,knn,3.223058,3.841250,-1.556063,504,504
12,12,95070,block_middle,middle,0.50,knn_upgraded,3.232300,3.848957,-1.566330,504,504
12,12,95070,block_middle,middle,0.50,decision_tree,3.223877,3.842091,-1.557183,504,504
12,12,95070,block_middle,middle,0.50,random_forest,3.249711,3.868786,-1.592841,504,504
12,12,95070,block_middle,middle,0.50,neural_net,3.243581,3.861226,-1.582717,504,504
12,12,95070,block_middle,middle,0.50,adaptive_imputation,3.399141,3.776550,-1.470683,504,504
13,13,102989,block_middle,middle,0.50,forward_fill,2.987500,3.958373,-0.196299,504,504
13,13,102989,block_middle,middle,0.50,linear_interpolation,3.178278,3.797032,-0.100766,504,504
13,13,102989,block_middle,middle,0.50,time_interpolation,3.178278,3.797032,-0.100766,504,504
13,13,102989,block_middle,middle,0.50,cubic_interpolation,13.052208,15.165600,-16.560049,504,504
13,13,102989,block_middle,middle,0.50,spline_interpolation,13.052208,15.165600,-16.560049,504,504
13,13,102989,block_middle,middle,0.50,moving_average,2.998584,3.963552,-0.199432,504,504
13,13,102989,block_middle,middle,0.50,knn,3.178278,3.797032,-0.100766,504,504
13,13,102989,block_middle,middle,0.50,knn_upgraded,3.179362,3.794029,-0.099026,504,504
13,13,102989,block_middle,middle,0.50,decision_tree,3.177486,3.797507,-0.101041,504,504
13,13,102989,block_middle,middle,0.50,random_forest,3.185971,3.796460,-0.100435,504,504
13,13,102989,block_middle,middle,0.50,neural_net,3.202061,3.822260,-0.115442,504,504
13,13,102989,block_middle,middle,0.50,adaptive_imputation,13.052208,15.165600,-16.560049,504,504
14,14,110908,block_middle,middle,0.50,forward_fill,2.724464,3.003216,-4.422661,504,504
14,14,110908,block_middle,middle,0.50,linear_interpolation,1.225584,1.445619,-0.256455,504,504
14,14,110908,block_middle,middle,0.50,time_interpolation,1.225584,1.445619,-0.256455,504,504
14,14,110908,block_middle,middle,0.50,cubic_interpolation,10.867964,12.319320,-90.245799,504,504
14,14,110908,block_middle,middle,0.50,spline_interpolation,10.867964,12.319320,-90.245799,504,504
14,14,110908,block_middle,middle,0.50,moving_average,2.690383,2.981464,-4.344395,504,504
14,14,110908,block_middle,middle,0.50,knn,1.225584,1.445619,-0.256455,504,504
14,14,110908,block_middle,middle,0.50,knn_upgraded,1.239722,1.465366,-0.291017,504,504
14,14,110908,block_middle,middle,0.50,decision_tree,1.226921,1.446987,-0.258835,504,504
14,14,110908,block_middle,middle,0.50,random_forest,1.234792,1.458791,-0.279456,504,504
14,14,110908,block_middle,middle,0.50,neural_net,1.264300,1.499657,-0.352145,504,504
14,14,110908,block_middle,middle,0.50,adaptive_imputation,10.867964,12.319320,-90.245799,504,504
15,15,118827,block_middle,middle,0.50,forward_fill,6.990675,8.572995,-1.325119,504,504
15,15,118827,block_middle,middle,0.50,linear_interpolation,6.177492,7.332529,-0.700935,504,504
15,15,118827,block_middle,middle,0.50,time_interpolation,6.177492,7.332529,-0.700935,504,504
15,15,118827,block_middle,middle,0.50,cubic_interpolation,27.062165,30.487863,-28.405875,504,504
15,15,118827,block_middle,middle,0.50,spline_interpolation,27.062165,30.487863,-28.405875,504,504
15,15,118827,block_middle,middle,0.50,moving_average,6.866048,8.474356,-1.271923,504,504
15,15,118827,block_middle,middle,0.50,knn,6.177492,7.332529,-0.700935,504,504
15,15,118827,block_middle,middle,0.50,knn_upgraded,6.160144,7.311536,-0.691209,504,504
15,15,118827,block_middle,middle,0.50,decision_tree,6.170330,7.312293,-0.691560,504,504
15,15,118827,block_middle,middle,0.50,random_forest,6.158033,7.307509,-0.689347,504,504
15,15,118827,block_middle,middle,0.50,neural_net,6.139916,7.294862,-0.683505,504,504
15,15,118827,block_middle,middle,0.50,adaptive_imputation,27.062165,30.487863,-28.405875,504,504
16,16,126746,block_middle,middle,0.50,forward_fill,3.123393,3.546419,-1.565653,504,504
16,16,126746,block_middle,middle,0.50,linear_interpolation,2.247380,2.638270,-0.419895,504,504
16,16,126746,block_middle,middle,0.50,time_interpolation,2.247380,2.638270,-0.419895,504,504
16,16,126746,block_middle,middle,0.50,cubic_interpolation,14.031891,16.614500,-55.310897,504,504
16,16,126746,block_middle,middle,0.50,spline_interpolation,14.031891,16.614500,-55.310897,504,504
16,16,126746,block_middle,middle,0.50,moving_average,3.055501,3.479199,-1.469315,504,504
16,16,126746,block_middle,middle,0.50,knn,2.247380,2.638270,-0.419895,504,504
16,16,126746,block_middle,middle,0.50,knn_upgraded,2.240858,2.630947,-0.412024,504,504
16,16,126746,block_middle,middle,0.50,decision_tree,2.293956,2.697566,-0.484437,504,504
16,16,126746,block_middle,middle,0.50,random_forest,2.260498,2.653501,-0.436337,504,504
16,16,126746,block_middle,middle,0.50,neural_net,2.231630,2.625877,-0.406588,504,504
16,16,126746,block_middle,middle,0.50,adaptive_imputation,14.031891,16.614500,-55.310897,504,504
17,17,134665,block_middle,middle,0.50,forward_fill,4.114167,4.389364,-0.014816,504,504
17,17,134665,block_middle,middle,0.50,linear_interpolation,3.355256,3.802979,0.238216,504,504
17,17,134665,block_middle,middle,0.50,time_interpolation,3.355256,3.802979,0.238216,504,504
17,17,134665,block_middle,middle,0.50,cubic_interpolation,33.565823,39.083518,-79.458363,504,504
17,17,134665,block_middle,middle,0.50,spline_interpolation,33.565823,39.083518,-79.458363,504,504
17,17,134665,block_middle,middle,0.50,moving_average,4.080737,4.373934,-0.007693,504,504
17,17,134665,block_middle,middle,0.50,knn,3.355256,3.802979,0.238216,504,504
17,17,134665,block_middle,middle,0.50,knn_upgraded,3.367786,3.787514,0.244399,504,504
17,17,134665,block_middle,middle,0.50,decision_tree,3.345242,3.746847,0.260538,504,504
17,17,134665,block_middle,middle,0.50,random_forest,3.357942,3.770947,0.250995,504,504
17,17,134665,block_middle,middle,0.50,neural_net,3.447228,3.842601,0.222260,504,504
17,17,134665,block_middle,middle,0.50,adaptive_imputation,33.565823,39.083518,-79.458363,504,504
18,18,142584,block_middle,middle,0.50,forward_fill,3.007083,3.753386,-0.507796,504,504
18,18,142584,block_middle,middle,0.50,linear_interpolation,2.622841,3.091096,-0.022636,504,504
18,18,142584,block_middle,middle,0.50,time_interpolation,2.622841,3.091096,-0.022636,504,504
18,18,142584,block_middle,middle,0.50,cubic_interpolation,18.295602,20.200269,-42.672741,504,504
18,18,142584,block_middle,middle,0.50,spline_interpolation,18.295602,20.200269,-42.672741,504,504
18,18,142584,block_middle,middle,0.50,moving_average,2.973026,3.730221,-0.489242,504,504
18,18,142584,block_middle,middle,0.50,knn,2.622841,3.091096,-0.022636,504,504
18,18,142584,block_middle,middle,0.50,knn_upgraded,2.621043,3.081806,-0.016499,504,504
18,18,142584,block_middle,middle,0.50,decision_tree,2.619710,3.067680,-0.007201,504,504
18,18,142584,block_middle,middle,0.50,random_forest,2.637660,3.104506,-0.031529,504,504
18,18,142584,block_middle,middle,0.50,neural_net,2.622249,3.089012,-0.021258,504,504
18,18,142584,block_middle,middle,0.50,adaptive_imputation,18.295602,20.200269,-42.672741,504,504
19,19,150503,block_middle,middle,0.50,forward_fill,1.967500,2.945065,-0.485292,504,504
19,19,150503,block_middle,middle,0.50,linear_interpolation,3.090899,3.545204,-1.152308,504,504
19,19,150503,block_middle,middle,0.50,time_interpolation,3.090899,3.545204,-1.152308,504,504
19,19,150503,block_middle,middle,0.50,cubic_interpolation,7.142167,8.389825,-11.053904,504,504
19,19,150503,block_middle,middle,0.50,spline_interpolation,7.142167,8.389825,-11.053904,504,504
19,19,150503,block_middle,middle,0.50,moving_average,1.867427,2.780570,-0.324005,504,504
19,19,150503,block_middle,middle,0.50,knn,3.090899,3.545204,-1.152308,504,504
19,19,150503,block_middle,middle,0.50,knn_upgraded,3.097463,3.551588,-1.160066,504,504
19,19,150503,block_middle,middle,0.50,decision_tree,3.091389,3.545726,-1.152942,504,504
19,19,150503,block_middle,middle,0.50,random_forest,3.063472,3.514894,-1.115663,504,504
19,19,150503,block_middle,middle,0.50,neural_net,3.076360,3.543092,-1.149745,504,504
19,19,150503,block_middle,middle,0.50,adaptive_imputation,7.142167,8.389825,-11.053904,504,504
0,0,42,block_middle,middle,0.60,forward_fill,3.393025,4.762414,-0.091859,605,605
0,0,42,block_middle,middle,0.60,linear_interpolation,4.080799,4.786952,-0.103140,605,605
0,0,42,block_middle,middle,0.60,time_interpolation,4.080799,4.786952,-0.103140,605,605
0,0,42,block_middle,middle,0.60,cubic_interpolation,4.357731,5.380387,-0.393604,605,605
0,0,42,block_middle,middle,0.60,spline_interpolation,4.357731,5.380387,-0.393604,605,605
0,0,42,block_middle,middle,0.60,moving_average,3.321988,4.698650,-0.062818,605,605
0,0,42,block_middle,middle,0.60,knn,4.080799,4.786952,-0.103140,605,605
0,0,42,block_middle,middle,0.60,knn_upgraded,4.075047,4.779151,-0.099548,605,605
0,0,42,block_middle,middle,0.60,decision_tree,4.080639,4.786754,-0.103049,605,605
0,0,42,block_middle,middle,0.60,random_forest,4.085424,4.792562,-0.105727,605,605
0,0,42,block_middle,middle,0.60,neural_net,4.072505,4.795042,-0.106872,605,605
0,0,42,block_middle,middle,0.60,adaptive_imputation,3.393025,4.762414,-0.091859,605,605
1,1,7961,block_middle,middle,0.60,forward_fill,2.927041,3.574156,-0.027619,605,605
1,1,7961,block_middle,middle,0.60,linear_interpolation,2.983837,3.537755,-0.006794,605,605
1,1,7961,block_middle,middle,0.60,time_interpolation,2.983837,3.537755,-0.006794,605,605
1,1,7961,block_middle,middle,0.60,cubic_interpolation,3.764298,4.800787,-0.854001,605,605
1,1,7961,block_middle,middle,0.60,spline_interpolation,3.764298,4.800787,-0.854001,605,605
1,1,7961,block_middle,middle,0.60,moving_average,2.909933,3.566056,-0.022967,605,605
1,1,7961,block_middle,middle,0.60,knn,2.983837,3.537755,-0.006794,605,605
1,1,7961,block_middle,middle,0.60,knn_upgraded,2.981776,3.534339,-0.004851,605,605
1,1,7961,block_middle,middle,0.60,decision_tree,2.891154,3.441625,0.047177,605,605
1,1,7961,block_middle,middle,0.60,random_forest,2.978480,3.535001,-0.005228,605,605
1,1,7961,block_middle,middle,0.60,neural_net,2.914387,3.469127,0.031888,605,605
1,1,7961,block_middle,middle,0.60,adaptive_imputation,2.927041,3.574156,-0.027619,605,605
2,2,15880,block_middle,middle,0.60,forward_fill,1.944694,2.433371,-0.181149,605,605
2,2,15880,block_middle,middle,0.60,linear_interpolation,1.980773,2.494683,-0.241420,605,605
2,2,15880,block_middle,middle,0.60,time_interpolation,1.980773,2.494683,-0.241420,605,605
2,2,15880,block_middle,middle,0.60,cubic_interpolation,11.563075,13.280193,-34.180095,605,605
2,2,15880,block_middle,middle,0.60,spline_interpolation,11.563075,13.280193,-34.180095,605,605
2,2,15880,block_middle,middle,0.60,moving_average,1.940968,2.432897,-0.180690,605,605
2,2,15880,block_middle,middle,0.60,knn,1.980773,2.494683,-0.241420,605,605
2,2,15880,block_middle,middle,0.60,knn_upgraded,1.971149,2.481301,-0.228138,605,605
2,2,15880,block_middle,middle,0.60,decision_tree,1.981190,2.495239,-0.241974,605,605
2,2,15880,block_middle,middle,0.60,random_forest,1.975830,2.488678,-0.235451,605,605
2,2,15880,block_middle,middle,0.60,neural_net,2.011140,2.534290,-0.281152,605,605
2,2,15880,block_middle,middle,0.60,adaptive_imputation,1.944694,2.433371,-0.181149,605,605
3,3,23799,block_middle,middle,0.60,forward_fill,5.203736,5.936513,-0.658059,605,605
3,3,23799,block_middle,middle,0.60,linear_interpolation,2.750594,3.457665,0.437525,605,605
3,3,23799,block_middle,middle,0.60,time_interpolation,2.750594,3.457665,0.437525,605,605
3,3,23799,block_middle,middle,0.60,cubic_interpolation,16.461048,20.686120,-19.132389,605,605
3,3,23799,block_middle,middle,0.60,spline_interpolation,16.461048,20.686120,-19.132389,605,605
3,3,23799,block_middle,middle,0.60,moving_average,5.134139,5.890405,-0.632404,605,605
3,3,23799,block_middle,middle,0.60,knn,2.750594,3.457665,0.437525,605,605
3,3,23799,block_middle,middle,0.60,knn_upgraded,2.741237,3.447594,0.440797,605,605
3,3,23799,block_middle,middle,0.60,decision_tree,2.750278,3.457157,0.437691,605,605
3,3,23799,block_middle,middle,0.60,random_forest,2.741739,3.450958,0.439705,605,605
3,3,23799,block_middle,middle,0.60,neural_net,2.693586,3.389291,0.459551,605,605
3,3,23799,block_middle,middle,0.60,adaptive_imputation,5.203736,5.936513,-0.658059,605,605
4,4,31718,block_middle,middle,0.60,forward_fill,2.164562,2.785539,-0.022446,605,605
4,4,31718,block_middle,middle,0.60,linear_interpolation,2.482207,3.321725,-0.453950,605,605
4,4,31718,block_middle,middle,0.60,time_interpolation,2.482207,3.321725,-0.453950,605,605
4,4,31718,block_middle,middle,0.60,cubic_interpolation,6.131084,7.506355,-6.424726,605,605
4,4,31718,block_middle,middle,0.60,spline_interpolation,6.131084,7.506355,-6.424726,605,605
4,4,31718,block_middle,middle,0.60,moving_average,2.150654,2.776899,-0.016113,605,605
4,4,31718,block_middle,middle,0.60,knn,2.482207,3.321725,-0.453950,605,605
4,4,31718,block_middle,middle,0.60,knn_upgraded,2.516860,3.356496,-0.484549,605,605
4,4,31718,block_middle,middle,0.60,decision_tree,2.482132,3.321669,-0.453901,605,605
4,4,31718,block_middle,middle,0.60,random_forest,2.493712,3.330916,-0.462008,605,605
4,4,31718,block_middle,middle,0.60,neural_net,2.495043,3.329206,-0.460507,605,605
4,4,31718,block_middle,middle,0.60,adaptive_imputation,2.164562,2.785539,-0.022446,605,605
5,5,39637,block_middle,middle,0.60,forward_fill,4.216843,4.682828,-0.087857,605,605
5,5,39637,block_middle,middle,0.60,linear_interpolation,4.229910,5.117422,-0.299146,605,605
5,5,39637,block_middle,middle,0.60,time_interpolation,4.229910,5.117422,-0.299146,605,605
5,5,39637,block_middle,middle,0.60,cubic_interpolation,5.287963,6.472677,-1.078372,605,605
5,5,39637,block_middle,middle,0.60,spline_interpolation,5.287963,6.472677,-1.078372,605,605
5,5,39637,block_middle,middle,0.60,moving_average,4.168473,4.656678,-0.075741,605,605
5,5,39637,block_middle,middle,0.60,knn,4.229910,5.117422,-0.299146,605,605
5,5,39637,block_middle,middle,0.60,knn_upgraded,4.228192,5.114750,-0.297789,605,605
5,5,39637,block_middle,middle,0.60,decision_tree,4.241578,5.127790,-0.304415,605,605
5,5,39637,block_middle,middle,0.60,random_forest,4.226548,5.109747,-0.295252,605,605
5,5,39637,block_middle,middle,0.60,neural_net,4.218583,5.098567,-0.289590,605,605
5,5,39637,block_middle,middle,0.60,adaptive_imputation,4.216843,4.682828,-0.087857,605,605
6,6,47556,block_middle,middle,0.60,forward_fill,4.486397,5.375948,-0.806072,605,605
6,6,47556,block_middle,middle,0.60,linear_interpolation,3.536163,4.174910,-0.089229,605,605
6,6,47556,block_middle,middle,0.60,time_interpolation,3.536163,4.174910,-0.089229,605,605
6,6,47556,block_middle,middle,0.60,cubic_interpolation,35.881475,43.805795,-118.919014,605,605
6,6,47556,block_middle,middle,0.60,spline_interpolation,35.881475,43.805795,-118.919014,605,605
6,6,47556,block_middle,middle,0.60,moving_average,4.445836,5.357163,-0.793472,605,605
6,6,47556,block_middle,middle,0.60,knn,3.536163,4.174910,-0.089229,605,605
6,6,47556,block_middle,middle,0.60,knn_upgraded,3.538097,4.186580,-0.095327,605,605
6,6,47556,block_middle,middle,0.60,decision_tree,3.465016,4.118729,-0.060111,605,605
6,6,47556,block_middle,middle,0.60,random_forest,3.524111,4.182551,-0.093219,605,605
6,6,47556,block_middle,middle,0.60,neural_net,3.531646,4.294141,-0.152332,605,605
6,6,47556,block_middle,middle,0.60,adaptive_imputation,4.486397,5.375948,-0.806072,605,605
7,7,55475,block_middle,middle,0.60,forward_fill,3.280777,3.710455,-0.547107,605,605
7,7,55475,block_middle,middle,0.60,linear_interpolation,2.396860,2.783552,0.129308,605,605
7,7,55475,block_middle,middle,0.60,time_interpolation,2.396860,2.783552,0.129308,605,605
7,7,55475,block_middle,middle,0.60,cubic_interpolation,1.750964,2.219328,0.446511,605,605
7,7,55475,block_middle,middle,0.60,spline_interpolation,1.750964,2.219328,0.446511,605,605
7,7,55475,block_middle,middle,0.60,moving_average,3.266522,3.706091,-0.543470,605,605
7,7,55475,block_middle,middle,0.60,knn,2.396860,2.783552,0.129308,605,605
7,7,55475,block_middle,middle,0.60,knn_upgraded,2.391881,2.778324,0.132576,605,605
7,7,55475,block_middle,middle,0.60,decision_tree,2.404265,2.788919,0.125947,605,605
7,7,55475,block_middle,middle,0.60,random_forest,2.398095,2.784605,0.128649,605,605
7,7,55475,block_middle,middle,0.60,neural_net,2.415854,2.800819,0.118472,605,605
7,7,55475,block_middle,middle,0.60,adaptive_imputation,3.280777,3.710455,-0.547107,605,605
8,8,63394,block_middle,middle,0.60,forward_fill,3.619025,4.360893,-0.445782,605,605
8,8,63394,block_middle,middle,0.60,linear_interpolation,3.030205,3.890866,-0.150918,605,605
8,8,63394,block_middle,middle,0.60,time_interpolation,3.030205,3.890866,-0.150918,605,605
8,8,63394,block_middle,middle,0.60,cubic_interpolation,6.131996,7.222547,-2.965817,605,605
8,8,63394,block_middle,middle,0.60,spline_interpolation,6.131996,7.222547,-2.965817,605,605
8,8,63394,block_middle,middle,0.60,moving_average,3.588247,4.348107,-0.437316,605,605
8,8,63394,block_middle,middle,0.60,knn,3.030205,3.890866,-0.150918,605,605
8,8,63394,block_middle,middle,0.60,knn_upgraded,3.028568,3.887833,-0.149125,605,605
8,8,63394,block_middle,middle,0.60,decision_tree,3.024194,3.879243,-0.144052,605,605
8,8,63394,block_middle,middle,0.60,random_forest,3.005836,3.859644,-0.132521,605,605
8,8,63394,block_middle,middle,0.60,neural_net,3.033100,3.888666,-0.149617,605,605
8,8,63394,block_middle,middle,0.60,adaptive_imputation,3.619025,4.360893,-0.445782,605,605
9,9,71313,block_middle,middle,0.60,forward_fill,3.681223,4.389712,-1.863329,605,605
9,9,71313,block_middle,middle,0.60,linear_interpolation,3.384282,4.058847,-1.447961,605,605
9,9,71313,block_middle,middle,0.60,time_interpolation,3.384282,4.058847,-1.447961,605,605
9,9,71313,block_middle,middle,0.60,cubic_interpolation,3.467784,4.413773,-1.894804,605,605
9,9,71313,block_middle,middle,0.60,spline_interpolation,3.467784,4.413773,-1.894804,605,605
9,9,71313,block_middle,middle,0.60,moving_average,3.686264,4.390309,-1.864107,605,605
9,9,71313,block_middle,middle,0.60,knn,3.384282,4.058847,-1.447961,605,605
9,9,71313,block_middle,middle,0.60,knn_upgraded,3.413482,4.082642,-1.476748,605,605
9,9,71313,block_middle,middle,0.60,decision_tree,3.385510,4.059494,-1.448742,605,605
9,9,71313,block_middle,middle,0.60,random_forest,3.391206,4.069423,-1.460736,605,605
9,9,71313,block_middle,middle,0.60,neural_net,3.444019,4.122932,-1.525874,605,605
9,9,71313,block_middle,middle,0.60,adaptive_imputation,3.681223,4.389712,-1.863329,605,605
10,10,79232,block_middle,middle,0.60,forward_fill,3.921372,4.509863,-0.257990,605,605
10,10,79232,block_middle,middle,0.60,linear_interpolation,3.311753,3.966847,0.026712,605,605
10,10,79232,block_middle,middle,0.60,time_interpolation,3.311753,3.966847,0.026712,605,605
10,10,79232,block_middle,middle,0.60,cubic_interpolation,6.217012,7.621803,-2.593072,605,605
10,10,79232,block_middle,middle,0.60,spline_interpolation,6.217012,7.621803,-2.593072,605,605
10,10,79232,block_middle,middle,0.60,moving_average,3.908109,4.506504,-0.256117,605,605
10,10,79232,block_middle,middle,0.60,knn,3.311753,3.966847,0.026712,605,605
10,10,79232,block_middle,middle,0.60,knn_upgraded,3.312101,3.968406,0.025947,605,605
10,10,79232,block_middle,middle,0.60,decision_tree,3.311717,3.966818,0.026726,605,605
10,10,79232,block_middle,middle,0.60,random_forest,3.325774,3.980209,0.020144,605,605
10,10,79232,block_middle,middle,0.60,neural_net,3.319297,3.999422,0.010662,605,605
10,10,79232,block_middle,middle,0.60,adaptive_imputation,3.921372,4.509863,-0.257990,605,605
11,11,87151,block_middle,middle,0.60,forward_fill,11.037570,12.107473,-4.860388,605,605
11,11,87151,block_middle,middle,0.60,linear_interpolation,6.210822,8.046215,-1.588228,605,605
11,11,87151,block_middle,middle,0.60,time_interpolation,6.210822,8.046215,-1.588228,605,605
11,11,87151,block_middle,middle,0.60,cubic_interpolation,18.983630,22.704342,-19.608065,605,605
11,11,87151,block_middle,middle,0.60,spline_interpolation,18.983630,22.704342,-19.608065,605,605
11,11,87151,block_middle,middle,0.60,moving_average,10.943350,12.067107,-4.821376,605,605
11,11,87151,block_middle,middle,0.60,knn,6.210822,8.046215,-1.588228,605,605
11,11,87151,block_middle,middle,0.60,knn_upgraded,6.223009,8.060529,-1.597445,605,605
11,11,87151,block_middle,middle,0.60,decision_tree,6.211933,8.040549,-1.584585,605,605
11,11,87151,block_middle,middle,0.60,random_forest,6.275030,8.105744,-1.626667,605,605
11,11,87151,block_middle,middle,0.60,neural_net,6.288650,8.134996,-1.645660,605,605
11,11,87151,block_middle,middle,0.60,adaptive_imputation,11.037570,12.107473,-4.860388,605,605
12,12,95070,block_middle,middle,0.60,forward_fill,2.080760,2.466283,-0.190035,605,605
12,12,95070,block_middle,middle,0.60,linear_interpolation,1.876937,2.221902,0.034118,605,605
12,12,95070,block_middle,middle,0.60,time_interpolation,1.876937,2.221902,0.034118,605,605
12,12,95070,block_middle,middle,0.60,cubic_interpolation,3.564785,4.092735,-2.277187,605,605
12,12,95070,block_middle,middle,0.60,spline_interpolation,3.564785,4.092735,-2.277187,605,605
12,12,95070,block_middle,middle,0.60,moving_average,2.070061,2.462312,-0.186206,605,605
12,12,95070,block_middle,middle,0.60,knn,1.876937,2.221902,0.034118,605,605
12,12,95070,block_middle,middle,0.60,knn_upgraded,1.876961,2.222855,0.033290,605,605
12,12,95070,block_middle,middle,0.60,decision_tree,1.881464,2.231792,0.025501,605,605
12,12,95070,block_middle,middle,0.60,random_forest,1.879302,2.226327,0.030267,605,605
12,12,95070,block_middle,middle,0.60,neural_net,1.876681,2.226318,0.030276,605,605
12,12,95070,block_middle,middle,0.60,adaptive_imputation,2.080760,2.466283,-0.190035,605,605
13,13,102989,block_middle,middle,0.60,forward_fill,5.095289,5.802942,-1.914229,605,605
13,13,102989,block_middle,middle,0.60,linear_interpolation,3.430049,4.171582,-0.506013,605,605
13,13,102989,block_middle,middle,0.60,time_interpolation,3.430049,4.171582,-0.506013,605,605
13,13,102989,block_middle,middle,0.60,cubic_interpolation,5.231331,6.383660,-2.526685,605,605
13,13,102989,block_middle,middle,0.60,spline_interpolation,5.231331,6.383660,-2.526685,605,605
13,13,102989,block_middle,middle,0.60,moving_average,5.054449,5.785924,-1.897162,605,605
13,13,102989,block_middle,middle,0.60,knn,3.430049,4.171582,-0.506013,605,605
13,13,102989,block_middle,middle,0.60,knn_upgraded,3.437397,4.178264,-0.510842,605,605
13,13,102989,block_middle,middle,0.60,decision_tree,3.441835,4.177975,-0.510632,605,605
13,13,102989,block_middle,middle,0.60,random_forest,3.414835,4.159046,-0.496976,605,605
13,13,102989,block_middle,middle,0.60,neural_net,3.444448,4.193963,-0.522216,605,605
13,13,102989,block_middle,middle,0.60,adaptive_imputation,5.095289,5.802942,-1.914229,605,605
14,14,110908,block_middle,middle,0.60,forward_fill,4.790711,5.000423,-11.132570,605,605
14,14,110908,block_middle,middle,0.60,linear_interpolation,2.254841,2.471098,-1.962916,605,605
14,14,110908,block_middle,middle,0.60,time_interpolation,2.254841,2.471098,-1.962916,605,605
14,14,110908,block_middle,middle,0.60,cubic_interpolation,40.798423,47.621180,-1099.372439,605,605
14,14,110908,block_middle,middle,0.60,spline_interpolation,40.798423,47.621180,-1099.372439,605,605
14,14,110908,block_middle,middle,0.60,moving_average,4.743442,4.975823,-11.013490,605,605
14,14,110908,block_middle,middle,0.60,knn,2.254841,2.471098,-1.962916,605,605
14,14,110908,block_middle,middle,0.60,knn_upgraded,2.324859,2.540384,-2.131398,605,605
14,14,110908,block_middle,middle,0.60,decision_tree,2.307089,2.515527,-2.070418,605,605
14,14,110908,block_middle,middle,0.60,random_forest,2.352184,2.573091,-2.212549,605,605
14,14,110908,block_middle,middle,0.60,neural_net,2.374899,2.594846,-2.267100,605,605
14,14,110908,block_middle,middle,0.60,adaptive_imputation,4.790711,5.000423,-11.132570,605,605
15,15,118827,block_middle,middle,0.60,forward_fill,5.022264,6.290258,-0.272978,605,605
15,15,118827,block_middle,middle,0.60,linear_interpolation,5.587114,7.047815,-0.598060,605,605
15,15,118827,block_middle,middle,0.60,time_interpolation,5.587114,7.047815,-0.598060,605,605
15,15,118827,block_middle,middle,0.60,cubic_interpolation,34.152191,37.333833,-43.842442,605,605
15,15,118827,block_middle,middle,0.60,spline_interpolation,34.152191,37.333833,-43.842442,605,605
15,15,118827,block_middle,middle,0.60,moving_average,5.006613,6.286025,-0.271265,605,605
15,15,118827,block_middle,middle,0.60,knn,5.587114,7.047815,-0.598060,605,605
15,15,118827,block_middle,middle,0.60,knn_upgraded,5.657567,7.133097,-0.636969,605,605
15,15,118827,block_middle,middle,0.60,decision_tree,5.705522,7.201009,-0.668287,605,605
15,15,118827,block_middle,middle,0.60,random_forest,5.637180,7.110638,-0.626677,605,605
15,15,118827,block_middle,middle,0.60,neural_net,5.848370,7.368628,-0.746857,605,605
15,15,118827,block_middle,middle,0.60,adaptive_imputation,5.022264,6.290258,-0.272978,605,605
16,16,126746,block_middle,middle,0.60,forward_fill,2.099603,2.799353,-0.383483,605,605
16,16,126746,block_middle,middle,0.60,linear_interpolation,2.493597,3.041034,-0.632681,605,605
16,16,126746,block_middle,middle,0.60,time_interpolation,2.493597,3.041034,-0.632681,605,605
16,16,126746,block_middle,middle,0.60,cubic_interpolation,4.084117,4.770745,-3.018195,605,605
16,16,126746,block_middle,middle,0.60,spline_interpolation,4.084117,4.770745,-3.018195,605,605
16,16,126746,block_middle,middle,0.60,moving_average,2.063568,2.770292,-0.354908,605,605
16,16,126746,block_middle,middle,0.60,knn,2.493597,3.041034,-0.632681,605,605
16,16,126746,block_middle,middle,0.60,knn_upgraded,2.488628,3.034970,-0.626176,605,605
16,16,126746,block_middle,middle,0.60,decision_tree,2.492557,3.040268,-0.631858,605,605
16,16,126746,block_middle,middle,0.60,random_forest,2.500758,3.051210,-0.643625,605,605
16,16,126746,block_middle,middle,0.60,neural_net,2.524118,3.079335,-0.674066,605,605
16,16,126746,block_middle,middle,0.60,adaptive_imputation,2.099603,2.799353,-0.383483,605,605
17,17,134665,block_middle,middle,0.60,forward_fill,3.814909,4.536348,-0.181070,605,605
17,17,134665,block_middle,middle,0.60,linear_interpolation,3.829334,5.013655,-0.442685,605,605
17,17,134665,block_middle,middle,0.60,time_interpolation,3.829334,5.013655,-0.442685,605,605
17,17,134665,block_middle,middle,0.60,cubic_interpolation,3.323252,4.042534,0.062071,605,605
17,17,134665,block_middle,middle,0.60,spline_interpolation,3.323252,4.042534,0.062071,605,605
17,17,134665,block_middle,middle,0.60,moving_average,3.779737,4.521625,-0.173415,605,605
17,17,134665,block_middle,middle,0.60,knn,3.829334,5.013655,-0.442685,605,605
17,17,134665,block_middle,middle,0.60,knn_upgraded,3.819227,5.003967,-0.437115,605,605
17,17,134665,block_middle,middle,0.60,decision_tree,3.827110,5.011374,-0.441373,605,605
17,17,134665,block_middle,middle,0.60,random_forest,3.827797,5.012805,-0.442196,605,605
17,17,134665,block_middle,middle,0.60,neural_net,3.823002,5.006190,-0.438392,605,605
17,17,134665,block_middle,middle,0.60,adaptive_imputation,3.814909,4.536348,-0.181070,605,605
18,18,142584,block_middle,middle,0.60,forward_fill,2.667785,3.263090,-0.143492,605,605
18,18,142584,block_middle,middle,0.60,linear_interpolation,3.463712,4.316816,-1.001254,605,605
18,18,142584,block_middle,middle,0.60,time_interpolation,3.463712,4.316816,-1.001254,605,605
18,18,142584,block_middle,middle,0.60,cubic_interpolation,2.932893,3.543453,-0.348430,605,605
18,18,142584,block_middle,middle,0.60,spline_interpolation,2.932893,3.543453,-0.348430,605,605
18,18,142584,block_middle,middle,0.60,moving_average,2.640288,3.249156,-0.133747,605,605
18,18,142584,block_middle,middle,0.60,knn,3.463712,4.316816,-1.001254,605,605
18,18,142584,block_middle,middle,0.60,knn_upgraded,3.453616,4.304919,-0.990238,605,605
18,18,142584,block_middle,middle,0.60,decision_tree,3.466067,4.319848,-1.004066,605,605
18,18,142584,block_middle,middle,0.60,random_forest,3.469385,4.324635,-1.008510,605,605
18,18,142584,block_middle,middle,0.60,neural_net,3.472396,4.328844,-1.012422,605,605
18,18,142584,block_middle,middle,0.60,adaptive_imputation,2.667785,3.263090,-0.143492,605,605
19,19,150503,block_middle,middle,0.60,forward_fill,5.225901,6.045570,-2.474946,605,605
19,19,150503,block_middle,middle,0.60,linear_interpolation,2.538574,3.284759,-0.025842,605,605
19,19,150503,block_middle,middle,0.60,time_interpolation,2.538574,3.284759,-0.025842,605,605
19,19,150503,block_middle,middle,0.60,cubic_interpolation,5.957114,7.103369,-3.797359,605,605
19,19,150503,block_middle,middle,0.60,spline_interpolation,5.957114,7.103369,-3.797359,605,605
19,19,150503,block_middle,middle,0.60,moving_average,5.174518,6.008038,-2.431934,605,605
19,19,150503,block_middle,middle,0.60,knn,2.538574,3.284759,-0.025842,605,605
19,19,150503,block_middle,middle,0.60,knn_upgraded,2.491045,3.253442,-0.006374,605,605
19,19,150503,block_middle,middle,0.60,decision_tree,2.543242,3.288303,-0.028057,605,605
19,19,150503,block_middle,middle,0.60,random_forest,2.520116,3.266969,-0.014761,605,605
19,19,150503,block_middle,middle,0.60,neural_net,2.475750,3.209209,0.020804,605,605
19,19,150503,block_middle,middle,0.60,adaptive_imputation,5.225901,6.045570,-2.474946,605,605
0,0,42,block_middle,middle,0.70,forward_fill,3.879150,5.454438,-0.100568,706,706
0,0,42,block_middle,middle,0.70,linear_interpolation,6.606983,7.914620,-1.317271,706,706
0,0,42,block_middle,middle,0.70,time_interpolation,6.606983,7.914620,-1.317271,706,706
0,0,42,block_middle,middle,0.70,cubic_interpolation,12.357900,13.644695,-5.887226,706,706
0,0,42,block_middle,middle,0.70,spline_interpolation,12.357900,13.644695,-5.887226,706,706
0,0,42,block_middle,middle,0.70,moving_average,3.749121,5.253049,-0.020797,706,706
0,0,42,block_middle,middle,0.70,knn,6.606983,7.914620,-1.317271,706,706
0,0,42,block_middle,middle,0.70,knn_upgraded,6.563032,7.873184,-1.293071,706,706
0,0,42,block_middle,middle,0.70,decision_tree,6.705710,8.011056,-1.374085,706,706
0,0,42,block_middle,middle,0.70,random_forest,6.584663,7.894249,-1.305358,706,706
0,0,42,block_middle,middle,0.70,neural_net,6.510100,7.835898,-1.271403,706,706
0,0,42,block_middle,middle,0.70,adaptive_imputation,3.879150,5.454438,-0.100568,706,706
1,1,7961,block_middle,middle,0.70,forward_fill,3.319263,4.257270,-0.658897,706,706
1,1,7961,block_middle,middle,0.70,linear_interpolation,2.202348,2.787952,0.288577,706,706
1,1,7961,block_middle,middle,0.70,time_interpolation,2.202348,2.787952,0.288577,706,706
1,1,7961,block_middle,middle,0.70,cubic_interpolation,16.243185,18.050306,-28.821287,706,706
1,1,7961,block_middle,middle,0.70,spline_interpolation,16.243185,18.050306,-28.821287,706,706
1,1,7961,block_middle,middle,0.70,moving_average,3.291201,4.241492,-0.646624,706,706
1,1,7961,block_middle,middle,0.70,knn,2.202348,2.787952,0.288577,706,706
1,1,7961,block_middle,middle,0.70,knn_upgraded,2.205495,2.797208,0.283845,706,706
1,1,7961,block_middle,middle,0.70,decision_tree,2.214942,2.805043,0.279828,706,706
1,1,7961,block_middle,middle,0.70,random_forest,2.212294,2.800290,0.282267,706,706
1,1,7961,block_middle,middle,0.70,neural_net,2.235631,2.833611,0.265084,706,706
1,1,7961,block_middle,middle,0.70,adaptive_imputation,3.319263,4.257270,-0.658897,706,706
2,2,15880,block_middle,middle,0.70,forward_fill,1.966941,2.293728,-0.145016,706,706
2,2,15880,block_middle,middle,0.70,linear_interpolation,1.668917,2.075342,0.062638,706,706
2,2,15880,block_middle,middle,0.70,time_interpolation,1.668917,2.075342,0.062638,706,706
2,2,15880,block_middle,middle,0.70,cubic_interpolation,3.017275,3.751746,-2.063335,706,706
2,2,15880,block_middle,middle,0.70,spline_interpolation,3.017275,3.751746,-2.063335,706,706
2,2,15880,block_middle,middle,0.70,moving_average,1.946207,2.281728,-0.133066,706,706
2,2,15880,block_middle,middle,0.70,knn,1.668917,2.075342,0.062638,706,706
2,2,15880,block_middle,middle,0.70,knn_upgraded,1.667664,2.074801,0.063128,706,706
2,2,15880,block_middle,middle,0.70,decision_tree,1.673056,2.085717,0.053244,706,706
2,2,15880,block_middle,middle,0.70,random_forest,1.671077,2.077184,0.060974,706,706
2,2,15880,block_middle,middle,0.70,neural_net,1.698822,2.110239,0.030851,706,706
2,2,15880,block_middle,middle,0.70,adaptive_imputation,1.966941,2.293728,-0.145016,706,706
3,3,23799,block_middle,middle,0.70,forward_fill,4.412110,5.924143,-0.688056,706,706
3,3,23799,block_middle,middle,0.70,linear_interpolation,4.526532,6.047999,-0.759378,706,706
3,3,23799,block_middle,middle,0.70,time_interpolation,4.526532,6.047999,-0.759378,706,706
3,3,23799,block_middle,middle,0.70,cubic_interpolation,3.954697,5.242832,-0.322110,706,706
3,3,23799,block_middle,middle,0.70,spline_interpolation,3.954697,5.242832,-0.322110,706,706
3,3,23799,block_middle,middle,0.70,moving_average,4.408079,5.923612,-0.687753,706,706
3,3,23799,block_middle,middle,0.70,knn,4.526532,6.047999,-0.759378,706,706
3,3,23799,block_middle,middle,0.70,knn_upgraded,4.531363,6.053142,-0.762371,706,706
3,3,23799,block_middle,middle,0.70,decision_tree,4.591093,6.120132,-0.801595,706,706
3,3,23799,block_middle,middle,0.70,random_forest,4.541363,6.065953,-0.769839,706,706
3,3,23799,block_middle,middle,0.70,neural_net,4.512155,6.027028,-0.747198,706,706
3,3,23799,block_middle,middle,0.70,adaptive_imputation,4.412110,5.924143,-0.688056,706,706
4,4,31718,block_middle,middle,0.70,forward_fill,2.617068,3.238440,-0.262906,706,706
4,4,31718,block_middle,middle,0.70,linear_interpolation,3.653124,4.282886,-1.208882,706,706
4,4,31718,block_middle,middle,0.70,time_interpolation,3.653124,4.282886,-1.208882,706,706
4,4,31718,block_middle,middle,0.70,cubic_interpolation,44.376627,53.991499,-350.034750,706,706
4,4,31718,block_middle,middle,0.70,spline_interpolation,44.376627,53.991499,-350.034750,706,706
4,4,31718,block_middle,middle,0.70,moving_average,2.600342,3.228753,-0.255362,706,706
4,4,31718,block_middle,middle,0.70,knn,3.653124,4.282886,-1.208882,706,706
4,4,31718,block_middle,middle,0.70,knn_upgraded,3.642960,4.286692,-1.212809,706,706
4,4,31718,block_middle,middle,0.70,decision_tree,3.651966,4.281766,-1.207726,706,706
4,4,31718,block_middle,middle,0.70,random_forest,3.639070,4.275996,-1.201780,706,706
4,4,31718,block_middle,middle,0.70,neural_net,3.721603,4.451894,-1.386651,706,706
4,4,31718,block_middle,middle,0.70,adaptive_imputation,2.617068,3.238440,-0.262906,706,706
5,5,39637,block_middle,middle,0.70,forward_fill,4.239008,5.681048,-0.595348,706,706
5,5,39637,block_middle,middle,0.70,linear_interpolation,5.295463,6.830960,-1.306546,706,706
5,5,39637,block_middle,middle,0.70,time_interpolation,5.295463,6.830960,-1.306546,706,706
5,5,39637,block_middle,middle,0.70,cubic_interpolation,31.053823,35.953654,-62.897620,706,706
5,5,39637,block_middle,middle,0.70,spline_interpolation,31.053823,35.953654,-62.897620,706,706
5,5,39637,block_middle,middle,0.70,moving_average,4.217644,5.673290,-0.590994,706,706
5,5,39637,block_middle,middle,0.70,knn,5.295463,6.830960,-1.306546,706,706
5,5,39637,block_middle,middle,0.70,knn_upgraded,5.323841,6.859662,-1.325970,706,706
5,5,39637,block_middle,middle,0.70,decision_tree,5.300985,6.833677,-1.308381,706,706
5,5,39637,block_middle,middle,0.70,random_forest,5.321251,6.854874,-1.322724,706,706
5,5,39637,block_middle,middle,0.70,neural_net,5.422559,6.966934,-1.399286,706,706
5,5,39637,block_middle,middle,0.70,adaptive_imputation,4.239008,5.681048,-0.595348,706,706
6,6,47556,block_middle,middle,0.70,forward_fill,3.315609,4.139955,-0.131857,706,706
6,6,47556,block_middle,middle,0.70,linear_interpolation,4.058426,5.181230,-0.772826,706,706
6,6,47556,block_middle,middle,0.70,time_interpolation,4.058426,5.181230,-0.772826,706,706
6,6,47556,block_middle,middle,0.70,cubic_interpolation,25.273833,27.682242,-49.606098,706,706
6,6,47556,block_middle,middle,0.70,spline_interpolation,25.273833,27.682242,-49.606098,706,706
6,6,47556,block_middle,middle,0.70,moving_average,3.281796,4.119104,-0.120484,706,706
6,6,47556,block_middle,middle,0.70,knn,4.058426,5.181230,-0.772826,706,706
6,6,47556,block_middle,middle,0.70,knn_upgraded,4.060448,5.187689,-0.777248,706,706
6,6,47556,block_middle,middle,0.70,decision_tree,4.123193,5.265567,-0.831010,706,706
6,6,47556,block_middle,middle,0.70,random_forest,4.070458,5.198866,-0.784915,706,706
6,6,47556,block_middle,middle,0.70,neural_net,4.122042,5.259353,-0.826690,706,706
6,6,47556,block_middle,middle,0.70,adaptive_imputation,3.315609,4.139955,-0.131857,706,706
7,7,55475,block_middle,middle,0.70,forward_fill,2.186218,2.789761,-0.004027,706,706
7,7,55475,block_middle,middle,0.70,linear_interpolation,2.165885,2.769231,0.010697,706,706
7,7,55475,block_middle,middle,0.70,time_interpolation,2.165885,2.769231,0.010697,706,706
7,7,55475,block_middle,middle,0.70,cubic_interpolation,3.150367,3.751869,-0.815961,706,706
7,7,55475,block_middle,middle,0.70,spline_interpolation,3.150367,3.751869,-0.815961,706,706
7,7,55475,block_middle,middle,0.70,moving_average,2.186757,2.789823,-0.004071,706,706
7,7,55475,block_middle,middle,0.70,knn,2.165885,2.769231,0.010697,706,706
7,7,55475,block_middle,middle,0.70,knn_upgraded,2.164478,2.765813,0.013137,706,706
7,7,55475,block_middle,middle,0.70,decision_tree,2.165870,2.769311,0.010640,706,706
7,7,55475,block_middle,middle,0.70,random_forest,2.168033,2.773461,0.007672,706,706
7,7,55475,block_middle,middle,0.70,neural_net,2.168496,2.770308,0.009927,706,706
7,7,55475,block_middle,middle,0.70,adaptive_imputation,2.186218,2.789761,-0.004027,706,706
8,8,63394,block_middle,middle,0.70,forward_fill,11.519363,12.121699,-9.318610,706,706
8,8,63394,block_middle,middle,0.70,linear_interpolation,6.960203,8.085026,-3.590470,706,706
8,8,63394,block_middle,middle,0.70,time_interpolation,6.960203,8.085026,-3.590470,706,706
8,8,63394,block_middle,middle,0.70,cubic_interpolation,40.066331,47.991605,-160.742733,706,706
8,8,63394,block_middle,middle,0.70,spline_interpolation,40.066331,47.991605,-160.742733,706,706
8,8,63394,block_middle,middle,0.70,moving_average,11.438489,12.077059,-9.242752,706,706
8,8,63394,block_middle,middle,0.70,knn,6.960203,8.085026,-3.590470,706,706
8,8,63394,block_middle,middle,0.70,knn_upgraded,6.981621,8.098558,-3.605848,706,706
8,8,63394,block_middle,middle,0.70,decision_tree,7.206602,8.335543,-3.879351,706,706
8,8,63394,block_middle,middle,0.70,random_forest,6.958095,8.075743,-3.579934,706,706
8,8,63394,block_middle,middle,0.70,neural_net,6.973565,7.962615,-3.452517,706,706
8,8,63394,block_middle,middle,0.70,adaptive_imputation,11.519363,12.121699,-9.318610,706,706
9,9,71313,block_middle,middle,0.70,forward_fill,7.318045,7.853520,-6.503251,706,706
9,9,71313,block_middle,middle,0.70,linear_interpolation,4.780226,5.427239,-2.583263,706,706
9,9,71313,block_middle,middle,0.70,time_interpolation,4.780226,5.427239,-2.583263,706,706
9,9,71313,block_middle,middle,0.70,cubic_interpolation,18.903540,21.811730,-56.876323,706,706
9,9,71313,block_middle,middle,0.70,spline_interpolation,18.903540,21.811730,-56.876323,706,706
9,9,71313,block_middle,middle,0.70,moving_average,7.269141,7.830352,-6.459046,706,706
9,9,71313,block_middle,middle,0.70,knn,4.780226,5.427239,-2.583263,706,706
9,9,71313,block_middle,middle,0.70,knn_upgraded,4.730759,5.378590,-2.519311,706,706
9,9,71313,block_middle,middle,0.70,decision_tree,4.726163,5.390490,-2.534901,706,706
9,9,71313,block_middle,middle,0.70,random_forest,4.763244,5.416509,-2.569108,706,706
9,9,71313,block_middle,middle,0.70,neural_net,4.792210,5.485103,-2.660077,706,706
9,9,71313,block_middle,middle,0.70,adaptive_imputation,7.318045,7.853520,-6.503251,706,706
10,10,79232,block_middle,middle,0.70,forward_fill,3.765071,4.394911,-0.382444,706,706
10,10,79232,block_middle,middle,0.70,linear_interpolation,2.786121,3.519442,0.113467,706,706
10,10,79232,block_middle,middle,0.70,time_interpolation,2.786121,3.519442,0.113467,706,706
10,10,79232,block_middle,middle,0.70,cubic_interpolation,54.286208,62.854855,-281.764559,706,706
10,10,79232,block_middle,middle,0.70,spline_interpolation,54.286208,62.854855,-281.764559,706,706
10,10,79232,block_middle,middle,0.70,moving_average,3.744868,4.387597,-0.377846,706,706
10,10,79232,block_middle,middle,0.70,knn,2.786121,3.519442,0.113467,706,706
10,10,79232,block_middle,middle,0.70,knn_upgraded,2.756043,3.498461,0.124005,706,706
10,10,79232,block_middle,middle,0.70,decision_tree,2.784742,3.518342,0.114021,706,706
10,10,79232,block_middle,middle,0.70,random_forest,2.794520,3.527895,0.109203,706,706
10,10,79232,block_middle,middle,0.70,neural_net,2.874994,3.669828,0.036085,706,706
10,10,79232,block_middle,middle,0.70,adaptive_imputation,3.765071,4.394911,-0.382444,706,706
11,11,87151,block_middle,middle,0.70,forward_fill,4.357422,5.305882,-0.072245,706,706
11,11,87151,block_middle,middle,0.70,linear_interpolation,4.108952,4.893728,0.087867,706,706
11,11,87151,block_middle,middle,0.70,time_interpolation,4.108952,4.893728,0.087867,706,706
11,11,87151,block_middle,middle,0.70,cubic_interpolation,11.502036,14.435406,-6.936640,706,706
11,11,87151,block_middle,middle,0.70,spline_interpolation,11.502036,14.435406,-6.936640,706,706
11,11,87151,block_middle,middle,0.70,moving_average,4.332345,5.297401,-0.068820,706,706
11,11,87151,block_middle,middle,0.70,knn,4.108952,4.893728,0.087867,706,706
11,11,87151,block_middle,middle,0.70,knn_upgraded,4.109819,4.889487,0.089447,706,706
11,11,87151,block_middle,middle,0.70,decision_tree,4.109812,4.882992,0.091864,706,706
11,11,87151,block_middle,middle,0.70,random_forest,4.125291,4.898585,0.086055,706,706
11,11,87151,block_middle,middle,0.70,neural_net,4.178520,4.930463,0.074121,706,706
11,11,87151,block_middle,middle,0.70,adaptive_imputation,4.357422,5.305882,-0.072245,706,706
12,12,95070,block_middle,middle,0.70,forward_fill,1.882819,2.391863,-0.210680,706,706
12,12,95070,block_middle,middle,0.70,linear_interpolation,2.363237,2.967162,-0.863113,706,706
12,12,95070,block_middle,middle,0.70,time_interpolation,2.363237,2.967162,-0.863113,706,706
12,12,95070,block_middle,middle,0.70,cubic_interpolation,8.852478,10.329671,-21.580296,706,706
12,12,95070,block_middle,middle,0.70,spline_interpolation,8.852478,10.329671,-21.580296,706,706
12,12,95070,block_middle,middle,0.70,moving_average,1.869142,2.385708,-0.204457,706,706
12,12,95070,block_middle,middle,0.70,knn,2.363237,2.967162,-0.863113,706,706
12,12,95070,block_middle,middle,0.70,knn_upgraded,2.352220,2.954162,-0.846823,706,706
12,12,95070,block_middle,middle,0.70,decision_tree,2.371018,2.975247,-0.873280,706,706
12,12,95070,block_middle,middle,0.70,random_forest,2.348997,2.950887,-0.842730,706,706
12,12,95070,block_middle,middle,0.70,neural_net,2.345963,2.939812,-0.828924,706,706
12,12,95070,block_middle,middle,0.70,adaptive_imputation,1.882819,2.391863,-0.210680,706,706
13,13,102989,block_middle,middle,0.70,forward_fill,5.979136,6.855818,-3.154416,706,706
13,13,102989,block_middle,middle,0.70,linear_interpolation,4.905955,6.029979,-2.213831,706,706
13,13,102989,block_middle,middle,0.70,time_interpolation,4.905955,6.029979,-2.213831,706,706
13,13,102989,block_middle,middle,0.70,cubic_interpolation,29.781565,35.563251,-110.787763,706,706
13,13,102989,block_middle,middle,0.70,spline_interpolation,29.781565,35.563251,-110.787763,706,706
13,13,102989,block_middle,middle,0.70,moving_average,5.963222,6.852524,-3.150424,706,706
13,13,102989,block_middle,middle,0.70,knn,4.905955,6.029979,-2.213831,706,706
13,13,102989,block_middle,middle,0.70,knn_upgraded,4.841237,5.972759,-2.153127,706,706
13,13,102989,block_middle,middle,0.70,decision_tree,4.907540,6.031306,-2.215246,706,706
13,13,102989,block_middle,middle,0.70,random_forest,4.876232,6.001957,-2.184030,706,706
13,13,102989,block_middle,middle,0.70,neural_net,4.802901,5.926878,-2.104870,706,706
13,13,102989,block_middle,middle,0.70,adaptive_imputation,5.979136,6.855818,-3.154416,706,706
14,14,110908,block_middle,middle,0.70,forward_fill,2.590595,3.002359,-2.722795,706,706
14,14,110908,block_middle,middle,0.70,linear_interpolation,2.913192,3.240743,-3.337435,706,706
14,14,110908,block_middle,middle,0.70,time_interpolation,2.913192,3.240743,-3.337435,706,706
14,14,110908,block_middle,middle,0.70,cubic_interpolation,38.397705,43.075835,-765.321849,706,706
14,14,110908,block_middle,middle,0.70,spline_interpolation,38.397705,43.075835,-765.321849,706,706
14,14,110908,block_middle,middle,0.70,moving_average,2.596519,3.003551,-2.725750,706,706
14,14,110908,block_middle,middle,0.70,knn,2.913192,3.240743,-3.337435,706,706
14,14,110908,block_middle,middle,0.70,knn_upgraded,2.847329,3.174389,-3.161637,706,706
14,14,110908,block_middle,middle,0.70,decision_tree,2.853685,3.229113,-3.306361,706,706
14,14,110908,block_middle,middle,0.70,random_forest,2.906173,3.241738,-3.340099,706,706
14,14,110908,block_middle,middle,0.70,neural_net,2.833356,3.130005,-3.046074,706,706
14,14,110908,block_middle,middle,0.70,adaptive_imputation,2.590595,3.002359,-2.722795,706,706
15,15,118827,block_middle,middle,0.70,forward_fill,5.330113,6.316620,-0.352612,706,706
15,15,118827,block_middle,middle,0.70,linear_interpolation,6.651912,8.109250,-1.229283,706,706
15,15,118827,block_middle,middle,0.70,time_interpolation,6.651912,8.109250,-1.229283,706,706
15,15,118827,block_middle,middle,0.70,cubic_interpolation,12.379751,14.201208,-5.836824,706,706
15,15,118827,block_middle,middle,0.70,spline_interpolation,12.379751,14.201208,-5.836824,706,706
15,15,118827,block_middle,middle,0.70,moving_average,5.293602,6.301435,-0.346117,706,706
15,15,118827,block_middle,middle,0.70,knn,6.651912,8.109250,-1.229283,706,706
15,15,118827,block_middle,middle,0.70,knn_upgraded,6.597266,8.043393,-1.193221,706,706
15,15,118827,block_middle,middle,0.70,decision_tree,6.583531,8.022613,-1.181904,706,706
15,15,118827,block_middle,middle,0.70,random_forest,6.642026,8.097011,-1.222559,706,706
15,15,118827,block_middle,middle,0.70,neural_net,6.567701,8.001334,-1.170344,706,706
15,15,118827,block_middle,middle,0.70,adaptive_imputation,5.330113,6.316620,-0.352612,706,706
16,16,126746,block_middle,middle,0.70,forward_fill,2.048994,2.533895,-0.064244,706,706
16,16,126746,block_middle,middle,0.70,linear_interpolation,2.063196,2.481050,-0.020317,706,706
16,16,126746,block_middle,middle,0.70,time_interpolation,2.063196,2.481050,-0.020317,706,706
16,16,126746,block_middle,middle,0.70,cubic_interpolation,9.854659,11.347053,-20.341758,706,706
16,16,126746,block_middle,middle,0.70,spline_interpolation,9.854659,11.347053,-20.341758,706,706
16,16,126746,block_middle,middle,0.70,moving_average,2.041638,2.529932,-0.060918,706,706
16,16,126746,block_middle,middle,0.70,knn,2.063196,2.481050,-0.020317,706,706
16,16,126746,block_middle,middle,0.70,knn_upgraded,2.057122,2.475401,-0.015676,706,706
16,16,126746,block_middle,middle,0.70,decision_tree,2.038414,2.461214,-0.004067,706,706
16,16,126746,block_middle,middle,0.70,random_forest,2.063076,2.482420,-0.021444,706,706
16,16,126746,block_middle,middle,0.70,neural_net,2.069619,2.508662,-0.043154,706,706
16,16,126746,block_middle,middle,0.70,adaptive_imputation,2.048994,2.533895,-0.064244,706,706
17,17,134665,block_middle,middle,0.70,forward_fill,4.001317,5.259307,-0.471961,706,706
17,17,134665,block_middle,middle,0.70,linear_interpolation,5.598182,6.663267,-1.362728,706,706
17,17,134665,block_middle,middle,0.70,time_interpolation,5.598182,6.663267,-1.362728,706,706
17,17,134665,block_middle,middle,0.70,cubic_interpolation,1.877290,2.460743,0.677766,706,706
17,17,134665,block_middle,middle,0.70,spline_interpolation,1.877290,2.460743,0.677766,706,706
17,17,134665,block_middle,middle,0.70,moving_average,3.961292,5.238548,-0.460364,706,706
17,17,134665,block_middle,middle,0.70,knn,5.598182,6.663267,-1.362728,706,706
17,17,134665,block_middle,middle,0.70,knn_upgraded,5.567431,6.636178,-1.343556,706,706
17,17,134665,block_middle,middle,0.70,decision_tree,5.595516,6.660115,-1.360493,706,706
17,17,134665,block_middle,middle,0.70,random_forest,5.554930,6.628363,-1.338040,706,706
17,17,134665,block_middle,middle,0.70,neural_net,5.537022,6.606721,-1.322796,706,706
17,17,134665,block_middle,middle,0.70,adaptive_imputation,4.001317,5.259307,-0.471961,706,706
18,18,142584,block_middle,middle,0.70,forward_fill,6.930949,7.633864,-4.489829,706,706
18,18,142584,block_middle,middle,0.70,linear_interpolation,3.758363,4.690874,-1.072896,706,706
18,18,142584,block_middle,middle,0.70,time_interpolation,3.758363,4.690874,-1.072896,706,706
18,18,142584,block_middle,middle,0.70,cubic_interpolation,5.010815,6.362690,-2.813744,706,706
18,18,142584,block_middle,middle,0.70,spline_interpolation,5.010815,6.362690,-2.813744,706,706
18,18,142584,block_middle,middle,0.70,moving_average,6.902667,7.617292,-4.466019,706,706
18,18,142584,block_middle,middle,0.70,knn,3.758363,4.690874,-1.072896,706,706
18,18,142584,block_middle,middle,0.70,knn_upgraded,3.754756,4.684685,-1.067430,706,706
18,18,142584,block_middle,middle,0.70,decision_tree,3.724430,4.636004,-1.024686,706,706
18,18,142584,block_middle,middle,0.70,random_forest,3.745858,4.673831,-1.057861,706,706
18,18,142584,block_middle,middle,0.70,neural_net,3.770777,4.691964,-1.073859,706,706
18,18,142584,block_middle,middle,0.70,adaptive_imputation,6.930949,7.633864,-4.489829,706,706
19,19,150503,block_middle,middle,0.70,forward_fill,5.313144,6.282984,-2.229939,706,706
19,19,150503,block_middle,middle,0.70,linear_interpolation,1.901459,2.186451,0.608851,706,706
19,19,150503,block_middle,middle,0.70,time_interpolation,1.901459,2.186451,0.608851,706,706
19,19,150503,block_middle,middle,0.70,cubic_interpolation,21.375306,24.468399,-47.986183,706,706
19,19,150503,block_middle,middle,0.70,spline_interpolation,21.375306,24.468399,-47.986183,706,706
19,19,150503,block_middle,middle,0.70,moving_average,5.217875,6.189082,-2.134116,706,706
19,19,150503,block_middle,middle,0.70,knn,1.901459,2.186451,0.608851,706,706
19,19,150503,block_middle,middle,0.70,knn_upgraded,1.905727,2.186219,0.608934,706,706
19,19,150503,block_middle,middle,0.70,decision_tree,1.897097,2.182624,0.610219,706,706
19,19,150503,block_middle,middle,0.70,random_forest,1.876958,2.161238,0.617820,706,706
19,19,150503,block_middle,middle,0.70,neural_net,1.877539,2.167660,0.615546,706,706
19,19,150503,block_middle,middle,0.70,adaptive_imputation,5.313144,6.282984,-2.229939,706,706
0,0,42,block_middle,middle,0.80,forward_fill,4.631563,6.393105,-0.067288,806,806
0,0,42,block_middle,middle,0.80,linear_interpolation,6.862445,8.259125,-0.781255,806,806
0,0,42,block_middle,middle,0.80,time_interpolation,6.862445,8.259125,-0.781255,806,806
0,0,42,block_middle,middle,0.80,cubic_interpolation,7.660307,8.943082,-1.088489,806,806
0,0,42,block_middle,middle,0.80,spline_interpolation,7.660307,8.943082,-1.088489,806,806
0,0,42,block_middle,middle,0.80,moving_average,4.512283,6.231133,-0.013892,806,806
0,0,42,block_middle,middle,0.80,knn,6.862445,8.259125,-0.781255,806,806
0,0,42,block_middle,middle,0.80,knn_upgraded,6.840881,8.236670,-0.771582,806,806
0,0,42,block_middle,middle,0.80,decision_tree,6.857816,8.255001,-0.779476,806,806
0,0,42,block_middle,middle,0.80,random_forest,6.855273,8.250505,-0.777538,806,806
0,0,42,block_middle,middle,0.80,neural_net,6.982879,8.390979,-0.838583,806,806
0,0,42,block_middle,middle,0.80,adaptive_imputation,4.631563,6.393105,-0.067288,806,806
1,1,7961,block_middle,middle,0.80,forward_fill,3.425955,4.405151,-0.677988,806,806
1,1,7961,block_middle,middle,0.80,linear_interpolation,2.886535,3.557540,-0.094376,806,806
1,1,7961,block_middle,middle,0.80,time_interpolation,2.886535,3.557540,-0.094376,806,806
1,1,7961,block_middle,middle,0.80,cubic_interpolation,38.277063,43.057498,-159.311533,806,806
1,1,7961,block_middle,middle,0.80,spline_interpolation,38.277063,43.057498,-159.311533,806,806
1,1,7961,block_middle,middle,0.80,moving_average,3.367699,4.333697,-0.623993,806,806
1,1,7961,block_middle,middle,0.80,knn,2.886535,3.557540,-0.094376,806,806
1,1,7961,block_middle,middle,0.80,knn_upgraded,2.852503,3.513399,-0.067387,806,806
1,1,7961,block_middle,middle,0.80,decision_tree,2.839530,3.502328,-0.060671,806,806
1,1,7961,block_middle,middle,0.80,random_forest,2.824945,3.483623,-0.049372,806,806
1,1,7961,block_middle,middle,0.80,neural_net,2.874117,3.541297,-0.084406,806,806
1,1,7961,block_middle,middle,0.80,adaptive_imputation,3.425955,4.405151,-0.677988,806,806
2,2,15880,block_middle,middle,0.80,forward_fill,1.884777,2.208827,-0.060056,806,806
2,2,15880,block_middle,middle,0.80,linear_interpolation,1.560815,2.032907,0.102074,806,806
2,2,15880,block_middle,middle,0.80,time_interpolation,1.560815,2.032907,0.102074,806,806
2,2,15880,block_middle,middle,0.80,cubic_interpolation,12.159037,13.581073,-39.075002,806,806
2,2,15880,block_middle,middle,0.80,spline_interpolation,12.159037,13.581073,-39.075002,806,806
2,2,15880,block_middle,middle,0.80,moving_average,1.870822,2.201604,-0.053134,806,806
2,2,15880,block_middle,middle,0.80,knn,1.560815,2.032907,0.102074,806,806
2,2,15880,block_middle,middle,0.80,knn_upgraded,1.560463,2.027218,0.107092,806,806
2,2,15880,block_middle,middle,0.80,decision_tree,1.562603,2.019357,0.114004,806,806
2,2,15880,block_middle,middle,0.80,random_forest,1.559057,2.022755,0.111020,806,806
2,2,15880,block_middle,middle,0.80,neural_net,1.561817,2.026568,0.107666,806,806
2,2,15880,block_middle,middle,0.80,adaptive_imputation,1.884777,2.208827,-0.060056,806,806
3,3,23799,block_middle,middle,0.80,forward_fill,6.474020,7.252050,-1.629794,806,806
3,3,23799,block_middle,middle,0.80,linear_interpolation,2.812794,3.805251,0.275953,806,806
3,3,23799,block_middle,middle,0.80,time_interpolation,2.812794,3.805251,0.275953,806,806
3,3,23799,block_middle,middle,0.80,cubic_interpolation,31.208011,35.940447,-63.590267,806,806
3,3,23799,block_middle,middle,0.80,spline_interpolation,31.208011,35.940447,-63.590267,806,806
3,3,23799,block_middle,middle,0.80,moving_average,6.395236,7.191081,-1.585762,806,806
3,3,23799,block_middle,middle,0.80,knn,2.812794,3.805251,0.275953,806,806
3,3,23799,block_middle,middle,0.80,knn_upgraded,2.806898,3.797628,0.278851,806,806
3,3,23799,block_middle,middle,0.80,decision_tree,2.818267,3.801783,0.277272,806,806
3,3,23799,block_middle,middle,0.80,random_forest,2.808865,3.796499,0.279280,806,806
3,3,23799,block_middle,middle,0.80,neural_net,2.840871,3.829755,0.266598,806,806
3,3,23799,block_middle,middle,0.80,adaptive_imputation,6.474020,7.252050,-1.629794,806,806
4,4,31718,block_middle,middle,0.80,forward_fill,6.832457,7.578365,-3.388142,806,806
4,4,31718,block_middle,middle,0.80,linear_interpolation,3.296727,4.423180,-0.494855,806,806
4,4,31718,block_middle,middle,0.80,time_interpolation,3.296727,4.423180,-0.494855,806,806
4,4,31718,block_middle,middle,0.80,cubic_interpolation,11.627823,13.375173,-12.668739,806,806
4,4,31718,block_middle,middle,0.80,spline_interpolation,11.627823,13.375173,-12.668739,806,806
4,4,31718,block_middle,middle,0.80,moving_average,6.732103,7.478870,-3.273676,806,806
4,4,31718,block_middle,middle,0.80,knn,3.296727,4.423180,-0.494855,806,806
4,4,31718,block_middle,middle,0.80,knn_upgraded,3.277615,4.393694,-0.474990,806,806
4,4,31718,block_middle,middle,0.80,decision_tree,3.352176,4.501788,-0.548459,806,806
4,4,31718,block_middle,middle,0.80,random_forest,3.291720,4.426690,-0.497228,806,806
4,4,31718,block_middle,middle,0.80,neural_net,3.419406,4.601234,-0.617626,806,806
4,4,31718,block_middle,middle,0.80,adaptive_imputation,6.832457,7.578365,-3.388142,806,806
5,5,39637,block_middle,middle,0.80,forward_fill,5.074950,6.572409,-1.098580,806,806
5,5,39637,block_middle,middle,0.80,linear_interpolation,3.910918,5.023967,-0.226224,806,806
5,5,39637,block_middle,middle,0.80,time_interpolation,3.910918,5.023967,-0.226224,806,806
5,5,39637,block_middle,middle,0.80,cubic_interpolation,13.172448,15.227922,-10.265686,806,806
5,5,39637,block_middle,middle,0.80,spline_interpolation,13.172448,15.227922,-10.265686,806,806
5,5,39637,block_middle,middle,0.80,moving_average,5.036787,6.554418,-1.087106,806,806
5,5,39637,block_middle,middle,0.80,knn,3.910918,5.023967,-0.226224,806,806
5,5,39637,block_middle,middle,0.80,knn_upgraded,3.913575,5.030121,-0.229230,806,806
5,5,39637,block_middle,middle,0.80,decision_tree,3.911600,5.026104,-0.227268,806,806
5,5,39637,block_middle,middle,0.80,random_forest,3.913939,5.034209,-0.231229,806,806
5,5,39637,block_middle,middle,0.80,neural_net,3.916053,5.038740,-0.233446,806,806
5,5,39637,block_middle,middle,0.80,adaptive_imputation,5.074950,6.572409,-1.098580,806,806
6,6,47556,block_middle,middle,0.80,forward_fill,7.390422,8.406888,-3.398321,806,806
6,6,47556,block_middle,middle,0.80,linear_interpolation,3.618199,4.472243,-0.244707,806,806
6,6,47556,block_middle,middle,0.80,time_interpolation,3.618199,4.472243,-0.244707,806,806
6,6,47556,block_middle,middle,0.80,cubic_interpolation,72.527929,81.541057,-412.779611,806,806
6,6,47556,block_middle,middle,0.80,spline_interpolation,72.527929,81.541057,-412.779611,806,806
6,6,47556,block_middle,middle,0.80,moving_average,7.315942,8.346266,-3.335117,806,806
6,6,47556,block_middle,middle,0.80,knn,3.618199,4.472243,-0.244707,806,806
6,6,47556,block_middle,middle,0.80,knn_upgraded,3.578839,4.425438,-0.218790,806,806
6,6,47556,block_middle,middle,0.80,decision_tree,3.514345,4.353396,-0.179432,806,806
6,6,47556,block_middle,middle,0.80,random_forest,3.572617,4.420645,-0.216152,806,806
6,6,47556,block_middle,middle,0.80,neural_net,3.501299,4.293722,-0.147319,806,806
6,6,47556,block_middle,middle,0.80,adaptive_imputation,7.390422,8.406888,-3.398321,806,806
7,7,55475,block_middle,middle,0.80,forward_fill,3.065310,3.543513,-0.752423,806,806
7,7,55475,block_middle,middle,0.80,linear_interpolation,1.865130,2.295526,0.264580,806,806
7,7,55475,block_middle,middle,0.80,time_interpolation,1.865130,2.295526,0.264580,806,806
7,7,55475,block_middle,middle,0.80,cubic_interpolation,11.565911,12.730392,-21.618011,806,806
7,7,55475,block_middle,middle,0.80,spline_interpolation,11.565911,12.730392,-21.618011,806,806
7,7,55475,block_middle,middle,0.80,moving_average,3.039446,3.528662,-0.737764,806,806
7,7,55475,block_middle,middle,0.80,knn,1.865130,2.295526,0.264580,806,806
7,7,55475,block_middle,middle,0.80,knn_upgraded,1.861452,2.292795,0.266329,806,806
7,7,55475,block_middle,middle,0.80,decision_tree,1.846023,2.279768,0.274642,806,806
7,7,55475,block_middle,middle,0.80,random_forest,1.863064,2.295618,0.264521,806,806
7,7,55475,block_middle,middle,0.80,neural_net,1.863531,2.291999,0.266839,806,806
7,7,55475,block_middle,middle,0.80,adaptive_imputation,3.065310,3.543513,-0.752423,806,806
8,8,63394,block_middle,middle,0.80,forward_fill,16.481179,17.266181,-8.481873,806,806
8,8,63394,block_middle,middle,0.80,linear_interpolation,6.681378,8.449817,-1.270890,806,806
8,8,63394,block_middle,middle,0.80,time_interpolation,6.681378,8.449817,-1.270890,806,806
8,8,63394,block_middle,middle,0.80,cubic_interpolation,29.599759,35.092661,-38.168251,806,806
8,8,63394,block_middle,middle,0.80,spline_interpolation,29.599759,35.092661,-38.168251,806,806
8,8,63394,block_middle,middle,0.80,moving_average,16.323625,17.164481,-8.370503,806,806
8,8,63394,block_middle,middle,0.80,knn,6.681378,8.449817,-1.270890,806,806
8,8,63394,block_middle,middle,0.80,knn_upgraded,6.690996,8.464401,-1.278736,806,806
8,8,63394,block_middle,middle,0.80,decision_tree,6.713117,8.497322,-1.296496,806,806
8,8,63394,block_middle,middle,0.80,random_forest,6.715938,8.504098,-1.300160,806,806
8,8,63394,block_middle,middle,0.80,neural_net,6.780216,8.589169,-1.346410,806,806
8,8,63394,block_middle,middle,0.80,adaptive_imputation,16.481179,17.266181,-8.481873,806,806
9,9,71313,block_middle,middle,0.80,forward_fill,2.413089,3.200975,-0.155356,806,806
9,9,71313,block_middle,middle,0.80,linear_interpolation,2.367040,3.146604,-0.116440,806,806
9,9,71313,block_middle,middle,0.80,time_interpolation,2.367040,3.146604,-0.116440,806,806
9,9,71313,block_middle,middle,0.80,cubic_interpolation,30.657872,34.543442,-133.549601,806,806
9,9,71313,block_middle,middle,0.80,spline_interpolation,30.657872,34.543442,-133.549601,806,806
9,9,71313,block_middle,middle,0.80,moving_average,2.415933,3.201591,-0.155801,806,806
9,9,71313,block_middle,middle,0.80,knn,2.367040,3.146604,-0.116440,806,806
9,9,71313,block_middle,middle,0.80,knn_upgraded,2.360888,3.139601,-0.111476,806,806
9,9,71313,block_middle,middle,0.80,decision_tree,2.369843,3.148426,-0.117733,806,806
9,9,71313,block_middle,middle,0.80,random_forest,2.332847,3.100604,-0.084036,806,806
9,9,71313,block_middle,middle,0.80,neural_net,2.314415,3.077379,-0.067857,806,806
9,9,71313,block_middle,middle,0.80,adaptive_imputation,2.413089,3.200975,-0.155356,806,806
10,10,79232,block_middle,middle,0.80,forward_fill,11.415521,12.175447,-7.135131,806,806
10,10,79232,block_middle,middle,0.80,linear_interpolation,4.728761,5.730709,-0.802235,806,806
10,10,79232,block_middle,middle,0.80,time_interpolation,4.728761,5.730709,-0.802235,806,806
10,10,79232,block_middle,middle,0.80,cubic_interpolation,24.073541,29.048403,-45.306212,806,806
10,10,79232,block_middle,middle,0.80,spline_interpolation,24.073541,29.048403,-45.306212,806,806
10,10,79232,block_middle,middle,0.80,moving_average,11.310939,12.112516,-7.051253,806,806
10,10,79232,block_middle,middle,0.80,knn,4.728761,5.730709,-0.802235,806,806
10,10,79232,block_middle,middle,0.80,knn_upgraded,4.735719,5.738693,-0.807260,806,806
10,10,79232,block_middle,middle,0.80,decision_tree,4.619343,5.596728,-0.718949,806,806
10,10,79232,block_middle,middle,0.80,random_forest,4.717444,5.716763,-0.793474,806,806
10,10,79232,block_middle,middle,0.80,neural_net,4.767437,5.778245,-0.832258,806,806
10,10,79232,block_middle,middle,0.80,adaptive_imputation,11.415521,12.175447,-7.135131,806,806
11,11,87151,block_middle,middle,0.80,forward_fill,3.920931,4.899182,-0.015472,806,806
11,11,87151,block_middle,middle,0.80,linear_interpolation,5.366845,6.361406,-0.712091,806,806
11,11,87151,block_middle,middle,0.80,time_interpolation,5.366845,6.361406,-0.712091,806,806
11,11,87151,block_middle,middle,0.80,cubic_interpolation,28.859457,32.698456,-44.235054,806,806
11,11,87151,block_middle,middle,0.80,spline_interpolation,28.859457,32.698456,-44.235054,806,806
11,11,87151,block_middle,middle,0.80,moving_average,3.892033,4.883216,-0.008864,806,806
11,11,87151,block_middle,middle,0.80,knn,5.366845,6.361406,-0.712091,806,806
11,11,87151,block_middle,middle,0.80,knn_upgraded,5.367279,6.360931,-0.711835,806,806
11,11,87151,block_middle,middle,0.80,decision_tree,5.356408,6.352780,-0.707451,806,806
11,11,87151,block_middle,middle,0.80,random_forest,5.390195,6.390196,-0.727623,806,806
11,11,87151,block_middle,middle,0.80,neural_net,5.409619,6.401060,-0.733502,806,806
11,11,87151,block_middle,middle,0.80,adaptive_imputation,3.920931,4.899182,-0.015472,806,806
12,12,95070,block_middle,middle,0.80,forward_fill,1.945546,2.528715,-0.270682,806,806
12,12,95070,block_middle,middle,0.80,linear_interpolation,2.705216,3.398621,-1.295317,806,806
12,12,95070,block_middle,middle,0.80,time_interpolation,2.705216,3.398621,-1.295317,806,806
12,12,95070,block_middle,middle,0.80,cubic_interpolation,1.542940,1.954778,0.240668,806,806
12,12,95070,block_middle,middle,0.80,spline_interpolation,1.542940,1.954778,0.240668,806,806
12,12,95070,block_middle,middle,0.80,moving_average,1.925119,2.516854,-0.258789,806,806
12,12,95070,block_middle,middle,0.80,knn,2.705216,3.398621,-1.295317,806,806
12,12,95070,block_middle,middle,0.80,knn_upgraded,2.702373,3.395394,-1.290960,806,806
12,12,95070,block_middle,middle,0.80,decision_tree,2.670956,3.362895,-1.247314,806,806
12,12,95070,block_middle,middle,0.80,random_forest,2.694018,3.387280,-1.280023,806,806
12,12,95070,block_middle,middle,0.80,neural_net,2.693012,3.386525,-1.279007,806,806
12,12,95070,block_middle,middle,0.80,adaptive_imputation,1.945546,2.528715,-0.270682,806,806
13,13,102989,block_middle,middle,0.80,forward_fill,2.998474,3.530644,-0.057468,806,806
13,13,102989,block_middle,middle,0.80,linear_interpolation,2.972676,3.512814,-0.046815,806,806
13,13,102989,block_middle,middle,0.80,time_interpolation,2.972676,3.512814,-0.046815,806,806
13,13,102989,block_middle,middle,0.80,cubic_interpolation,45.490487,51.171991,-221.138654,806,806
13,13,102989,block_middle,middle,0.80,spline_interpolation,45.490487,51.171991,-221.138654,806,806
13,13,102989,block_middle,middle,0.80,moving_average,3.002602,3.531770,-0.058143,806,806
13,13,102989,block_middle,middle,0.80,knn,2.972676,3.512814,-0.046815,806,806
13,13,102989,block_middle,middle,0.80,knn_upgraded,2.965958,3.506755,-0.043206,806,806
13,13,102989,block_middle,middle,0.80,decision_tree,2.970885,3.511401,-0.045973,806,806
13,13,102989,block_middle,middle,0.80,random_forest,2.951653,3.496010,-0.036823,806,806
13,13,102989,block_middle,middle,0.80,neural_net,2.949459,3.486173,-0.030997,806,806
13,13,102989,block_middle,middle,0.80,adaptive_imputation,2.998474,3.530644,-0.057468,806,806
14,14,110908,block_middle,middle,0.80,forward_fill,2.358809,2.691284,-1.648036,806,806
14,14,110908,block_middle,middle,0.80,linear_interpolation,1.918320,2.216130,-0.795542,806,806
14,14,110908,block_middle,middle,0.80,time_interpolation,1.918320,2.216130,-0.795542,806,806
14,14,110908,block_middle,middle,0.80,cubic_interpolation,11.104825,13.761902,-68.240755,806,806
14,14,110908,block_middle,middle,0.80,spline_interpolation,11.104825,13.761902,-68.240755,806,806
14,14,110908,block_middle,middle,0.80,moving_average,2.353352,2.688644,-1.642844,806,806
14,14,110908,block_middle,middle,0.80,knn,1.918320,2.216130,-0.795542,806,806
14,14,110908,block_middle,middle,0.80,knn_upgraded,1.905902,2.203830,-0.775665,806,806
14,14,110908,block_middle,middle,0.80,decision_tree,1.811045,2.090265,-0.597378,806,806
14,14,110908,block_middle,middle,0.80,random_forest,1.879366,2.175626,-0.730507,806,806
14,14,110908,block_middle,middle,0.80,neural_net,1.841677,2.162792,-0.710151,806,806
14,14,110908,block_middle,middle,0.80,adaptive_imputation,2.358809,2.691284,-1.648036,806,806
15,15,118827,block_middle,middle,0.80,forward_fill,11.014814,12.383010,-3.789923,806,806
15,15,118827,block_middle,middle,0.80,linear_interpolation,6.168883,7.554496,-0.782736,806,806
15,15,118827,block_middle,middle,0.80,time_interpolation,6.168883,7.554496,-0.782736,806,806
15,15,118827,block_middle,middle,0.80,cubic_interpolation,42.541729,48.825841,-73.469008,806,806
15,15,118827,block_middle,middle,0.80,spline_interpolation,42.541729,48.825841,-73.469008,806,806
15,15,118827,block_middle,middle,0.80,moving_average,10.898371,12.300019,-3.725934,806,806
15,15,118827,block_middle,middle,0.80,knn,6.168883,7.554496,-0.782736,806,806
15,15,118827,block_middle,middle,0.80,knn_upgraded,6.155264,7.539079,-0.775468,806,806
15,15,118827,block_middle,middle,0.80,decision_tree,6.119113,7.483926,-0.749585,806,806
15,15,118827,block_middle,middle,0.80,random_forest,6.156771,7.536927,-0.774454,806,806
15,15,118827,block_middle,middle,0.80,neural_net,6.105981,7.461377,-0.739058,806,806
15,15,118827,block_middle,middle,0.80,adaptive_imputation,11.014814,12.383010,-3.789923,806,806
16,16,126746,block_middle,middle,0.80,forward_fill,3.312146,3.914069,-1.332266,806,806
16,16,126746,block_middle,middle,0.80,linear_interpolation,2.564801,3.297095,-0.654946,806,806
16,16,126746,block_middle,middle,0.80,time_interpolation,2.564801,3.297095,-0.654946,806,806
16,16,126746,block_middle,middle,0.80,cubic_interpolation,12.571994,15.344942,-34.846896,806,806
16,16,126746,block_middle,middle,0.80,spline_interpolation,12.571994,15.344942,-34.846896,806,806
16,16,126746,block_middle,middle,0.80,moving_average,3.255921,3.853380,-1.260501,806,806
16,16,126746,block_middle,middle,0.80,knn,2.564801,3.297095,-0.654946,806,806
16,16,126746,block_middle,middle,0.80,knn_upgraded,2.560149,3.293305,-0.651144,806,806
16,16,126746,block_middle,middle,0.80,decision_tree,2.615536,3.361265,-0.719992,806,806
16,16,126746,block_middle,middle,0.80,random_forest,2.544224,3.279841,-0.637671,806,806
16,16,126746,block_middle,middle,0.80,neural_net,2.441573,3.163653,-0.523697,806,806
16,16,126746,block_middle,middle,0.80,adaptive_imputation,3.312146,3.914069,-1.332266,806,806
17,17,134665,block_middle,middle,0.80,forward_fill,4.119876,5.492956,-0.464465,806,806
17,17,134665,block_middle,middle,0.80,linear_interpolation,4.152200,5.536502,-0.487776,806,806
17,17,134665,block_middle,middle,0.80,time_interpolation,4.152200,5.536502,-0.487776,806,806
17,17,134665,block_middle,middle,0.80,cubic_interpolation,27.825168,31.324850,-46.626066,806,806
17,17,134665,block_middle,middle,0.80,spline_interpolation,27.825168,31.324850,-46.626066,806,806
17,17,134665,block_middle,middle,0.80,moving_average,4.120914,5.492966,-0.464470,806,806
17,17,134665,block_middle,middle,0.80,knn,4.152200,5.536502,-0.487776,806,806
17,17,134665,block_middle,middle,0.80,knn_upgraded,4.161804,5.547420,-0.493650,806,806
17,17,134665,block_middle,middle,0.80,decision_tree,4.203065,5.599525,-0.521840,806,806
17,17,134665,block_middle,middle,0.80,random_forest,4.167850,5.554983,-0.497725,806,806
17,17,134665,block_middle,middle,0.80,neural_net,4.172916,5.540763,-0.490067,806,806
17,17,134665,block_middle,middle,0.80,adaptive_imputation,4.119876,5.492956,-0.464465,806,806
18,18,142584,block_middle,middle,0.80,forward_fill,6.090571,6.925495,-3.413414,806,806
18,18,142584,block_middle,middle,0.80,linear_interpolation,3.749698,5.004486,-1.304581,806,806
18,18,142584,block_middle,middle,0.80,time_interpolation,3.749698,5.004486,-1.304581,806,806
18,18,142584,block_middle,middle,0.80,cubic_interpolation,31.542403,36.891962,-124.238116,806,806
18,18,142584,block_middle,middle,0.80,spline_interpolation,31.542403,36.891962,-124.238116,806,806
18,18,142584,block_middle,middle,0.80,moving_average,6.052151,6.905423,-3.387868,806,806
18,18,142584,block_middle,middle,0.80,knn,3.749698,5.004486,-1.304581,806,806
18,18,142584,block_middle,middle,0.80,knn_upgraded,3.721541,4.978392,-1.280611,806,806
18,18,142584,block_middle,middle,0.80,decision_tree,3.726720,4.980197,-1.282265,806,806
18,18,142584,block_middle,middle,0.80,random_forest,3.683137,4.934948,-1.240981,806,806
18,18,142584,block_middle,middle,0.80,neural_net,3.730832,5.012156,-1.311651,806,806
18,18,142584,block_middle,middle,0.80,adaptive_imputation,6.090571,6.925495,-3.413414,806,806
19,19,150503,block_middle,middle,0.80,forward_fill,5.440236,6.720011,-1.684333,806,806
19,19,150503,block_middle,middle,0.80,linear_interpolation,2.453797,2.985923,0.470027,806,806
19,19,150503,block_middle,middle,0.80,time_interpolation,2.453797,2.985923,0.470027,806,806
19,19,150503,block_middle,middle,0.80,cubic_interpolation,14.457656,16.846260,-15.869545,806,806
19,19,150503,block_middle,middle,0.80,spline_interpolation,14.457656,16.846260,-15.869545,806,806
19,19,150503,block_middle,middle,0.80,moving_average,5.335573,6.600896,-1.590014,806,806
19,19,150503,block_middle,middle,0.80,knn,2.453797,2.985923,0.470027,806,806
19,19,150503,block_middle,middle,0.80,knn_upgraded,2.461852,2.994437,0.467001,806,806
19,19,150503,block_middle,middle,0.80,decision_tree,2.351344,2.881989,0.506280,806,806
19,19,150503,block_middle,middle,0.80,random_forest,2.403541,2.926452,0.490928,806,806
19,19,150503,block_middle,middle,0.80,neural_net,2.392112,2.927155,0.490683,806,806
19,19,150503,block_middle,middle,0.80,adaptive_imputation,5.440236,6.720011,-1.684333,806,806
0,0,42,block_end,end,0.10,forward_fill,8.460594,9.752546,-2.618099,101,101
0,0,42,block_end,end,0.10,linear_interpolation,3.447303,4.153798,0.343651,101,101
0,0,42,block_end,end,0.10,time_interpolation,3.447303,4.153798,0.343651,101,101
0,0,42,block_end,end,0.10,cubic_interpolation,4.970873,5.925287,-0.335559,101,101
0,0,42,block_end,end,0.10,spline_interpolation,5.239066,6.233238,-0.477991,101,101
0,0,42,block_end,end,0.10,moving_average,7.822036,9.398773,-2.360367,101,101
0,0,42,block_end,end,0.10,knn,3.447303,4.153798,0.343651,101,101
0,0,42,block_end,end,0.10,knn_upgraded,3.449450,4.157606,0.342447,101,101
0,0,42,block_end,end,0.10,decision_tree,2.628917,2.911002,0.677649,101,101
0,0,42,block_end,end,0.10,random_forest,2.892206,3.318002,0.581209,101,101
0,0,42,block_end,end,0.10,neural_net,3.262373,4.037252,0.379965,101,101
0,0,42,block_end,end,0.10,adaptive_imputation,3.447303,4.153798,0.343651,101,101
1,1,7961,block_end,end,0.10,forward_fill,3.804653,4.421174,-1.168215,101,101
1,1,7961,block_end,end,0.10,linear_interpolation,2.730533,3.189623,-0.128511,101,101
1,1,7961,block_end,end,0.10,time_interpolation,2.730533,3.189623,-0.128511,101,101
1,1,7961,block_end,end,0.10,cubic_interpolation,5.269519,6.078520,-3.098480,101,101
1,1,7961,block_end,end,0.10,spline_interpolation,6.740824,7.735479,-5.637455,101,101
1,1,7961,block_end,end,0.10,moving_average,3.667361,4.371810,-1.120068,101,101
1,1,7961,block_end,end,0.10,knn,2.730533,3.189623,-0.128511,101,101
1,1,7961,block_end,end,0.10,knn_upgraded,2.733488,3.203502,-0.138353,101,101
1,1,7961,block_end,end,0.10,decision_tree,2.514579,2.858488,0.093641,101,101
1,1,7961,block_end,end,0.10,random_forest,2.585340,2.994774,0.005155,101,101
1,1,7961,block_end,end,0.10,neural_net,2.631203,3.135396,-0.090466,101,101
1,1,7961,block_end,end,0.10,adaptive_imputation,2.730533,3.189623,-0.128511,101,101
2,2,15880,block_end,end,0.10,forward_fill,0.838317,1.130071,-0.390938,101,101
2,2,15880,block_end,end,0.10,linear_interpolation,0.557458,0.620344,0.580858,101,101
2,2,15880,block_end,end,0.10,time_interpolation,0.557458,0.620344,0.580858,101,101
2,2,15880,block_end,end,0.10,cubic_interpolation,1.170235,1.407906,-1.158956,101,101
2,2,15880,block_end,end,0.10,spline_interpolation,1.448361,1.762833,-2.384689,101,101
2,2,15880,block_end,end,0.10,moving_average,0.738792,1.038545,-0.174753,101,101
2,2,15880,block_end,end,0.10,knn,0.557458,0.620344,0.580858,101,101
2,2,15880,block_end,end,0.10,knn_upgraded,0.560001,0.622792,0.577542,101,101
2,2,15880,block_end,end,0.10,decision_tree,0.699710,0.853131,0.207265,101,101
2,2,15880,block_end,end,0.10,random_forest,0.675468,0.820051,0.267549,101,101
2,2,15880,block_end,end,0.10,neural_net,0.690317,0.798939,0.304777,101,101
2,2,15880,block_end,end,0.10,adaptive_imputation,0.557458,0.620344,0.580858,101,101
3,3,23799,block_end,end,0.10,forward_fill,3.475050,4.087233,-2.607405,101,101
3,3,23799,block_end,end,0.10,linear_interpolation,1.599904,2.079182,0.066486,101,101
3,3,23799,block_end,end,0.10,time_interpolation,1.599904,2.079182,0.066486,101,101
3,3,23799,block_end,end,0.10,cubic_interpolation,2.279681,2.749947,-0.632995,101,101
3,3,23799,block_end,end,0.10,spline_interpolation,2.400729,2.885690,-0.798189,101,101
3,3,23799,block_end,end,0.10,moving_average,3.246393,3.949294,-2.368022,101,101
3,3,23799,block_end,end,0.10,knn,1.599904,2.079182,0.066486,101,101
3,3,23799,block_end,end,0.10,knn_upgraded,1.603849,2.084811,0.061424,101,101
3,3,23799,block_end,end,0.10,decision_tree,1.272503,1.510929,0.507026,101,101
3,3,23799,block_end,end,0.10,random_forest,1.338881,1.684791,0.387046,101,101
3,3,23799,block_end,end,0.10,neural_net,1.240675,1.878269,0.238181,101,101
3,3,23799,block_end,end,0.10,adaptive_imputation,1.599904,2.079182,0.066486,101,101
4,4,31718,block_end,end,0.10,forward_fill,8.080495,8.814645,-5.264163,101,101
4,4,31718,block_end,end,0.10,linear_interpolation,4.925495,5.343269,-1.301800,101,101
4,4,31718,block_end,end,0.10,time_interpolation,4.925495,5.343269,-1.301800,101,101
4,4,31718,block_end,end,0.10,cubic_interpolation,4.693289,5.194909,-1.175752,101,101
4,4,31718,block_end,end,0.10,spline_interpolation,4.178256,4.605529,-0.710064,101,101
4,4,31718,block_end,end,0.10,moving_average,7.706564,8.565167,-4.914595,101,101
4,4,31718,block_end,end,0.10,knn,4.925495,5.343269,-1.301800,101,101
4,4,31718,block_end,end,0.10,knn_upgraded,4.924387,5.341001,-1.299846,101,101
4,4,31718,block_end,end,0.10,decision_tree,3.499522,3.935156,-0.248467,101,101
4,4,31718,block_end,end,0.10,random_forest,3.891296,4.305485,-0.494506,101,101
4,4,31718,block_end,end,0.10,neural_net,4.743111,5.127302,-1.119490,101,101
4,4,31718,block_end,end,0.10,adaptive_imputation,4.925495,5.343269,-1.301800,101,101
5,5,39637,block_end,end,0.10,forward_fill,3.497228,3.696245,-8.543154,101,101
5,5,39637,block_end,end,0.10,linear_interpolation,2.152228,2.489326,-3.328465,101,101
5,5,39637,block_end,end,0.10,time_interpolation,2.152228,2.489326,-3.328465,101,101
5,5,39637,block_end,end,0.10,cubic_interpolation,1.820632,2.090899,-2.053772,101,101
5,5,39637,block_end,end,0.10,spline_interpolation,1.491675,1.767174,-1.181369,101,101
5,5,39637,block_end,end,0.10,moving_average,3.349071,3.638884,-8.249256,101,101
5,5,39637,block_end,end,0.10,knn,2.152228,2.489326,-3.328465,101,101
5,5,39637,block_end,end,0.10,knn_upgraded,2.143768,2.478232,-3.289970,101,101
5,5,39637,block_end,end,0.10,decision_tree,1.644394,1.907574,-1.541752,101,101
5,5,39637,block_end,end,0.10,random_forest,1.825538,2.145066,-2.214043,101,101
5,5,39637,block_end,end,0.10,neural_net,2.099826,2.429697,-3.123583,101,101
5,5,39637,block_end,end,0.10,adaptive_imputation,2.152228,2.489326,-3.328465,101,101
6,6,47556,block_end,end,0.10,forward_fill,1.935050,2.471394,-1.497379,101,101
6,6,47556,block_end,end,0.10,linear_interpolation,2.173663,2.622680,-1.812491,101,101
6,6,47556,block_end,end,0.10,time_interpolation,2.173663,2.622680,-1.812491,101,101
6,6,47556,block_end,end,0.10,cubic_interpolation,0.965956,1.185393,0.425453,101,101
6,6,47556,block_end,end,0.10,spline_interpolation,2.405121,2.811130,-2.231190,101,101
6,6,47556,block_end,end,0.10,moving_average,1.967677,2.480748,-1.516320,101,101
6,6,47556,block_end,end,0.10,knn,2.173663,2.622680,-1.812491,101,101
6,6,47556,block_end,end,0.10,knn_upgraded,2.129082,2.582990,-1.728010,101,101
6,6,47556,block_end,end,0.10,decision_tree,2.181400,2.629056,-1.826184,101,101
6,6,47556,block_end,end,0.10,random_forest,2.182960,2.622526,-1.812162,101,101
6,6,47556,block_end,end,0.10,neural_net,2.150015,2.584802,-1.731839,101,101
6,6,47556,block_end,end,0.10,adaptive_imputation,2.173663,2.622680,-1.812491,101,101
7,7,55475,block_end,end,0.10,forward_fill,1.038812,1.216107,-2.699265,101,101
7,7,55475,block_end,end,0.10,linear_interpolation,0.486785,0.624147,0.025581,101,101
7,7,55475,block_end,end,0.10,time_interpolation,0.486785,0.624147,0.025581,101,101
7,7,55475,block_end,end,0.10,cubic_interpolation,0.430515,0.551765,0.238481,101,101
7,7,55475,block_end,end,0.10,spline_interpolation,0.550776,0.687344,-0.181735,101,101
7,7,55475,block_end,end,0.10,moving_average,0.908426,1.047804,-1.746198,101,101
7,7,55475,block_end,end,0.10,knn,0.486785,0.624147,0.025581,101,101
7,7,55475,block_end,end,0.10,knn_upgraded,0.488131,0.624320,0.025041,101,101
7,7,55475,block_end,end,0.10,decision_tree,1.087377,1.196973,-2.583771,101,101
7,7,55475,block_end,end,0.10,random_forest,0.860494,0.984166,-1.422746,101,101
7,7,55475,block_end,end,0.10,neural_net,0.652521,0.850756,-0.810429,101,101
7,7,55475,block_end,end,0.10,adaptive_imputation,0.486785,0.624147,0.025581,101,101
8,8,63394,block_end,end,0.10,forward_fill,4.090099,4.972706,-0.941831,101,101
8,8,63394,block_end,end,0.10,linear_interpolation,1.098362,1.596016,0.799968,101,101
8,8,63394,block_end,end,0.10,time_interpolation,1.098362,1.596016,0.799968,101,101
8,8,63394,block_end,end,0.10,cubic_interpolation,1.207578,1.376937,0.851114,101,101
8,8,63394,block_end,end,0.10,spline_interpolation,1.474363,1.697320,0.773768,101,101
8,8,63394,block_end,end,0.10,moving_average,3.604942,4.511440,-0.598292,101,101
8,8,63394,block_end,end,0.10,knn,1.098362,1.596016,0.799968,101,101
8,8,63394,block_end,end,0.10,knn_upgraded,1.081867,1.580427,0.803856,101,101
8,8,63394,block_end,end,0.10,decision_tree,3.114295,3.367509,0.109481,101,101
8,8,63394,block_end,end,0.10,random_forest,2.525289,2.788007,0.389601,101,101
8,8,63394,block_end,end,0.10,neural_net,1.833251,2.231475,0.608970,101,101
8,8,63394,block_end,end,0.10,adaptive_imputation,1.098362,1.596016,0.799968,101,101
9,9,71313,block_end,end,0.10,forward_fill,4.895248,5.315938,-5.578417,101,101
9,9,71313,block_end,end,0.10,linear_interpolation,3.665288,4.390149,-3.486629,101,101
9,9,71313,block_end,end,0.10,time_interpolation,3.665288,4.390149,-3.486629,101,101
9,9,71313,block_end,end,0.10,cubic_interpolation,0.985881,1.284628,0.615836,101,101
9,9,71313,block_end,end,0.10,spline_interpolation,1.238434,1.434545,0.520940,101,101
9,9,71313,block_end,end,0.10,moving_average,4.788317,5.289690,-5.513614,101,101
9,9,71313,block_end,end,0.10,knn,3.665288,4.390149,-3.486629,101,101
9,9,71313,block_end,end,0.10,knn_upgraded,3.618807,4.348848,-3.402610,101,101
9,9,71313,block_end,end,0.10,decision_tree,3.110721,3.830467,-2.415586,101,101
9,9,71313,block_end,end,0.10,random_forest,3.171725,3.897530,-2.536231,101,101
9,9,71313,block_end,end,0.10,neural_net,3.551170,4.253513,-3.211698,101,101
9,9,71313,block_end,end,0.10,adaptive_imputation,3.665288,4.390149,-3.486629,101,101
10,10,79232,block_end,end,0.10,forward_fill,1.692079,1.933804,-3.266685,101,101
10,10,79232,block_end,end,0.10,linear_interpolation,0.567079,0.672759,0.483601,101,101
10,10,79232,block_end,end,0.10,time_interpolation,0.567079,0.672759,0.483601,101,101
10,10,79232,block_end,end,0.10,cubic_interpolation,3.248441,3.529820,-13.215790,101,101
10,10,79232,block_end,end,0.10,spline_interpolation,4.441936,4.763761,-24.892016,101,101
10,10,79232,block_end,end,0.10,moving_average,1.553835,1.827999,-2.812570,101,101
10,10,79232,block_end,end,0.10,knn,0.567079,0.672759,0.483601,101,101
10,10,79232,block_end,end,0.10,knn_upgraded,0.598148,0.695026,0.448852,101,101
10,10,79232,block_end,end,0.10,decision_tree,0.310071,0.366430,0.846804,101,101
10,10,79232,block_end,end,0.10,random_forest,0.308744,0.398071,0.819205,101,101
10,10,79232,block_end,end,0.10,neural_net,0.465951,0.560603,0.641427,101,101
10,10,79232,block_end,end,0.10,adaptive_imputation,0.567079,0.672759,0.483601,101,101
11,11,87151,block_end,end,0.10,forward_fill,3.732970,4.658799,-1.431715,101,101
11,11,87151,block_end,end,0.10,linear_interpolation,1.205740,1.347604,0.796535,101,101
11,11,87151,block_end,end,0.10,time_interpolation,1.205740,1.347604,0.796535,101,101
11,11,87151,block_end,end,0.10,cubic_interpolation,2.801754,3.153303,-0.114028,101,101
11,11,87151,block_end,end,0.10,spline_interpolation,3.624242,4.073625,-0.859203,101,101
11,11,87151,block_end,end,0.10,moving_average,3.373576,4.307805,-1.079107,101,101
11,11,87151,block_end,end,0.10,knn,1.205740,1.347604,0.796535,101,101
11,11,87151,block_end,end,0.10,knn_upgraded,1.198308,1.343684,0.797717,101,101
11,11,87151,block_end,end,0.10,decision_tree,1.362522,1.766634,0.650331,101,101
11,11,87151,block_end,end,0.10,random_forest,1.161350,1.521071,0.740783,101,101
11,11,87151,block_end,end,0.10,neural_net,1.109442,1.256178,0.823206,101,101
11,11,87151,block_end,end,0.10,adaptive_imputation,1.205740,1.347604,0.796535,101,101
12,12,95070,block_end,end,0.10,forward_fill,0.513762,0.537829,-10.429325,101,101
12,12,95070,block_end,end,0.10,linear_interpolation,0.209119,0.256513,-1.599858,101,101
12,12,95070,block_end,end,0.10,time_interpolation,0.209119,0.256513,-1.599858,101,101
12,12,95070,block_end,end,0.10,cubic_interpolation,0.145460,0.161039,-0.024699,101,101
12,12,95070,block_end,end,0.10,spline_interpolation,0.350754,0.380660,-4.725401,101,101
12,12,95070,block_end,end,0.10,moving_average,0.489591,0.522260,-9.777195,101,101
12,12,95070,block_end,end,0.10,knn,0.209119,0.256513,-1.599858,101,101
12,12,95070,block_end,end,0.10,knn_upgraded,0.205681,0.253302,-1.535183,101,101
12,12,95070,block_end,end,0.10,decision_tree,0.131858,0.151863,0.088757,101,101
12,12,95070,block_end,end,0.10,random_forest,0.138817,0.159571,-0.006102,101,101
12,12,95070,block_end,end,0.10,neural_net,0.196993,0.246199,-1.394989,101,101
12,12,95070,block_end,end,0.10,adaptive_imputation,0.209119,0.256513,-1.599858,101,101
13,13,102989,block_end,end,0.10,forward_fill,2.097921,2.292692,-0.207179,101,101
13,13,102989,block_end,end,0.10,linear_interpolation,1.054595,1.546108,0.451015,101,101
13,13,102989,block_end,end,0.10,time_interpolation,1.054595,1.546108,0.451015,101,101
13,13,102989,block_end,end,0.10,cubic_interpolation,1.161854,1.513107,0.474201,101,101
13,13,102989,block_end,end,0.10,spline_interpolation,1.978418,2.404278,-0.327547,101,101
13,13,102989,block_end,end,0.10,moving_average,1.879287,2.092088,-0.005172,101,101
13,13,102989,block_end,end,0.10,knn,1.054595,1.546108,0.451015,101,101
13,13,102989,block_end,end,0.10,knn_upgraded,1.044263,1.533956,0.459611,101,101
13,13,102989,block_end,end,0.10,decision_tree,1.935878,2.266645,-0.179905,101,101
13,13,102989,block_end,end,0.10,random_forest,1.732798,2.075081,0.011104,101,101
13,13,102989,block_end,end,0.10,neural_net,1.121148,1.573990,0.431036,101,101
13,13,102989,block_end,end,0.10,adaptive_imputation,1.054595,1.546108,0.451015,101,101
14,14,110908,block_end,end,0.10,forward_fill,2.306733,2.554192,-0.214620,101,101
14,14,110908,block_end,end,0.10,linear_interpolation,1.036832,1.634083,0.502857,101,101
14,14,110908,block_end,end,0.10,time_interpolation,1.036832,1.634083,0.502857,101,101
14,14,110908,block_end,end,0.10,cubic_interpolation,1.299451,1.550630,0.552339,101,101
14,14,110908,block_end,end,0.10,spline_interpolation,1.893731,2.249053,0.058257,101,101
14,14,110908,block_end,end,0.10,moving_average,2.112228,2.369395,-0.045221,101,101
14,14,110908,block_end,end,0.10,knn,1.036832,1.634083,0.502857,101,101
14,14,110908,block_end,end,0.10,knn_upgraded,1.016280,1.614555,0.514668,101,101
14,14,110908,block_end,end,0.10,decision_tree,1.870129,2.309365,0.007071,101,101
14,14,110908,block_end,end,0.10,random_forest,1.714494,2.157846,0.133090,101,101
14,14,110908,block_end,end,0.10,neural_net,1.155506,1.788061,0.404752,101,101
14,14,110908,block_end,end,0.10,adaptive_imputation,1.036832,1.634083,0.502857,101,101
15,15,118827,block_end,end,0.10,forward_fill,5.492277,6.203067,-0.785042,101,101
15,15,118827,block_end,end,0.10,linear_interpolation,6.175121,7.488077,-1.601215,101,101
15,15,118827,block_end,end,0.10,time_interpolation,6.175121,7.488077,-1.601215,101,101
15,15,118827,block_end,end,0.10,cubic_interpolation,10.711443,12.614267,-6.381755,101,101
15,15,118827,block_end,end,0.10,spline_interpolation,13.244037,15.180732,-9.691064,101,101
15,15,118827,block_end,end,0.10,moving_average,5.298917,6.139830,-0.748832,101,101
15,15,118827,block_end,end,0.10,knn,6.175121,7.488077,-1.601215,101,101
15,15,118827,block_end,end,0.10,knn_upgraded,6.208626,7.517328,-1.621577,101,101
15,15,118827,block_end,end,0.10,decision_tree,7.078129,8.301597,-2.197119,101,101
15,15,118827,block_end,end,0.10,random_forest,6.636264,7.917662,-1.908235,101,101
15,15,118827,block_end,end,0.10,neural_net,6.294804,7.584123,-1.668371,101,101
15,15,118827,block_end,end,0.10,adaptive_imputation,6.175121,7.488077,-1.601215,101,101
16,16,126746,block_end,end,0.10,forward_fill,4.816040,5.597680,-1.946525,101,101
16,16,126746,block_end,end,0.10,linear_interpolation,2.888634,3.504344,-0.154802,101,101
16,16,126746,block_end,end,0.10,time_interpolation,2.888634,3.504344,-0.154802,101,101
16,16,126746,block_end,end,0.10,cubic_interpolation,2.628036,3.065770,0.116161,101,101
16,16,126746,block_end,end,0.10,spline_interpolation,2.136586,2.417147,0.450585,101,101
16,16,126746,block_end,end,0.10,moving_average,4.591548,5.513690,-1.858767,101,101
16,16,126746,block_end,end,0.10,knn,2.888634,3.504344,-0.154802,101,101
16,16,126746,block_end,end,0.10,knn_upgraded,2.879705,3.488494,-0.144379,101,101
16,16,126746,block_end,end,0.10,decision_tree,2.473370,2.867531,0.226767,101,101
16,16,126746,block_end,end,0.10,random_forest,2.623233,3.119793,0.084738,101,101
16,16,126746,block_end,end,0.10,neural_net,2.905457,3.467576,-0.130697,101,101
16,16,126746,block_end,end,0.10,adaptive_imputation,2.888634,3.504344,-0.154802,101,101
17,17,134665,block_end,end,0.10,forward_fill,1.692772,1.894614,-0.703478,101,101
17,17,134665,block_end,end,0.10,linear_interpolation,0.727720,0.889767,0.624295,101,101
17,17,134665,block_end,end,0.10,time_interpolation,0.727720,0.889767,0.624295,101,101
17,17,134665,block_end,end,0.10,cubic_interpolation,0.773333,0.990676,0.534244,101,101
17,17,134665,block_end,end,0.10,spline_interpolation,0.676103,0.943517,0.577532,101,101
17,17,134665,block_end,end,0.10,moving_average,1.562193,1.803648,-0.543827,101,101
17,17,134665,block_end,end,0.10,knn,0.727720,0.889767,0.624295,101,101
17,17,134665,block_end,end,0.10,knn_upgraded,0.727021,0.887169,0.626485,101,101
17,17,134665,block_end,end,0.10,decision_tree,0.776992,1.048866,0.477922,101,101
17,17,134665,block_end,end,0.10,random_forest,0.763173,1.038450,0.488240,101,101
17,17,134665,block_end,end,0.10,neural_net,0.728374,0.880956,0.631699,101,101
17,17,134665,block_end,end,0.10,adaptive_imputation,0.727720,0.889767,0.624295,101,101
18,18,142584,block_end,end,0.10,forward_fill,3.395941,4.045086,-0.965839,101,101
18,18,142584,block_end,end,0.10,linear_interpolation,3.947886,4.789602,-1.756076,101,101
18,18,142584,block_end,end,0.10,time_interpolation,3.947886,4.789602,-1.756076,101,101
18,18,142584,block_end,end,0.10,cubic_interpolation,2.563058,3.353077,-0.350764,101,101
18,18,142584,block_end,end,0.10,spline_interpolation,2.096402,2.805748,0.054221,101,101
18,18,142584,block_end,end,0.10,moving_average,3.299518,4.018125,-0.939720,101,101
18,18,142584,block_end,end,0.10,knn,3.947886,4.789602,-1.756076,101,101
18,18,142584,block_end,end,0.10,knn_upgraded,3.933056,4.775851,-1.740273,101,101
18,18,142584,block_end,end,0.10,decision_tree,4.472677,5.232530,-2.289392,101,101
18,18,142584,block_end,end,0.10,random_forest,4.313810,5.093931,-2.117442,101,101
18,18,142584,block_end,end,0.10,neural_net,4.042966,4.892730,-1.876038,101,101
18,18,142584,block_end,end,0.10,adaptive_imputation,3.947886,4.789602,-1.756076,101,101
19,19,150503,block_end,end,0.10,forward_fill,4.675644,5.755275,-1.719197,101,101
19,19,150503,block_end,end,0.10,linear_interpolation,4.071108,5.224209,-1.240524,101,101
19,19,150503,block_end,end,0.10,time_interpolation,4.071108,5.224209,-1.240524,101,101
19,19,150503,block_end,end,0.10,cubic_interpolation,7.272877,8.747816,-5.282142,101,101
19,19,150503,block_end,end,0.10,spline_interpolation,8.851527,10.360433,-7.811795,101,101
19,19,150503,block_end,end,0.10,moving_average,4.616384,5.733811,-1.698953,101,101
19,19,150503,block_end,end,0.10,knn,4.071108,5.224209,-1.240524,101,101
19,19,150503,block_end,end,0.10,knn_upgraded,4.086520,5.247575,-1.260611,101,101
19,19,150503,block_end,end,0.10,decision_tree,4.143858,5.300021,-1.306023,101,101
19,19,150503,block_end,end,0.10,random_forest,4.050679,5.191202,-1.212302,101,101
19,19,150503,block_end,end,0.10,neural_net,4.060253,5.219764,-1.236713,101,101
19,19,150503,block_end,end,0.10,adaptive_imputation,4.071108,5.224209,-1.240524,101,101
0,0,42,block_end,end,0.20,forward_fill,5.512376,6.367847,-0.494160,202,202
0,0,42,block_end,end,0.20,linear_interpolation,5.531835,6.687507,-0.647936,202,202
0,0,42,block_end,end,0.20,time_interpolation,5.531835,6.687507,-0.647936,202,202
0,0,42,block_end,end,0.20,cubic_interpolation,4.182814,4.583841,0.225768,202,202
0,0,42,block_end,end,0.20,spline_interpolation,8.396873,8.956083,-1.955616,202,202
0,0,42,block_end,end,0.20,moving_average,5.471866,6.361748,-0.491299,202,202
0,0,42,block_end,end,0.20,knn,5.531835,6.687507,-0.647936,202,202
0,0,42,block_end,end,0.20,knn_upgraded,5.586238,6.753753,-0.680746,202,202
0,0,42,block_end,end,0.20,decision_tree,5.530921,6.686100,-0.647242,202,202
0,0,42,block_end,end,0.20,random_forest,5.569750,6.785719,-0.696694,202,202
0,0,42,block_end,end,0.20,neural_net,5.504557,6.691282,-0.649797,202,202
0,0,42,block_end,end,0.20,adaptive_imputation,4.182814,4.583841,0.225768,202,202
1,1,7961,block_end,end,0.20,forward_fill,2.044554,2.517314,-0.023718,202,202
1,1,7961,block_end,end,0.20,linear_interpolation,2.163157,2.537018,-0.039806,202,202
1,1,7961,block_end,end,0.20,time_interpolation,2.163157,2.537018,-0.039806,202,202
1,1,7961,block_end,end,0.20,cubic_interpolation,6.929296,8.351671,-10.268142,202,202
1,1,7961,block_end,end,0.20,spline_interpolation,9.365042,11.275148,-19.537616,202,202
1,1,7961,block_end,end,0.20,moving_average,2.024830,2.510976,-0.018570,202,202
1,1,7961,block_end,end,0.20,knn,2.163157,2.537018,-0.039806,202,202
1,1,7961,block_end,end,0.20,knn_upgraded,2.142998,2.502312,-0.011553,202,202
1,1,7961,block_end,end,0.20,decision_tree,2.262569,2.598442,-0.090766,202,202
1,1,7961,block_end,end,0.20,random_forest,2.259678,2.604489,-0.095849,202,202
1,1,7961,block_end,end,0.20,neural_net,2.096581,2.509140,-0.017081,202,202
1,1,7961,block_end,end,0.20,adaptive_imputation,6.929296,8.351671,-10.268142,202,202
2,2,15880,block_end,end,0.20,forward_fill,0.665644,0.797684,-0.008439,202,202
2,2,15880,block_end,end,0.20,linear_interpolation,0.856074,0.955651,-0.447393,202,202
2,2,15880,block_end,end,0.20,time_interpolation,0.856074,0.955651,-0.447393,202,202
2,2,15880,block_end,end,0.20,cubic_interpolation,0.806160,0.961363,-0.464746,202,202
2,2,15880,block_end,end,0.20,spline_interpolation,1.358420,1.500651,-2.569006,202,202
2,2,15880,block_end,end,0.20,moving_average,0.626632,0.752168,0.103362,202,202
2,2,15880,block_end,end,0.20,knn,0.856074,0.955651,-0.447393,202,202
2,2,15880,block_end,end,0.20,knn_upgraded,0.936649,1.048344,-0.741789,202,202
2,2,15880,block_end,end,0.20,decision_tree,1.094720,1.229806,-1.396962,202,202
2,2,15880,block_end,end,0.20,random_forest,1.059959,1.198792,-1.277589,202,202
2,2,15880,block_end,end,0.20,neural_net,0.845918,0.977513,-0.514373,202,202
2,2,15880,block_end,end,0.20,adaptive_imputation,0.806160,0.961363,-0.464746,202,202
3,3,23799,block_end,end,0.20,forward_fill,1.720891,1.978180,-0.000042,202,202
3,3,23799,block_end,end,0.20,linear_interpolation,1.675448,1.899116,0.078300,202,202
3,3,23799,block_end,end,0.20,time_interpolation,1.675448,1.899116,0.078300,202,202
3,3,23799,block_end,end,0.20,cubic_interpolation,3.858888,4.587479,-4.378174,202,202
3,3,23799,block_end,end,0.20,spline_interpolation,4.739487,5.749870,-7.448949,202,202
3,3,23799,block_end,end,0.20,moving_average,1.677575,1.950531,0.027718,202,202
3,3,23799,block_end,end,0.20,knn,1.675448,1.899116,0.078300,202,202
3,3,23799,block_end,end,0.20,knn_upgraded,1.749666,1.984050,-0.005985,202,202
3,3,23799,block_end,end,0.20,decision_tree,1.815786,2.081558,-0.107296,202,202
3,3,23799,block_end,end,0.20,random_forest,1.755475,2.022944,-0.045814,202,202
3,3,23799,block_end,end,0.20,neural_net,1.712792,1.929352,0.048717,202,202
3,3,23799,block_end,end,0.20,adaptive_imputation,3.858888,4.587479,-4.378174,202,202
4,4,31718,block_end,end,0.20,forward_fill,3.718416,4.686640,-0.113225,202,202
4,4,31718,block_end,end,0.20,linear_interpolation,3.936431,4.509553,-0.030686,202,202
4,4,31718,block_end,end,0.20,time_interpolation,3.936431,4.509553,-0.030686,202,202
4,4,31718,block_end,end,0.20,cubic_interpolation,4.145255,5.300234,-0.423802,202,202
4,4,31718,block_end,end,0.20,spline_interpolation,4.280555,5.605740,-0.592669,202,202
4,4,31718,block_end,end,0.20,moving_average,3.763163,4.708371,-0.123572,202,202
4,4,31718,block_end,end,0.20,knn,3.936431,4.509553,-0.030686,202,202
4,4,31718,block_end,end,0.20,knn_upgraded,3.889315,4.421203,0.009304,202,202
4,4,31718,block_end,end,0.20,decision_tree,4.130372,4.569533,-0.058286,202,202
4,4,31718,block_end,end,0.20,random_forest,4.079466,4.554468,-0.051320,202,202
4,4,31718,block_end,end,0.20,neural_net,3.889074,4.435627,0.002829,202,202
4,4,31718,block_end,end,0.20,adaptive_imputation,4.145255,5.300234,-0.423802,202,202
5,5,39637,block_end,end,0.20,forward_fill,4.641436,5.411442,-0.403614,202,202
5,5,39637,block_end,end,0.20,linear_interpolation,2.643295,3.092708,0.541542,202,202
5,5,39637,block_end,end,0.20,time_interpolation,2.643295,3.092708,0.541542,202,202
5,5,39637,block_end,end,0.20,cubic_interpolation,2.823318,3.278765,0.484721,202,202
5,5,39637,block_end,end,0.20,spline_interpolation,2.670806,3.159383,0.521561,202,202
5,5,39637,block_end,end,0.20,moving_average,4.454293,5.301904,-0.347365,202,202
5,5,39637,block_end,end,0.20,knn,2.643295,3.092708,0.541542,202,202
5,5,39637,block_end,end,0.20,knn_upgraded,2.739284,3.239646,0.496943,202,202
5,5,39637,block_end,end,0.20,decision_tree,2.911490,3.574729,0.387497,202,202
5,5,39637,block_end,end,0.20,random_forest,2.756428,3.334496,0.467055,202,202
5,5,39637,block_end,end,0.20,neural_net,2.906262,3.460023,0.426175,202,202
5,5,39637,block_end,end,0.20,adaptive_imputation,2.823318,3.278765,0.484721,202,202
6,6,47556,block_end,end,0.20,forward_fill,3.186535,3.760577,-2.063371,202,202
6,6,47556,block_end,end,0.20,linear_interpolation,2.306193,2.802642,-0.701476,202,202
6,6,47556,block_end,end,0.20,time_interpolation,2.306193,2.802642,-0.701476,202,202
6,6,47556,block_end,end,0.20,cubic_interpolation,8.450024,10.648314,-23.561361,202,202
6,6,47556,block_end,end,0.20,spline_interpolation,11.913295,13.596478,-39.044569,202,202
6,6,47556,block_end,end,0.20,moving_average,3.078746,3.697506,-1.961478,202,202
6,6,47556,block_end,end,0.20,knn,2.306193,2.802642,-0.701476,202,202
6,6,47556,block_end,end,0.20,knn_upgraded,2.216364,2.673120,-0.547846,202,202
6,6,47556,block_end,end,0.20,decision_tree,2.347615,2.650179,-0.521392,202,202
6,6,47556,block_end,end,0.20,random_forest,2.306625,2.668175,-0.542124,202,202
6,6,47556,block_end,end,0.20,neural_net,2.348209,2.616451,-0.482914,202,202
6,6,47556,block_end,end,0.20,adaptive_imputation,8.450024,10.648314,-23.561361,202,202
7,7,55475,block_end,end,0.20,forward_fill,0.713168,0.944446,-0.202322,202,202
7,7,55475,block_end,end,0.20,linear_interpolation,1.274566,1.488479,-1.986430,202,202
7,7,55475,block_end,end,0.20,time_interpolation,1.274566,1.488479,-1.986430,202,202
7,7,55475,block_end,end,0.20,cubic_interpolation,3.751115,4.470900,-25.943659,202,202
7,7,55475,block_end,end,0.20,spline_interpolation,5.769327,6.433294,-54.787052,202,202
7,7,55475,block_end,end,0.20,moving_average,0.689207,0.921910,-0.145629,202,202
7,7,55475,block_end,end,0.20,knn,1.274566,1.488479,-1.986430,202,202
7,7,55475,block_end,end,0.20,knn_upgraded,1.336359,1.554903,-2.258918,202,202
7,7,55475,block_end,end,0.20,decision_tree,1.512256,1.723404,-3.003509,202,202
7,7,55475,block_end,end,0.20,random_forest,1.560772,1.774652,-3.245151,202,202
7,7,55475,block_end,end,0.20,neural_net,1.419851,1.639608,-2.623655,202,202
7,7,55475,block_end,end,0.20,adaptive_imputation,3.751115,4.470900,-25.943659,202,202
8,8,63394,block_end,end,0.20,forward_fill,2.539901,2.970741,-0.012845,202,202
8,8,63394,block_end,end,0.20,linear_interpolation,3.103369,3.986028,-0.823452,202,202
8,8,63394,block_end,end,0.20,time_interpolation,3.103369,3.986028,-0.823452,202,202
8,8,63394,block_end,end,0.20,cubic_interpolation,2.833119,3.864278,-0.713761,202,202
8,8,63394,block_end,end,0.20,spline_interpolation,3.361833,4.406948,-1.228895,202,202
8,8,63394,block_end,end,0.20,moving_average,2.389752,2.822803,0.085519,202,202
8,8,63394,block_end,end,0.20,knn,3.103369,3.986028,-0.823452,202,202
8,8,63394,block_end,end,0.20,knn_upgraded,3.248172,4.261880,-1.084568,202,202
8,8,63394,block_end,end,0.20,decision_tree,4.067755,5.004889,-1.874766,202,202
8,8,63394,block_end,end,0.20,random_forest,3.718422,4.639494,-1.470330,202,202
8,8,63394,block_end,end,0.20,neural_net,3.296129,4.151264,-0.977763,202,202
8,8,63394,block_end,end,0.20,adaptive_imputation,2.833119,3.864278,-0.713761,202,202
9,9,71313,block_end,end,0.20,forward_fill,3.025149,3.825865,-0.151126,202,202
9,9,71313,block_end,end,0.20,linear_interpolation,3.030873,3.802666,-0.137208,202,202
9,9,71313,block_end,end,0.20,time_interpolation,3.030873,3.802666,-0.137208,202,202
9,9,71313,block_end,end,0.20,cubic_interpolation,2.539801,3.317796,0.134309,202,202
9,9,71313,block_end,end,0.20,spline_interpolation,3.152202,4.264425,-0.430160,202,202
9,9,71313,block_end,end,0.20,moving_average,3.000087,3.821024,-0.148215,202,202
9,9,71313,block_end,end,0.20,knn,3.030873,3.802666,-0.137208,202,202
9,9,71313,block_end,end,0.20,knn_upgraded,2.992255,3.762741,-0.113454,202,202
9,9,71313,block_end,end,0.20,decision_tree,2.997811,3.746455,-0.103837,202,202
9,9,71313,block_end,end,0.20,random_forest,3.026388,3.778181,-0.122611,202,202
9,9,71313,block_end,end,0.20,neural_net,3.018781,3.812665,-0.143197,202,202
9,9,71313,block_end,end,0.20,adaptive_imputation,2.539801,3.317796,0.134309,202,202
10,10,79232,block_end,end,0.20,forward_fill,1.279158,1.570402,-0.974739,202,202
10,10,79232,block_end,end,0.20,linear_interpolation,1.091583,1.309854,-0.373832,202,202
10,10,79232,block_end,end,0.20,time_interpolation,1.091583,1.309854,-0.373832,202,202
10,10,79232,block_end,end,0.20,cubic_interpolation,2.379562,2.894470,-5.708510,202,202
10,10,79232,block_end,end,0.20,spline_interpolation,3.004274,3.610647,-9.438982,202,202
10,10,79232,block_end,end,0.20,moving_average,1.279265,1.570186,-0.974195,202,202
10,10,79232,block_end,end,0.20,knn,1.091583,1.309854,-0.373832,202,202
10,10,79232,block_end,end,0.20,knn_upgraded,1.065799,1.272222,-0.296026,202,202
10,10,79232,block_end,end,0.20,decision_tree,1.054056,1.224032,-0.199703,202,202
10,10,79232,block_end,end,0.20,random_forest,1.064072,1.239984,-0.231176,202,202
10,10,79232,block_end,end,0.20,neural_net,1.110976,1.323604,-0.402828,202,202
10,10,79232,block_end,end,0.20,adaptive_imputation,2.379562,2.894470,-5.708510,202,202
11,11,87151,block_end,end,0.20,forward_fill,2.446436,3.030207,-0.085341,202,202
11,11,87151,block_end,end,0.20,linear_interpolation,2.605242,3.288962,-0.278613,202,202
11,11,87151,block_end,end,0.20,time_interpolation,2.605242,3.288962,-0.278613,202,202
11,11,87151,block_end,end,0.20,cubic_interpolation,2.774144,3.664455,-0.587231,202,202
11,11,87151,block_end,end,0.20,spline_interpolation,3.311836,4.208605,-1.093620,202,202
11,11,87151,block_end,end,0.20,moving_average,2.416806,3.016112,-0.075267,202,202
11,11,87151,block_end,end,0.20,knn,2.605242,3.288962,-0.278613,202,202
11,11,87151,block_end,end,0.20,knn_upgraded,2.621764,3.322924,-0.305155,202,202
11,11,87151,block_end,end,0.20,decision_tree,2.666796,3.398246,-0.364995,202,202
11,11,87151,block_end,end,0.20,random_forest,2.648342,3.366983,-0.339995,202,202
11,11,87151,block_end,end,0.20,neural_net,2.641612,3.316739,-0.300301,202,202
11,11,87151,block_end,end,0.20,adaptive_imputation,2.774144,3.664455,-0.587231,202,202
12,12,95070,block_end,end,0.20,forward_fill,3.419554,3.708603,-5.675331,202,202
12,12,95070,block_end,end,0.20,linear_interpolation,1.096132,1.259964,0.229507,202,202
12,12,95070,block_end,end,0.20,time_interpolation,1.096132,1.259964,0.229507,202,202
12,12,95070,block_end,end,0.20,cubic_interpolation,0.931182,1.090661,0.422660,202,202
12,12,95070,block_end,end,0.20,spline_interpolation,0.564733,0.676295,0.778015,202,202
12,12,95070,block_end,end,0.20,moving_average,3.288724,3.624773,-5.376961,202,202
12,12,95070,block_end,end,0.20,knn,1.096132,1.259964,0.229507,202,202
12,12,95070,block_end,end,0.20,knn_upgraded,0.805763,0.936547,0.574292,202,202
12,12,95070,block_end,end,0.20,decision_tree,0.417449,0.508067,0.874716,202,202
12,12,95070,block_end,end,0.20,random_forest,0.462735,0.556166,0.849872,202,202
12,12,95070,block_end,end,0.20,neural_net,1.062242,1.224632,0.272115,202,202
12,12,95070,block_end,end,0.20,adaptive_imputation,0.931182,1.090661,0.422660,202,202
13,13,102989,block_end,end,0.20,forward_fill,2.121584,2.371331,-0.490992,202,202
13,13,102989,block_end,end,0.20,linear_interpolation,1.952884,2.347995,-0.461792,202,202
13,13,102989,block_end,end,0.20,time_interpolation,1.952884,2.347995,-0.461792,202,202
13,13,102989,block_end,end,0.20,cubic_interpolation,8.519596,9.848311,-24.716669,202,202
13,13,102989,block_end,end,0.20,spline_interpolation,12.779171,14.325216,-53.411860,202,202
13,13,102989,block_end,end,0.20,moving_average,2.030596,2.294389,-0.395807,202,202
13,13,102989,block_end,end,0.20,knn,1.952884,2.347995,-0.461792,202,202
13,13,102989,block_end,end,0.20,knn_upgraded,1.961510,2.405265,-0.533971,202,202
13,13,102989,block_end,end,0.20,decision_tree,2.214654,2.668692,-0.888375,202,202
13,13,102989,block_end,end,0.20,random_forest,2.084874,2.482816,-0.634482,202,202
13,13,102989,block_end,end,0.20,neural_net,2.042629,2.391083,-0.515935,202,202
13,13,102989,block_end,end,0.20,adaptive_imputation,8.519596,9.848311,-24.716669,202,202
14,14,110908,block_end,end,0.20,forward_fill,1.890842,2.230682,-0.186905,202,202
14,14,110908,block_end,end,0.20,linear_interpolation,1.669595,2.314226,-0.277474,202,202
14,14,110908,block_end,end,0.20,time_interpolation,1.669595,2.314226,-0.277474,202,202
14,14,110908,block_end,end,0.20,cubic_interpolation,1.679797,2.463857,-0.448010,202,202
14,14,110908,block_end,end,0.20,spline_interpolation,2.003599,2.911796,-1.022379,202,202
14,14,110908,block_end,end,0.20,moving_average,1.813561,2.169669,-0.122865,202,202
14,14,110908,block_end,end,0.20,knn,1.669595,2.314226,-0.277474,202,202
14,14,110908,block_end,end,0.20,knn_upgraded,1.679746,2.391100,-0.363754,202,202
14,14,110908,block_end,end,0.20,decision_tree,1.957125,2.635443,-0.656716,202,202
14,14,110908,block_end,end,0.20,random_forest,1.835977,2.490894,-0.479963,202,202
14,14,110908,block_end,end,0.20,neural_net,1.651938,2.275324,-0.234887,202,202
14,14,110908,block_end,end,0.20,adaptive_imputation,1.679797,2.463857,-0.448010,202,202
15,15,118827,block_end,end,0.20,forward_fill,8.717079,10.318674,-2.362687,202,202
15,15,118827,block_end,end,0.20,linear_interpolation,5.563996,6.763868,-0.444870,202,202
15,15,118827,block_end,end,0.20,time_interpolation,5.563996,6.763868,-0.444870,202,202
15,15,118827,block_end,end,0.20,cubic_interpolation,9.253845,11.865886,-3.446712,202,202
15,15,118827,block_end,end,0.20,spline_interpolation,10.194185,13.147263,-4.458953,202,202
15,15,118827,block_end,end,0.20,moving_average,8.276361,9.980140,-2.145661,202,202
15,15,118827,block_end,end,0.20,knn,5.563996,6.763868,-0.444870,202,202
15,15,118827,block_end,end,0.20,knn_upgraded,5.324209,6.391678,-0.290234,202,202
15,15,118827,block_end,end,0.20,decision_tree,6.112251,7.230675,-0.651187,202,202
15,15,118827,block_end,end,0.20,random_forest,6.032277,7.072347,-0.579668,202,202
15,15,118827,block_end,end,0.20,neural_net,6.920087,8.203407,-1.125334,202,202
15,15,118827,block_end,end,0.20,adaptive_imputation,9.253845,11.865886,-3.446712,202,202
16,16,126746,block_end,end,0.20,forward_fill,3.347574,4.338526,-0.552959,202,202
16,16,126746,block_end,end,0.20,linear_interpolation,3.039076,3.602232,-0.070580,202,202
16,16,126746,block_end,end,0.20,time_interpolation,3.039076,3.602232,-0.070580,202,202
16,16,126746,block_end,end,0.20,cubic_interpolation,3.666112,4.681186,-0.807955,202,202
16,16,126746,block_end,end,0.20,spline_interpolation,3.853403,5.042130,-1.097509,202,202
16,16,126746,block_end,end,0.20,moving_average,3.251655,4.297433,-0.523681,202,202
16,16,126746,block_end,end,0.20,knn,3.039076,3.602232,-0.070580,202,202
16,16,126746,block_end,end,0.20,knn_upgraded,2.969567,3.471148,0.005919,202,202
16,16,126746,block_end,end,0.20,decision_tree,3.107613,3.470621,0.006220,202,202
16,16,126746,block_end,end,0.20,random_forest,3.103049,3.473778,0.004412,202,202
16,16,126746,block_end,end,0.20,neural_net,3.569954,4.087318,-0.378328,202,202
16,16,126746,block_end,end,0.20,adaptive_imputation,3.666112,4.681186,-0.807955,202,202
17,17,134665,block_end,end,0.20,forward_fill,1.857921,2.191599,-0.672328,202,202
17,17,134665,block_end,end,0.20,linear_interpolation,1.510490,1.927054,-0.292967,202,202
17,17,134665,block_end,end,0.20,time_interpolation,1.510490,1.927054,-0.292967,202,202
17,17,134665,block_end,end,0.20,cubic_interpolation,4.170864,5.327478,-8.881951,202,202
17,17,134665,block_end,end,0.20,spline_interpolation,5.886459,6.704090,-14.648730,202,202
17,17,134665,block_end,end,0.20,moving_average,1.809568,2.171376,-0.641608,202,202
17,17,134665,block_end,end,0.20,knn,1.510490,1.927054,-0.292967,202,202
17,17,134665,block_end,end,0.20,knn_upgraded,1.505486,1.898054,-0.254344,202,202
17,17,134665,block_end,end,0.20,decision_tree,1.489508,1.860831,-0.205628,202,202
17,17,134665,block_end,end,0.20,random_forest,1.503786,1.876670,-0.226239,202,202
17,17,134665,block_end,end,0.20,neural_net,1.623356,2.044534,-0.455420,202,202
17,17,134665,block_end,end,0.20,adaptive_imputation,4.170864,5.327478,-8.881951,202,202
18,18,142584,block_end,end,0.20,forward_fill,3.459752,4.127250,-1.053658,202,202
18,18,142584,block_end,end,0.20,linear_interpolation,2.905659,3.669526,-0.623403,202,202
18,18,142584,block_end,end,0.20,time_interpolation,2.905659,3.669526,-0.623403,202,202
18,18,142584,block_end,end,0.20,cubic_interpolation,3.190677,3.927589,-0.859767,202,202
18,18,142584,block_end,end,0.20,spline_interpolation,3.175608,3.914857,-0.847729,202,202
18,18,142584,block_end,end,0.20,moving_average,3.273152,3.966007,-0.896328,202,202
18,18,142584,block_end,end,0.20,knn,2.905659,3.669526,-0.623403,202,202
18,18,142584,block_end,end,0.20,knn_upgraded,2.796624,3.650697,-0.606786,202,202
18,18,142584,block_end,end,0.20,decision_tree,3.300351,4.250060,-1.177693,202,202
18,18,142584,block_end,end,0.20,random_forest,3.349460,4.243970,-1.171456,202,202
18,18,142584,block_end,end,0.20,neural_net,2.616397,3.436048,-0.423394,202,202
18,18,142584,block_end,end,0.20,adaptive_imputation,3.190677,3.927589,-0.859767,202,202
19,19,150503,block_end,end,0.20,forward_fill,4.438812,5.118792,-1.460930,202,202
19,19,150503,block_end,end,0.20,linear_interpolation,3.247636,3.727736,-0.305132,202,202
19,19,150503,block_end,end,0.20,time_interpolation,3.247636,3.727736,-0.305132,202,202
19,19,150503,block_end,end,0.20,cubic_interpolation,9.650046,12.300249,-13.209934,202,202
19,19,150503,block_end,end,0.20,spline_interpolation,13.050305,15.562204,-21.746075,202,202
19,19,150503,block_end,end,0.20,moving_average,4.307236,5.024516,-1.371115,202,202
19,19,150503,block_end,end,0.20,knn,3.247636,3.727736,-0.305132,202,202
19,19,150503,block_end,end,0.20,knn_upgraded,3.016299,3.551458,-0.184616,202,202
19,19,150503,block_end,end,0.20,decision_tree,3.068233,3.774231,-0.337892,202,202
19,19,150503,block_end,end,0.20,random_forest,3.078584,3.743463,-0.316168,202,202
19,19,150503,block_end,end,0.20,neural_net,3.441891,3.889583,-0.420923,202,202
19,19,150503,block_end,end,0.20,adaptive_imputation,9.650046,12.300249,-13.209934,202,202
0,0,42,block_end,end,0.30,forward_fill,5.479139,6.697888,-1.231245,302,302
0,0,42,block_end,end,0.30,linear_interpolation,5.404309,6.580167,-1.153503,302,302
0,0,42,block_end,end,0.30,time_interpolation,5.404309,6.580167,-1.153503,302,302
0,0,42,block_end,end,0.30,cubic_interpolation,5.002943,6.192870,-0.907460,302,302
0,0,42,block_end,end,0.30,spline_interpolation,4.848613,5.972604,-0.774185,302,302
0,0,42,block_end,end,0.30,moving_average,5.477495,6.697790,-1.231180,302,302
0,0,42,block_end,end,0.30,knn,5.404309,6.580167,-1.153503,302,302
0,0,42,block_end,end,0.30,knn_upgraded,5.379197,6.563181,-1.142398,302,302
0,0,42,block_end,end,0.30,decision_tree,5.320636,6.496125,-1.098845,302,302
0,0,42,block_end,end,0.30,random_forest,5.332508,6.506469,-1.105534,302,302
0,0,42,block_end,end,0.30,neural_net,5.399640,6.577395,-1.151688,302,302
0,0,42,block_end,end,0.30,adaptive_imputation,4.848613,5.972604,-0.774185,302,302
1,1,7961,block_end,end,0.30,forward_fill,4.225331,4.942839,-2.693598,302,302
1,1,7961,block_end,end,0.30,linear_interpolation,3.014014,3.711101,-1.082103,302,302
1,1,7961,block_end,end,0.30,time_interpolation,3.014014,3.711101,-1.082103,302,302
1,1,7961,block_end,end,0.30,cubic_interpolation,4.567337,5.849129,-4.172244,302,302
1,1,7961,block_end,end,0.30,spline_interpolation,7.919711,9.230637,-11.881309,302,302
1,1,7961,block_end,end,0.30,moving_average,4.151395,4.906701,-2.639786,302,302
1,1,7961,block_end,end,0.30,knn,3.014014,3.711101,-1.082103,302,302
1,1,7961,block_end,end,0.30,knn_upgraded,2.802534,3.417083,-0.765256,302,302
1,1,7961,block_end,end,0.30,decision_tree,2.750931,3.256552,-0.603293,302,302
1,1,7961,block_end,end,0.30,random_forest,2.775991,3.307671,-0.654022,302,302
1,1,7961,block_end,end,0.30,neural_net,2.824852,3.491270,-0.842738,302,302
1,1,7961,block_end,end,0.30,adaptive_imputation,7.919711,9.230637,-11.881309,302,302
2,2,15880,block_end,end,0.30,forward_fill,3.240861,3.415733,-8.916915,302,302
2,2,15880,block_end,end,0.30,linear_interpolation,2.172773,2.399149,-3.892412,302,302
2,2,15880,block_end,end,0.30,time_interpolation,2.172773,2.399149,-3.892412,302,302
2,2,15880,block_end,end,0.30,cubic_interpolation,0.967601,1.130828,-0.086931,302,302
2,2,15880,block_end,end,0.30,spline_interpolation,2.010786,2.246391,-3.289229,302,302
2,2,15880,block_end,end,0.30,moving_average,3.205948,3.404352,-8.850939,302,302
2,2,15880,block_end,end,0.30,knn,2.172773,2.399149,-3.892412,302,302
2,2,15880,block_end,end,0.30,knn_upgraded,1.970353,2.187840,-3.068550,302,302
2,2,15880,block_end,end,0.30,decision_tree,1.743812,1.913174,-2.111125,302,302
2,2,15880,block_end,end,0.30,random_forest,1.887002,2.081271,-2.681850,302,302
2,2,15880,block_end,end,0.30,neural_net,2.145670,2.369693,-3.773017,302,302
2,2,15880,block_end,end,0.30,adaptive_imputation,2.010786,2.246391,-3.289229,302,302
3,3,23799,block_end,end,0.30,forward_fill,1.514868,2.155522,-0.218174,302,302
3,3,23799,block_end,end,0.30,linear_interpolation,1.377751,1.627807,0.305280,302,302
3,3,23799,block_end,end,0.30,time_interpolation,1.377751,1.627807,0.305280,302,302
3,3,23799,block_end,end,0.30,cubic_interpolation,1.233800,1.430605,0.463408,302,302
3,3,23799,block_end,end,0.30,spline_interpolation,1.224611,1.422954,0.469133,302,302
3,3,23799,block_end,end,0.30,moving_average,1.455097,2.098224,-0.154272,302,302
3,3,23799,block_end,end,0.30,knn,1.377751,1.627807,0.305280,302,302
3,3,23799,block_end,end,0.30,knn_upgraded,1.504347,1.791468,0.158561,302,302
3,3,23799,block_end,end,0.30,decision_tree,1.708430,2.030756,-0.081235,302,302
3,3,23799,block_end,end,0.30,random_forest,1.500555,1.832131,0.119929,302,302
3,3,23799,block_end,end,0.30,neural_net,1.372020,1.658154,0.279135,302,302
3,3,23799,block_end,end,0.30,adaptive_imputation,1.224611,1.422954,0.469133,302,302
4,4,31718,block_end,end,0.30,forward_fill,3.952086,4.919538,-0.410491,302,302
4,4,31718,block_end,end,0.30,linear_interpolation,4.012527,4.582250,-0.223712,302,302
4,4,31718,block_end,end,0.30,time_interpolation,4.012527,4.582250,-0.223712,302,302
4,4,31718,block_end,end,0.30,cubic_interpolation,4.102021,4.770030,-0.326063,302,302
4,4,31718,block_end,end,0.30,spline_interpolation,4.106630,4.785295,-0.334564,302,302
4,4,31718,block_end,end,0.30,moving_average,3.979849,4.932635,-0.418012,302,302
4,4,31718,block_end,end,0.30,knn,4.012527,4.582250,-0.223712,302,302
4,4,31718,block_end,end,0.30,knn_upgraded,3.947253,4.476733,-0.168004,302,302
4,4,31718,block_end,end,0.30,decision_tree,3.990105,4.472986,-0.166049,302,302
4,4,31718,block_end,end,0.30,random_forest,4.036885,4.561105,-0.212445,302,302
4,4,31718,block_end,end,0.30,neural_net,4.101218,4.685185,-0.279308,302,302
4,4,31718,block_end,end,0.30,adaptive_imputation,4.106630,4.785295,-0.334564,302,302
5,5,39637,block_end,end,0.30,forward_fill,4.095695,5.139415,-0.706419,302,302
5,5,39637,block_end,end,0.30,linear_interpolation,2.599543,3.141095,0.362588,302,302
5,5,39637,block_end,end,0.30,time_interpolation,2.599543,3.141095,0.362588,302,302
5,5,39637,block_end,end,0.30,cubic_interpolation,3.109823,3.812850,0.060801,302,302
5,5,39637,block_end,end,0.30,spline_interpolation,3.329193,4.379485,-0.239094,302,302
5,5,39637,block_end,end,0.30,moving_average,3.950044,5.037101,-0.639153,302,302
5,5,39637,block_end,end,0.30,knn,2.599543,3.141095,0.362588,302,302
5,5,39637,block_end,end,0.30,knn_upgraded,2.728956,3.349395,0.275245,302,302
5,5,39637,block_end,end,0.30,decision_tree,2.927076,3.819466,0.057539,302,302
5,5,39637,block_end,end,0.30,random_forest,2.659670,3.346798,0.276369,302,302
5,5,39637,block_end,end,0.30,neural_net,2.635869,3.214484,0.332455,302,302
5,5,39637,block_end,end,0.30,adaptive_imputation,3.329193,4.379485,-0.239094,302,302
6,6,47556,block_end,end,0.30,forward_fill,2.376258,2.837073,-1.053376,302,302
6,6,47556,block_end,end,0.30,linear_interpolation,2.036282,2.344251,-0.401960,302,302
6,6,47556,block_end,end,0.30,time_interpolation,2.036282,2.344251,-0.401960,302,302
6,6,47556,block_end,end,0.30,cubic_interpolation,2.360419,3.093237,-1.440923,302,302
6,6,47556,block_end,end,0.30,spline_interpolation,3.719097,4.430270,-4.007118,302,302
6,6,47556,block_end,end,0.30,moving_average,2.327019,2.808169,-1.011749,302,302
6,6,47556,block_end,end,0.30,knn,2.036282,2.344251,-0.401960,302,302
6,6,47556,block_end,end,0.30,knn_upgraded,1.979165,2.280340,-0.326560,302,302
6,6,47556,block_end,end,0.30,decision_tree,2.046217,2.346357,-0.404481,302,302
6,6,47556,block_end,end,0.30,random_forest,2.011193,2.288569,-0.336150,302,302
6,6,47556,block_end,end,0.30,neural_net,2.031841,2.333236,-0.388816,302,302
6,6,47556,block_end,end,0.30,adaptive_imputation,3.719097,4.430270,-4.007118,302,302
7,7,55475,block_end,end,0.30,forward_fill,1.321623,1.630614,-0.018683,302,302
7,7,55475,block_end,end,0.30,linear_interpolation,1.455806,1.769830,-0.200052,302,302
7,7,55475,block_end,end,0.30,time_interpolation,1.455806,1.769830,-0.200052,302,302
7,7,55475,block_end,end,0.30,cubic_interpolation,9.017434,10.102204,-38.099312,302,302
7,7,55475,block_end,end,0.30,spline_interpolation,13.100570,14.091811,-75.079997,302,302
7,7,55475,block_end,end,0.30,moving_average,1.273742,1.589668,0.031834,302,302
7,7,55475,block_end,end,0.30,knn,1.455806,1.769830,-0.200052,302,302
7,7,55475,block_end,end,0.30,knn_upgraded,1.621966,1.968365,-0.484390,302,302
7,7,55475,block_end,end,0.30,decision_tree,1.961921,2.298795,-1.024591,302,302
7,7,55475,block_end,end,0.30,random_forest,1.812782,2.150358,-0.771571,302,302
7,7,55475,block_end,end,0.30,neural_net,1.567889,1.881768,-0.356653,302,302
7,7,55475,block_end,end,0.30,adaptive_imputation,13.100570,14.091811,-75.079997,302,302
8,8,63394,block_end,end,0.30,forward_fill,3.289007,3.935208,-1.285815,302,302
8,8,63394,block_end,end,0.30,linear_interpolation,4.257710,4.980723,-2.661766,302,302
8,8,63394,block_end,end,0.30,time_interpolation,4.257710,4.980723,-2.661766,302,302
8,8,63394,block_end,end,0.30,cubic_interpolation,16.755761,18.700687,-50.620340,302,302
8,8,63394,block_end,end,0.30,spline_interpolation,23.148346,25.181618,-92.599384,302,302
8,8,63394,block_end,end,0.30,moving_average,3.263461,3.924445,-1.273329,302,302
8,8,63394,block_end,end,0.30,knn,4.257710,4.980723,-2.661766,302,302
8,8,63394,block_end,end,0.30,knn_upgraded,4.555102,5.258216,-3.081150,302,302
8,8,63394,block_end,end,0.30,decision_tree,5.070075,5.695470,-3.788119,302,302
8,8,63394,block_end,end,0.30,random_forest,4.773385,5.431496,-3.354564,302,302
8,8,63394,block_end,end,0.30,neural_net,4.541479,5.210037,-3.006705,302,302
8,8,63394,block_end,end,0.30,adaptive_imputation,23.148346,25.181618,-92.599384,302,302
9,9,71313,block_end,end,0.30,forward_fill,5.590993,6.717182,-1.613273,302,302
9,9,71313,block_end,end,0.30,linear_interpolation,3.223414,3.875259,0.130215,302,302
9,9,71313,block_end,end,0.30,time_interpolation,3.223414,3.875259,0.130215,302,302
9,9,71313,block_end,end,0.30,cubic_interpolation,8.234474,9.756553,-4.513196,302,302
9,9,71313,block_end,end,0.30,spline_interpolation,10.966793,12.386566,-7.886125,302,302
9,9,71313,block_end,end,0.30,moving_average,5.462664,6.650835,-1.561904,302,302
9,9,71313,block_end,end,0.30,knn,3.223414,3.875259,0.130215,302,302
9,9,71313,block_end,end,0.30,knn_upgraded,3.081676,3.601002,0.248970,302,302
9,9,71313,block_end,end,0.30,decision_tree,2.993611,3.380572,0.338102,302,302
9,9,71313,block_end,end,0.30,random_forest,3.054703,3.529405,0.278538,302,302
9,9,71313,block_end,end,0.30,neural_net,3.536110,4.362024,-0.102013,302,302
9,9,71313,block_end,end,0.30,adaptive_imputation,10.966793,12.386566,-7.886125,302,302
10,10,79232,block_end,end,0.30,forward_fill,1.090530,1.302310,-0.196192,302,302
10,10,79232,block_end,end,0.30,linear_interpolation,1.013335,1.151312,0.065115,302,302
10,10,79232,block_end,end,0.30,time_interpolation,1.013335,1.151312,0.065115,302,302
10,10,79232,block_end,end,0.30,cubic_interpolation,5.083213,6.303905,-27.027956,302,302
10,10,79232,block_end,end,0.30,spline_interpolation,7.569158,8.592021,-51.067014,302,302
10,10,79232,block_end,end,0.30,moving_average,1.070840,1.287419,-0.168994,302,302
10,10,79232,block_end,end,0.30,knn,1.013335,1.151312,0.065115,302,302
10,10,79232,block_end,end,0.30,knn_upgraded,1.020411,1.158747,0.053002,302,302
10,10,79232,block_end,end,0.30,decision_tree,1.029411,1.186507,0.007084,302,302
10,10,79232,block_end,end,0.30,random_forest,1.024062,1.179460,0.018843,302,302
10,10,79232,block_end,end,0.30,neural_net,1.101781,1.255432,-0.111625,302,302
10,10,79232,block_end,end,0.30,adaptive_imputation,7.569158,8.592021,-51.067014,302,302
11,11,87151,block_end,end,0.30,forward_fill,2.111854,2.943458,-0.370481,302,302
11,11,87151,block_end,end,0.30,linear_interpolation,2.109857,2.940066,-0.367324,302,302
11,11,87151,block_end,end,0.30,time_interpolation,2.109857,2.940066,-0.367324,302,302
11,11,87151,block_end,end,0.30,cubic_interpolation,9.445221,10.594558,-16.755090,302,302
11,11,87151,block_end,end,0.30,spline_interpolation,13.273645,14.647780,-32.939140,302,302
11,11,87151,block_end,end,0.30,moving_average,2.112236,2.943545,-0.370562,302,302
11,11,87151,block_end,end,0.30,knn,2.109857,2.940066,-0.367324,302,302
11,11,87151,block_end,end,0.30,knn_upgraded,2.125533,2.962233,-0.388019,302,302
11,11,87151,block_end,end,0.30,decision_tree,2.065571,2.868154,-0.301255,302,302
11,11,87151,block_end,end,0.30,random_forest,2.082313,2.896604,-0.327197,302,302
11,11,87151,block_end,end,0.30,neural_net,2.132208,2.941046,-0.368236,302,302
11,11,87151,block_end,end,0.30,adaptive_imputation,13.273645,14.647780,-32.939140,302,302
12,12,95070,block_end,end,0.30,forward_fill,1.489570,1.978813,-0.339660,302,302
12,12,95070,block_end,end,0.30,linear_interpolation,1.468014,2.108621,-0.521186,302,302
12,12,95070,block_end,end,0.30,time_interpolation,1.468014,2.108621,-0.521186,302,302
12,12,95070,block_end,end,0.30,cubic_interpolation,0.856935,1.119993,0.570843,302,302
12,12,95070,block_end,end,0.30,spline_interpolation,1.069389,1.217701,0.492698,302,302
12,12,95070,block_end,end,0.30,moving_average,1.477187,1.976176,-0.336093,302,302
12,12,95070,block_end,end,0.30,knn,1.468014,2.108621,-0.521186,302,302
12,12,95070,block_end,end,0.30,knn_upgraded,1.510517,2.167216,-0.606902,302,302
12,12,95070,block_end,end,0.30,decision_tree,1.603743,2.258580,-0.745244,302,302
12,12,95070,block_end,end,0.30,random_forest,1.555209,2.212603,-0.674914,302,302
12,12,95070,block_end,end,0.30,neural_net,1.472101,2.134584,-0.558876,302,302
12,12,95070,block_end,end,0.30,adaptive_imputation,1.069389,1.217701,0.492698,302,302
13,13,102989,block_end,end,0.30,forward_fill,2.150199,2.840271,-1.170005,302,302
13,13,102989,block_end,end,0.30,linear_interpolation,2.210695,2.899815,-1.261943,302,302
13,13,102989,block_end,end,0.30,time_interpolation,2.210695,2.899815,-1.261943,302,302
13,13,102989,block_end,end,0.30,cubic_interpolation,1.736619,2.183317,-0.282256,302,302
13,13,102989,block_end,end,0.30,spline_interpolation,1.548456,1.946757,-0.019447,302,302
13,13,102989,block_end,end,0.30,moving_average,2.149934,2.840243,-1.169963,302,302
13,13,102989,block_end,end,0.30,knn,2.210695,2.899815,-1.261943,302,302
13,13,102989,block_end,end,0.30,knn_upgraded,2.213673,2.902145,-1.265579,302,302
13,13,102989,block_end,end,0.30,decision_tree,2.212817,2.901928,-1.265241,302,302
13,13,102989,block_end,end,0.30,random_forest,2.208857,2.897532,-1.258384,302,302
13,13,102989,block_end,end,0.30,neural_net,2.210805,2.901355,-1.264347,302,302
13,13,102989,block_end,end,0.30,adaptive_imputation,1.548456,1.946757,-0.019447,302,302
14,14,110908,block_end,end,0.30,forward_fill,1.304636,1.750941,-0.029303,302,302
14,14,110908,block_end,end,0.30,linear_interpolation,1.629922,2.232672,-0.673594,302,302
14,14,110908,block_end,end,0.30,time_interpolation,1.629922,2.232672,-0.673594,302,302
14,14,110908,block_end,end,0.30,cubic_interpolation,1.494913,2.096414,-0.475552,302,302
14,14,110908,block_end,end,0.30,spline_interpolation,1.504052,2.108864,-0.493130,302,302
14,14,110908,block_end,end,0.30,moving_average,1.272503,1.727964,-0.002466,302,302
14,14,110908,block_end,end,0.30,knn,1.629922,2.232672,-0.673594,302,302
14,14,110908,block_end,end,0.30,knn_upgraded,1.766852,2.370065,-0.885910,302,302
14,14,110908,block_end,end,0.30,decision_tree,1.989917,2.579873,-1.234586,302,302
14,14,110908,block_end,end,0.30,random_forest,1.907628,2.509564,-1.114447,302,302
14,14,110908,block_end,end,0.30,neural_net,1.699039,2.279699,-0.744839,302,302
14,14,110908,block_end,end,0.30,adaptive_imputation,1.504052,2.108864,-0.493130,302,302
15,15,118827,block_end,end,0.30,forward_fill,5.200828,6.099386,-0.386995,302,302
15,15,118827,block_end,end,0.30,linear_interpolation,5.238969,6.190561,-0.428771,302,302
15,15,118827,block_end,end,0.30,time_interpolation,5.238969,6.190561,-0.428771,302,302
15,15,118827,block_end,end,0.30,cubic_interpolation,7.021586,8.224932,-1.522129,302,302
15,15,118827,block_end,end,0.30,spline_interpolation,8.094720,9.509769,-2.371651,302,302
15,15,118827,block_end,end,0.30,moving_average,5.024744,5.942502,-0.316562,302,302
15,15,118827,block_end,end,0.30,knn,5.238969,6.190561,-0.428771,302,302
15,15,118827,block_end,end,0.30,knn_upgraded,5.333301,6.498018,-0.574217,302,302
15,15,118827,block_end,end,0.30,decision_tree,5.776054,7.385521,-1.033597,302,302
15,15,118827,block_end,end,0.30,random_forest,5.474522,6.712832,-0.680019,302,302
15,15,118827,block_end,end,0.30,neural_net,5.707039,6.870425,-0.759827,302,302
15,15,118827,block_end,end,0.30,adaptive_imputation,8.094720,9.509769,-2.371651,302,302
16,16,126746,block_end,end,0.30,forward_fill,2.956424,3.363236,-0.051875,302,302
16,16,126746,block_end,end,0.30,linear_interpolation,2.973885,3.342555,-0.038978,302,302
16,16,126746,block_end,end,0.30,time_interpolation,2.973885,3.342555,-0.038978,302,302
16,16,126746,block_end,end,0.30,cubic_interpolation,2.918362,3.316377,-0.022768,302,302
16,16,126746,block_end,end,0.30,spline_interpolation,2.917152,3.333739,-0.033505,302,302
16,16,126746,block_end,end,0.30,moving_average,2.944577,3.360984,-0.050467,302,302
16,16,126746,block_end,end,0.30,knn,2.973885,3.342555,-0.038978,302,302
16,16,126746,block_end,end,0.30,knn_upgraded,2.955325,3.324659,-0.027883,302,302
16,16,126746,block_end,end,0.30,decision_tree,2.948791,3.324177,-0.027585,302,302
16,16,126746,block_end,end,0.30,random_forest,2.952885,3.323124,-0.026934,302,302
16,16,126746,block_end,end,0.30,neural_net,2.996746,3.365953,-0.053575,302,302
16,16,126746,block_end,end,0.30,adaptive_imputation,2.917152,3.333739,-0.033505,302,302
17,17,134665,block_end,end,0.30,forward_fill,1.851954,2.305239,-0.326047,302,302
17,17,134665,block_end,end,0.30,linear_interpolation,1.380589,1.784248,0.205604,302,302
17,17,134665,block_end,end,0.30,time_interpolation,1.380589,1.784248,0.205604,302,302
17,17,134665,block_end,end,0.30,cubic_interpolation,2.880322,3.832598,-2.665335,302,302
17,17,134665,block_end,end,0.30,spline_interpolation,4.040758,5.002006,-5.243319,302,302
17,17,134665,block_end,end,0.30,moving_average,1.803880,2.279810,-0.296954,302,302
17,17,134665,block_end,end,0.30,knn,1.380589,1.784248,0.205604,302,302
17,17,134665,block_end,end,0.30,knn_upgraded,1.439454,1.807545,0.184723,302,302
17,17,134665,block_end,end,0.30,decision_tree,1.617992,1.932228,0.068370,302,302
17,17,134665,block_end,end,0.30,random_forest,1.445237,1.813729,0.179135,302,302
17,17,134665,block_end,end,0.30,neural_net,1.476372,1.849028,0.146872,302,302
17,17,134665,block_end,end,0.30,adaptive_imputation,4.040758,5.002006,-5.243319,302,302
18,18,142584,block_end,end,0.30,forward_fill,2.454901,2.885752,-0.022104,302,302
18,18,142584,block_end,end,0.30,linear_interpolation,2.998785,3.763663,-0.738596,302,302
18,18,142584,block_end,end,0.30,time_interpolation,2.998785,3.763663,-0.738596,302,302
18,18,142584,block_end,end,0.30,cubic_interpolation,4.804730,5.411264,-2.593972,302,302
18,18,142584,block_end,end,0.30,spline_interpolation,5.838631,6.678002,-4.473564,302,302
18,18,142584,block_end,end,0.30,moving_average,2.407152,2.860730,-0.004456,302,302
18,18,142584,block_end,end,0.30,knn,2.998785,3.763663,-0.738596,302,302
18,18,142584,block_end,end,0.30,knn_upgraded,3.091902,3.902486,-0.869217,302,302
18,18,142584,block_end,end,0.30,decision_tree,3.331860,4.210249,-1.175668,302,302
18,18,142584,block_end,end,0.30,random_forest,3.162741,3.981479,-0.945655,302,302
18,18,142584,block_end,end,0.30,neural_net,2.956464,3.719796,-0.698303,302,302
18,18,142584,block_end,end,0.30,adaptive_imputation,5.838631,6.678002,-4.473564,302,302
19,19,150503,block_end,end,0.30,forward_fill,2.767649,3.171847,-0.244369,302,302
19,19,150503,block_end,end,0.30,linear_interpolation,2.525349,3.220981,-0.283219,302,302
19,19,150503,block_end,end,0.30,time_interpolation,2.525349,3.220981,-0.283219,302,302
19,19,150503,block_end,end,0.30,cubic_interpolation,7.244984,8.481954,-7.898491,302,302
19,19,150503,block_end,end,0.30,spline_interpolation,10.783011,11.974002,-16.733858,302,302
19,19,150503,block_end,end,0.30,moving_average,2.732669,3.145853,-0.224056,302,302
19,19,150503,block_end,end,0.30,knn,2.525349,3.220981,-0.283219,302,302
19,19,150503,block_end,end,0.30,knn_upgraded,2.463101,3.299600,-0.346627,302,302
19,19,150503,block_end,end,0.30,decision_tree,2.447861,3.450827,-0.472892,302,302
19,19,150503,block_end,end,0.30,random_forest,2.471389,3.398890,-0.428890,302,302
19,19,150503,block_end,end,0.30,neural_net,2.498717,3.211098,-0.275356,302,302
19,19,150503,block_end,end,0.30,adaptive_imputation,10.783011,11.974002,-16.733858,302,302
0,0,42,block_end,end,0.40,forward_fill,11.010099,12.594382,-3.238474,403,403
0,0,42,block_end,end,0.40,linear_interpolation,6.826060,8.321512,-0.850377,403,403
0,0,42,block_end,end,0.40,time_interpolation,6.826060,8.321512,-0.850377,403,403
0,0,42,block_end,end,0.40,cubic_interpolation,9.595639,11.194437,-2.348577,403,403
0,0,42,block_end,end,0.40,spline_interpolation,10.364427,12.129229,-2.931173,403,403
0,0,42,block_end,end,0.40,moving_average,10.878622,12.546592,-3.206369,403,403
0,0,42,block_end,end,0.40,knn,6.826060,8.321512,-0.850377,403,403
0,0,42,block_end,end,0.40,knn_upgraded,6.059167,7.523144,-0.512358,403,403
0,0,42,block_end,end,0.40,decision_tree,5.462100,6.671858,-0.189459,403,403
0,0,42,block_end,end,0.40,random_forest,5.572084,6.851350,-0.254319,403,403
0,0,42,block_end,end,0.40,neural_net,6.697178,8.108850,-0.757010,403,403
0,0,42,block_end,end,0.40,adaptive_imputation,6.826060,8.321512,-0.850377,403,403
1,1,7961,block_end,end,0.40,forward_fill,2.459926,2.824850,-0.054484,403,403
1,1,7961,block_end,end,0.40,linear_interpolation,2.496909,2.860786,-0.081483,403,403
1,1,7961,block_end,end,0.40,time_interpolation,2.496909,2.860786,-0.081483,403,403
1,1,7961,block_end,end,0.40,cubic_interpolation,10.002686,11.629994,-16.873443,403,403
1,1,7961,block_end,end,0.40,spline_interpolation,14.573337,16.556899,-35.224902,403,403
1,1,7961,block_end,end,0.40,moving_average,2.463410,2.825086,-0.054660,403,403
1,1,7961,block_end,end,0.40,knn,2.496909,2.860786,-0.081483,403,403
1,1,7961,block_end,end,0.40,knn_upgraded,2.492714,2.858104,-0.079457,403,403
1,1,7961,block_end,end,0.40,decision_tree,2.457907,2.812424,-0.045228,403,403
1,1,7961,block_end,end,0.40,random_forest,2.503834,2.866676,-0.085942,403,403
1,1,7961,block_end,end,0.40,neural_net,2.484414,2.830286,-0.058546,403,403
1,1,7961,block_end,end,0.40,adaptive_imputation,2.496909,2.860786,-0.081483,403,403
2,2,15880,block_end,end,0.40,forward_fill,1.298263,1.546338,-0.126352,403,403
2,2,15880,block_end,end,0.40,linear_interpolation,1.480698,1.700464,-0.362073,403,403
2,2,15880,block_end,end,0.40,time_interpolation,1.480698,1.700464,-0.362073,403,403
2,2,15880,block_end,end,0.40,cubic_interpolation,1.889079,2.734931,-2.523369,403,403
2,2,15880,block_end,end,0.40,spline_interpolation,2.739483,3.540740,-4.905455,403,403
2,2,15880,block_end,end,0.40,moving_average,1.289177,1.542503,-0.120773,403,403
2,2,15880,block_end,end,0.40,knn,1.480698,1.700464,-0.362073,403,403
2,2,15880,block_end,end,0.40,knn_upgraded,1.533610,1.748554,-0.440203,403,403
2,2,15880,block_end,end,0.40,decision_tree,1.564327,1.786178,-0.502847,403,403
2,2,15880,block_end,end,0.40,random_forest,1.586162,1.808366,-0.540416,403,403
2,2,15880,block_end,end,0.40,neural_net,1.510621,1.747705,-0.438805,403,403
2,2,15880,block_end,end,0.40,adaptive_imputation,1.480698,1.700464,-0.362073,403,403
3,3,23799,block_end,end,0.40,forward_fill,1.658561,2.221077,-0.123269,403,403
3,3,23799,block_end,end,0.40,linear_interpolation,1.860654,2.203716,-0.105779,403,403
3,3,23799,block_end,end,0.40,time_interpolation,1.860654,2.203716,-0.105779,403,403
3,3,23799,block_end,end,0.40,cubic_interpolation,4.631726,5.581785,-6.094192,403,403
3,3,23799,block_end,end,0.40,spline_interpolation,6.911288,7.547423,-11.970423,403,403
3,3,23799,block_end,end,0.40,moving_average,1.624354,2.193386,-0.095435,403,403
3,3,23799,block_end,end,0.40,knn,1.860654,2.203716,-0.105779,403,403
3,3,23799,block_end,end,0.40,knn_upgraded,1.972848,2.288474,-0.192474,403,403
3,3,23799,block_end,end,0.40,decision_tree,2.055535,2.392524,-0.303375,403,403
3,3,23799,block_end,end,0.40,random_forest,2.014863,2.343114,-0.250097,403,403
3,3,23799,block_end,end,0.40,neural_net,1.885779,2.252922,-0.155711,403,403
3,3,23799,block_end,end,0.40,adaptive_imputation,1.860654,2.203716,-0.105779,403,403
4,4,31718,block_end,end,0.40,forward_fill,3.371042,3.906585,-0.150523,403,403
4,4,31718,block_end,end,0.40,linear_interpolation,3.272233,3.785182,-0.080126,403,403
4,4,31718,block_end,end,0.40,time_interpolation,3.272233,3.785182,-0.080126,403,403
4,4,31718,block_end,end,0.40,cubic_interpolation,3.070860,3.727778,-0.047613,403,403
4,4,31718,block_end,end,0.40,spline_interpolation,3.066044,3.820345,-0.100287,403,403
4,4,31718,block_end,end,0.40,moving_average,3.362262,3.899417,-0.146305,403,403
4,4,31718,block_end,end,0.40,knn,3.272233,3.785182,-0.080126,403,403
4,4,31718,block_end,end,0.40,knn_upgraded,3.237565,3.751049,-0.060733,403,403
4,4,31718,block_end,end,0.40,decision_tree,3.215967,3.738728,-0.053776,403,403
4,4,31718,block_end,end,0.40,random_forest,3.211369,3.730666,-0.049237,403,403
4,4,31718,block_end,end,0.40,neural_net,3.253945,3.755106,-0.063029,403,403
4,4,31718,block_end,end,0.40,adaptive_imputation,3.272233,3.785182,-0.080126,403,403
5,5,39637,block_end,end,0.40,forward_fill,5.248486,6.529060,-0.952467,403,403
5,5,39637,block_end,end,0.40,linear_interpolation,4.692181,5.809462,-0.545803,403,403
5,5,39637,block_end,end,0.40,time_interpolation,4.692181,5.809462,-0.545803,403,403
5,5,39637,block_end,end,0.40,cubic_interpolation,20.043395,24.034507,-25.457735,403,403
5,5,39637,block_end,end,0.40,spline_interpolation,28.156839,32.067919,-46.100313,403,403
5,5,39637,block_end,end,0.40,moving_average,5.222538,6.524392,-0.949675,403,403
5,5,39637,block_end,end,0.40,knn,4.692181,5.809462,-0.545803,403,403
5,5,39637,block_end,end,0.40,knn_upgraded,4.613686,5.677653,-0.476454,403,403
5,5,39637,block_end,end,0.40,decision_tree,4.594902,5.546157,-0.408856,403,403
5,5,39637,block_end,end,0.40,random_forest,4.637132,5.686036,-0.480817,403,403
5,5,39637,block_end,end,0.40,neural_net,4.623795,5.767523,-0.523565,403,403
5,5,39637,block_end,end,0.40,adaptive_imputation,4.692181,5.809462,-0.545803,403,403
6,6,47556,block_end,end,0.40,forward_fill,2.742878,3.481087,-0.005847,403,403
6,6,47556,block_end,end,0.40,linear_interpolation,2.572375,3.334215,0.077239,403,403
6,6,47556,block_end,end,0.40,time_interpolation,2.572375,3.334215,0.077239,403,403
6,6,47556,block_end,end,0.40,cubic_interpolation,2.570178,3.333080,0.077867,403,403
6,6,47556,block_end,end,0.40,spline_interpolation,2.573872,3.341338,0.073292,403,403
6,6,47556,block_end,end,0.40,moving_average,2.711266,3.466694,0.002454,403,403
6,6,47556,block_end,end,0.40,knn,2.572375,3.334215,0.077239,403,403
6,6,47556,block_end,end,0.40,knn_upgraded,2.614844,3.437932,0.018938,403,403
6,6,47556,block_end,end,0.40,decision_tree,2.810501,3.655447,-0.109132,403,403
6,6,47556,block_end,end,0.40,random_forest,2.731295,3.546035,-0.043730,403,403
6,6,47556,block_end,end,0.40,neural_net,2.577545,3.351471,0.067663,403,403
6,6,47556,block_end,end,0.40,adaptive_imputation,2.572375,3.334215,0.077239,403,403
7,7,55475,block_end,end,0.40,forward_fill,1.304764,1.626329,-0.037049,403,403
7,7,55475,block_end,end,0.40,linear_interpolation,1.461062,1.800551,-0.271139,403,403
7,7,55475,block_end,end,0.40,time_interpolation,1.461062,1.800551,-0.271139,403,403
7,7,55475,block_end,end,0.40,cubic_interpolation,2.746384,3.160708,-2.916978,403,403
7,7,55475,block_end,end,0.40,spline_interpolation,3.659471,3.995918,-5.260594,403,403
7,7,55475,block_end,end,0.40,moving_average,1.263461,1.584755,0.015294,403,403
7,7,55475,block_end,end,0.40,knn,1.461062,1.800551,-0.271139,403,403
7,7,55475,block_end,end,0.40,knn_upgraded,1.729343,2.070201,-0.680379,403,403
7,7,55475,block_end,end,0.40,decision_tree,2.164626,2.473961,-1.399761,403,403
7,7,55475,block_end,end,0.40,random_forest,1.862862,2.185767,-0.873226,403,403
7,7,55475,block_end,end,0.40,neural_net,1.608111,1.948128,-0.488049,403,403
7,7,55475,block_end,end,0.40,adaptive_imputation,1.461062,1.800551,-0.271139,403,403
8,8,63394,block_end,end,0.40,forward_fill,2.975409,3.556617,-0.360950,403,403
8,8,63394,block_end,end,0.40,linear_interpolation,4.028074,4.727081,-1.404108,403,403
8,8,63394,block_end,end,0.40,time_interpolation,4.028074,4.727081,-1.404108,403,403
8,8,63394,block_end,end,0.40,cubic_interpolation,10.186717,11.264081,-12.650842,403,403
8,8,63394,block_end,end,0.40,spline_interpolation,13.781320,15.073632,-23.445772,403,403
8,8,63394,block_end,end,0.40,moving_average,2.938136,3.539734,-0.348060,403,403
8,8,63394,block_end,end,0.40,knn,4.028074,4.727081,-1.404108,403,403
8,8,63394,block_end,end,0.40,knn_upgraded,4.297658,4.983802,-1.672326,403,403
8,8,63394,block_end,end,0.40,decision_tree,4.665829,5.309825,-2.033391,403,403
8,8,63394,block_end,end,0.40,random_forest,4.395677,5.066555,-1.761808,403,403
8,8,63394,block_end,end,0.40,neural_net,4.168499,4.840389,-1.520742,403,403
8,8,63394,block_end,end,0.40,adaptive_imputation,4.028074,4.727081,-1.404108,403,403
9,9,71313,block_end,end,0.40,forward_fill,3.209032,3.803886,-0.042351,403,403
9,9,71313,block_end,end,0.40,linear_interpolation,2.823818,3.495028,0.120045,403,403
9,9,71313,block_end,end,0.40,time_interpolation,2.823818,3.495028,0.120045,403,403
9,9,71313,block_end,end,0.40,cubic_interpolation,2.793708,3.305112,0.213078,403,403
9,9,71313,block_end,end,0.40,spline_interpolation,2.826725,3.333969,0.199277,403,403
9,9,71313,block_end,end,0.40,moving_average,3.173292,3.791851,-0.035766,403,403
9,9,71313,block_end,end,0.40,knn,2.823818,3.495028,0.120045,403,403
9,9,71313,block_end,end,0.40,knn_upgraded,2.829213,3.560779,0.086625,403,403
9,9,71313,block_end,end,0.40,decision_tree,2.824117,3.623572,0.054127,403,403
9,9,71313,block_end,end,0.40,random_forest,2.819723,3.607138,0.062687,403,403
9,9,71313,block_end,end,0.40,neural_net,2.865604,3.517722,0.108580,403,403
9,9,71313,block_end,end,0.40,adaptive_imputation,2.823818,3.495028,0.120045,403,403
10,10,79232,block_end,end,0.40,forward_fill,4.224913,4.543365,-6.370454,403,403
10,10,79232,block_end,end,0.40,linear_interpolation,1.605386,2.001056,-0.429742,403,403
10,10,79232,block_end,end,0.40,time_interpolation,1.605386,2.001056,-0.429742,403,403
10,10,79232,block_end,end,0.40,cubic_interpolation,32.468377,37.958816,-513.474952,403,403
10,10,79232,block_end,end,0.40,spline_interpolation,47.605709,52.595146,-986.711775,403,403
10,10,79232,block_end,end,0.40,moving_average,4.147911,4.487841,-6.191406,403,403
10,10,79232,block_end,end,0.40,knn,1.605386,2.001056,-0.429742,403,403
10,10,79232,block_end,end,0.40,knn_upgraded,1.292696,1.617816,0.065461,403,403
10,10,79232,block_end,end,0.40,decision_tree,1.150255,1.356283,0.343191,403,403
10,10,79232,block_end,end,0.40,random_forest,1.271292,1.583516,0.104669,403,403
10,10,79232,block_end,end,0.40,neural_net,1.700530,2.056010,-0.509348,403,403
10,10,79232,block_end,end,0.40,adaptive_imputation,1.605386,2.001056,-0.429742,403,403
11,11,87151,block_end,end,0.40,forward_fill,2.341960,3.028972,-0.011899,403,403
11,11,87151,block_end,end,0.40,linear_interpolation,2.416039,3.155679,-0.098329,403,403
11,11,87151,block_end,end,0.40,time_interpolation,2.416039,3.155679,-0.098329,403,403
11,11,87151,block_end,end,0.40,cubic_interpolation,18.243906,22.497249,-54.822022,403,403
11,11,87151,block_end,end,0.40,spline_interpolation,27.630613,31.112312,-105.760672,403,403
11,11,87151,block_end,end,0.40,moving_average,2.338829,3.027179,-0.010701,403,403
11,11,87151,block_end,end,0.40,knn,2.416039,3.155679,-0.098329,403,403
11,11,87151,block_end,end,0.40,knn_upgraded,2.417429,3.165826,-0.105404,403,403
11,11,87151,block_end,end,0.40,decision_tree,2.432681,3.179437,-0.114929,403,403
11,11,87151,block_end,end,0.40,random_forest,2.430086,3.184638,-0.118580,403,403
11,11,87151,block_end,end,0.40,neural_net,2.448935,3.278334,-0.185368,403,403
11,11,87151,block_end,end,0.40,adaptive_imputation,2.416039,3.155679,-0.098329,403,403
12,12,95070,block_end,end,0.40,forward_fill,2.139677,2.553510,-0.066835,403,403
12,12,95070,block_end,end,0.40,linear_interpolation,1.472255,2.145600,0.246784,403,403
12,12,95070,block_end,end,0.40,time_interpolation,1.472255,2.145600,0.246784,403,403
12,12,95070,block_end,end,0.40,cubic_interpolation,2.397030,2.967025,-0.440338,403,403
12,12,95070,block_end,end,0.40,spline_interpolation,3.632024,4.106672,-1.759319,403,403
12,12,95070,block_end,end,0.40,moving_average,2.092345,2.522679,-0.041229,403,403
12,12,95070,block_end,end,0.40,knn,1.472255,2.145600,0.246784,403,403
12,12,95070,block_end,end,0.40,knn_upgraded,1.607400,2.343288,0.101593,403,403
12,12,95070,block_end,end,0.40,decision_tree,1.873434,2.631470,-0.132971,403,403
12,12,95070,block_end,end,0.40,random_forest,1.761200,2.523096,-0.041572,403,403
12,12,95070,block_end,end,0.40,neural_net,1.519546,2.195564,0.211296,403,403
12,12,95070,block_end,end,0.40,adaptive_imputation,1.472255,2.145600,0.246784,403,403
13,13,102989,block_end,end,0.40,forward_fill,1.728139,2.012182,-0.002442,403,403
13,13,102989,block_end,end,0.40,linear_interpolation,1.857711,2.409855,-0.437826,403,403
13,13,102989,block_end,end,0.40,time_interpolation,1.857711,2.409855,-0.437826,403,403
13,13,102989,block_end,end,0.40,cubic_interpolation,1.976659,2.625487,-0.706650,403,403
13,13,102989,block_end,end,0.40,spline_interpolation,2.256863,2.949972,-1.154570,403,403
13,13,102989,block_end,end,0.40,moving_average,1.695177,1.992751,0.016825,403,403
13,13,102989,block_end,end,0.40,knn,1.857711,2.409855,-0.437826,403,403
13,13,102989,block_end,end,0.40,knn_upgraded,1.924521,2.538330,-0.595222,403,403
13,13,102989,block_end,end,0.40,decision_tree,2.138647,2.776994,-0.909302,403,403
13,13,102989,block_end,end,0.40,random_forest,2.059158,2.681875,-0.780745,403,403
13,13,102989,block_end,end,0.40,neural_net,1.908536,2.454157,-0.491178,403,403
13,13,102989,block_end,end,0.40,adaptive_imputation,1.857711,2.409855,-0.437826,403,403
14,14,110908,block_end,end,0.40,forward_fill,1.060149,1.512622,-0.021661,403,403
14,14,110908,block_end,end,0.40,linear_interpolation,1.322062,1.974993,-0.741714,403,403
14,14,110908,block_end,end,0.40,time_interpolation,1.322062,1.974993,-0.741714,403,403
14,14,110908,block_end,end,0.40,cubic_interpolation,1.574623,2.124727,-1.015822,403,403
14,14,110908,block_end,end,0.40,spline_interpolation,1.794652,2.408346,-1.589904,403,403
14,14,110908,block_end,end,0.40,moving_average,1.029111,1.481882,0.019443,403,403
14,14,110908,block_end,end,0.40,knn,1.322062,1.974993,-0.741714,403,403
14,14,110908,block_end,end,0.40,knn_upgraded,1.510858,2.151369,-1.066692,403,403
14,14,110908,block_end,end,0.40,decision_tree,1.752920,2.367340,-1.502459,403,403
14,14,110908,block_end,end,0.40,random_forest,1.694395,2.335259,-1.435096,403,403
14,14,110908,block_end,end,0.40,neural_net,1.477435,2.105764,-0.980000,403,403
14,14,110908,block_end,end,0.40,adaptive_imputation,1.322062,1.974993,-0.741714,403,403
15,15,118827,block_end,end,0.40,forward_fill,5.287841,6.267970,-0.079787,403,403
15,15,118827,block_end,end,0.40,linear_interpolation,5.420446,6.534480,-0.173563,403,403
15,15,118827,block_end,end,0.40,time_interpolation,5.420446,6.534480,-0.173563,403,403
15,15,118827,block_end,end,0.40,cubic_interpolation,5.664577,7.446369,-0.523960,403,403
15,15,118827,block_end,end,0.40,spline_interpolation,6.876233,8.953770,-1.203415,403,403
15,15,118827,block_end,end,0.40,moving_average,5.135980,6.134166,-0.034178,403,403
15,15,118827,block_end,end,0.40,knn,5.420446,6.534480,-0.173563,403,403
15,15,118827,block_end,end,0.40,knn_upgraded,5.827991,7.203783,-0.426283,403,403
15,15,118827,block_end,end,0.40,decision_tree,6.731028,8.325248,-0.904929,403,403
15,15,118827,block_end,end,0.40,random_forest,6.606203,8.173861,-0.836280,403,403
15,15,118827,block_end,end,0.40,neural_net,5.544781,6.844502,-0.287562,403,403
15,15,118827,block_end,end,0.40,adaptive_imputation,5.420446,6.534480,-0.173563,403,403
16,16,126746,block_end,end,0.40,forward_fill,2.710099,3.296974,-0.269437,403,403
16,16,126746,block_end,end,0.40,linear_interpolation,2.520146,3.014868,-0.061493,403,403
16,16,126746,block_end,end,0.40,time_interpolation,2.520146,3.014868,-0.061493,403,403
16,16,126746,block_end,end,0.40,cubic_interpolation,2.644518,3.161422,-0.167200,403,403
16,16,126746,block_end,end,0.40,spline_interpolation,2.661263,3.198144,-0.194473,403,403
16,16,126746,block_end,end,0.40,moving_average,2.695078,3.293610,-0.266848,403,403
16,16,126746,block_end,end,0.40,knn,2.520146,3.014868,-0.061493,403,403
16,16,126746,block_end,end,0.40,knn_upgraded,2.482377,2.974429,-0.033207,403,403
16,16,126746,block_end,end,0.40,decision_tree,2.447329,2.937850,-0.007951,403,403
16,16,126746,block_end,end,0.40,random_forest,2.476312,2.969449,-0.029750,403,403
16,16,126746,block_end,end,0.40,neural_net,2.531271,3.020040,-0.065138,403,403
16,16,126746,block_end,end,0.40,adaptive_imputation,2.520146,3.014868,-0.061493,403,403
17,17,134665,block_end,end,0.40,forward_fill,1.721861,2.153212,-0.070259,403,403
17,17,134665,block_end,end,0.40,linear_interpolation,1.530012,1.839497,0.218888,403,403
17,17,134665,block_end,end,0.40,time_interpolation,1.530012,1.839497,0.218888,403,403
17,17,134665,block_end,end,0.40,cubic_interpolation,2.203154,2.767062,-0.767473,403,403
17,17,134665,block_end,end,0.40,spline_interpolation,3.058515,3.806512,-2.344794,403,403
17,17,134665,block_end,end,0.40,moving_average,1.688099,2.132648,-0.049914,403,403
17,17,134665,block_end,end,0.40,knn,1.530012,1.839497,0.218888,403,403
17,17,134665,block_end,end,0.40,knn_upgraded,1.657291,1.950941,0.121375,403,403
17,17,134665,block_end,end,0.40,decision_tree,1.858754,2.130043,-0.047350,403,403
17,17,134665,block_end,end,0.40,random_forest,1.766161,2.037567,0.041618,403,403
17,17,134665,block_end,end,0.40,neural_net,1.518304,1.827885,0.228719,403,403
17,17,134665,block_end,end,0.40,adaptive_imputation,1.530012,1.839497,0.218888,403,403
18,18,142584,block_end,end,0.40,forward_fill,4.770968,5.447584,-3.280731,403,403
18,18,142584,block_end,end,0.40,linear_interpolation,4.115917,4.837033,-2.374956,403,403
18,18,142584,block_end,end,0.40,time_interpolation,4.115917,4.837033,-2.374956,403,403
18,18,142584,block_end,end,0.40,cubic_interpolation,12.143395,14.439067,-29.073803,403,403
18,18,142584,block_end,end,0.40,spline_interpolation,18.287455,21.266017,-64.235254,403,403
18,18,142584,block_end,end,0.40,moving_average,4.756597,5.444711,-3.276217,403,403
18,18,142584,block_end,end,0.40,knn,4.115917,4.837033,-2.374956,403,403
18,18,142584,block_end,end,0.40,knn_upgraded,3.953049,4.682158,-2.162293,403,403
18,18,142584,block_end,end,0.40,decision_tree,3.736254,4.481881,-1.897548,403,403
18,18,142584,block_end,end,0.40,random_forest,3.729970,4.473159,-1.886282,403,403
18,18,142584,block_end,end,0.40,neural_net,3.915059,4.684297,-2.165184,403,403
18,18,142584,block_end,end,0.40,adaptive_imputation,4.115917,4.837033,-2.374956,403,403
19,19,150503,block_end,end,0.40,forward_fill,4.157370,5.105374,-1.324421,403,403
19,19,150503,block_end,end,0.40,linear_interpolation,2.469084,3.036852,0.177555,403,403
19,19,150503,block_end,end,0.40,time_interpolation,2.469084,3.036852,0.177555,403,403
19,19,150503,block_end,end,0.40,cubic_interpolation,2.430033,2.956990,0.220243,403,403
19,19,150503,block_end,end,0.40,spline_interpolation,2.357364,3.046643,0.172243,403,403
19,19,150503,block_end,end,0.40,moving_average,4.071976,5.038869,-1.264258,403,403
19,19,150503,block_end,end,0.40,knn,2.469084,3.036852,0.177555,403,403
19,19,150503,block_end,end,0.40,knn_upgraded,2.438734,3.102066,0.141853,403,403
19,19,150503,block_end,end,0.40,decision_tree,2.590934,3.364470,-0.009469,403,403
19,19,150503,block_end,end,0.40,random_forest,2.554448,3.300032,0.028828,403,403
19,19,150503,block_end,end,0.40,neural_net,2.462047,3.030783,0.180839,403,403
19,19,150503,block_end,end,0.40,adaptive_imputation,2.469084,3.036852,0.177555,403,403
0,0,42,block_end,end,0.50,forward_fill,9.348333,11.734883,-1.711095,504,504
0,0,42,block_end,end,0.50,linear_interpolation,5.237522,7.038890,0.024571,504,504
0,0,42,block_end,end,0.50,time_interpolation,5.237522,7.038890,0.024571,504,504
0,0,42,block_end,end,0.50,cubic_interpolation,6.302744,8.267525,-0.345669,504,504
0,0,42,block_end,end,0.50,spline_interpolation,6.461452,8.459041,-0.408736,504,504
0,0,42,block_end,end,0.50,moving_average,9.235791,11.688204,-1.689570,504,504
0,0,42,block_end,end,0.50,knn,5.237522,7.038890,0.024571,504,504
0,0,42,block_end,end,0.50,knn_upgraded,4.952123,6.343091,0.207883,504,504
0,0,42,block_end,end,0.50,decision_tree,4.817849,5.810601,0.335294,504,504
0,0,42,block_end,end,0.50,random_forest,5.097942,6.257952,0.229005,504,504
0,0,42,block_end,end,0.50,neural_net,4.534261,6.142102,0.257287,504,504
0,0,42,block_end,end,0.50,adaptive_imputation,5.237522,7.038890,0.024571,504,504
1,1,7961,block_end,end,0.50,forward_fill,4.087063,4.942745,-1.511208,504,504
1,1,7961,block_end,end,0.50,linear_interpolation,2.423305,3.025411,0.059162,504,504
1,1,7961,block_end,end,0.50,time_interpolation,2.423305,3.025411,0.059162,504,504
1,1,7961,block_end,end,0.50,cubic_interpolation,2.440472,2.856787,0.161115,504,504
1,1,7961,block_end,end,0.50,spline_interpolation,2.821730,3.429357,-0.208849,504,504
1,1,7961,block_end,end,0.50,moving_average,4.027138,4.908484,-1.476516,504,504
1,1,7961,block_end,end,0.50,knn,2.423305,3.025411,0.059162,504,504
1,1,7961,block_end,end,0.50,knn_upgraded,2.349429,2.797226,0.195731,504,504
1,1,7961,block_end,end,0.50,decision_tree,2.400923,2.743182,0.226508,504,504
1,1,7961,block_end,end,0.50,random_forest,2.396979,2.743808,0.226155,504,504
1,1,7961,block_end,end,0.50,neural_net,2.382334,2.885371,0.144244,504,504
1,1,7961,block_end,end,0.50,adaptive_imputation,2.423305,3.025411,0.059162,504,504
2,2,15880,block_end,end,0.50,forward_fill,1.936329,2.422424,-1.163024,504,504
2,2,15880,block_end,end,0.50,linear_interpolation,1.465016,1.947281,-0.397715,504,504
2,2,15880,block_end,end,0.50,time_interpolation,1.465016,1.947281,-0.397715,504,504
2,2,15880,block_end,end,0.50,cubic_interpolation,4.892526,6.042331,-12.457679,504,504
2,2,15880,block_end,end,0.50,spline_interpolation,6.823905,7.761914,-21.207458,504,504
2,2,15880,block_end,end,0.50,moving_average,1.903094,2.400215,-1.123545,504,504
2,2,15880,block_end,end,0.50,knn,1.465016,1.947281,-0.397715,504,504
2,2,15880,block_end,end,0.50,knn_upgraded,1.532413,1.904741,-0.337313,504,504
2,2,15880,block_end,end,0.50,decision_tree,1.660273,1.936148,-0.381778,504,504
2,2,15880,block_end,end,0.50,random_forest,1.600202,1.938515,-0.385159,504,504
2,2,15880,block_end,end,0.50,neural_net,1.498938,1.986341,-0.454350,504,504
2,2,15880,block_end,end,0.50,adaptive_imputation,1.465016,1.947281,-0.397715,504,504
3,3,23799,block_end,end,0.50,forward_fill,5.071706,5.674008,-3.558526,504,504
3,3,23799,block_end,end,0.50,linear_interpolation,3.286152,3.805892,-1.050961,504,504
3,3,23799,block_end,end,0.50,time_interpolation,3.286152,3.805892,-1.050961,504,504
3,3,23799,block_end,end,0.50,cubic_interpolation,3.803403,4.392799,-1.732293,504,504
3,3,23799,block_end,end,0.50,spline_interpolation,3.830168,4.424288,-1.771604,504,504
3,3,23799,block_end,end,0.50,moving_average,5.033471,5.660228,-3.536410,504,504
3,3,23799,block_end,end,0.50,knn,3.286152,3.805892,-1.050961,504,504
3,3,23799,block_end,end,0.50,knn_upgraded,2.937173,3.392577,-0.629686,504,504
3,3,23799,block_end,end,0.50,decision_tree,2.716323,3.063082,-0.328500,504,504
3,3,23799,block_end,end,0.50,random_forest,2.842422,3.234061,-0.480952,504,504
3,3,23799,block_end,end,0.50,neural_net,3.251086,3.742296,-0.982991,504,504
3,3,23799,block_end,end,0.50,adaptive_imputation,3.286152,3.805892,-1.050961,504,504
4,4,31718,block_end,end,0.50,forward_fill,2.614127,3.390784,-0.044473,504,504
4,4,31718,block_end,end,0.50,linear_interpolation,2.696061,3.376007,-0.035390,504,504
4,4,31718,block_end,end,0.50,time_interpolation,2.696061,3.376007,-0.035390,504,504
4,4,31718,block_end,end,0.50,cubic_interpolation,3.588962,4.232169,-0.627133,504,504
4,4,31718,block_end,end,0.50,spline_interpolation,3.967939,4.760571,-1.058805,504,504
4,4,31718,block_end,end,0.50,moving_average,2.627211,3.400557,-0.050503,504,504
4,4,31718,block_end,end,0.50,knn,2.696061,3.376007,-0.035390,504,504
4,4,31718,block_end,end,0.50,knn_upgraded,2.691029,3.352919,-0.021276,504,504
4,4,31718,block_end,end,0.50,decision_tree,2.762468,3.399539,-0.049874,504,504
4,4,31718,block_end,end,0.50,random_forest,2.748489,3.393076,-0.045886,504,504
4,4,31718,block_end,end,0.50,neural_net,2.736011,3.460369,-0.087782,504,504
4,4,31718,block_end,end,0.50,adaptive_imputation,2.696061,3.376007,-0.035390,504,504
5,5,39637,block_end,end,0.50,forward_fill,6.699901,8.054128,-2.096495,504,504
5,5,39637,block_end,end,0.50,linear_interpolation,4.974807,6.275325,-0.879775,504,504
5,5,39637,block_end,end,0.50,time_interpolation,4.974807,6.275325,-0.879775,504,504
5,5,39637,block_end,end,0.50,cubic_interpolation,12.638222,14.586689,-9.156563,504,504
5,5,39637,block_end,end,0.50,spline_interpolation,16.339608,18.424436,-15.203981,504,504
5,5,39637,block_end,end,0.50,moving_average,6.649478,8.039440,-2.085211,504,504
5,5,39637,block_end,end,0.50,knn,4.974807,6.275325,-0.879775,504,504
5,5,39637,block_end,end,0.50,knn_upgraded,4.725595,5.896562,-0.659706,504,504
5,5,39637,block_end,end,0.50,decision_tree,4.998325,6.294363,-0.891198,504,504
5,5,39637,block_end,end,0.50,random_forest,4.772539,5.899180,-0.661180,504,504
5,5,39637,block_end,end,0.50,neural_net,4.839940,6.067812,-0.757509,504,504
5,5,39637,block_end,end,0.50,adaptive_imputation,4.974807,6.275325,-0.879775,504,504
6,6,47556,block_end,end,0.50,forward_fill,7.289286,8.167341,-3.523992,504,504
6,6,47556,block_end,end,0.50,linear_interpolation,2.992451,3.575346,0.133045,504,504
6,6,47556,block_end,end,0.50,time_interpolation,2.992451,3.575346,0.133045,504,504
6,6,47556,block_end,end,0.50,cubic_interpolation,3.139686,3.749669,0.046444,504,504
6,6,47556,block_end,end,0.50,spline_interpolation,2.865678,3.419988,0.206751,504,504
6,6,47556,block_end,end,0.50,moving_average,7.169528,8.088443,-3.437008,504,504
6,6,47556,block_end,end,0.50,knn,2.992451,3.575346,0.133045,504,504
6,6,47556,block_end,end,0.50,knn_upgraded,2.569460,3.011692,0.384849,504,504
6,6,47556,block_end,end,0.50,decision_tree,2.707971,3.158196,0.323545,504,504
6,6,47556,block_end,end,0.50,random_forest,2.687223,3.050421,0.368926,504,504
6,6,47556,block_end,end,0.50,neural_net,2.917315,3.460583,0.187807,504,504
6,6,47556,block_end,end,0.50,adaptive_imputation,2.992451,3.575346,0.133045,504,504
7,7,55475,block_end,end,0.50,forward_fill,1.626329,2.119203,-0.843814,504,504
7,7,55475,block_end,end,0.50,linear_interpolation,2.166218,2.585101,-1.743639,504,504
7,7,55475,block_end,end,0.50,time_interpolation,2.166218,2.585101,-1.743639,504,504
7,7,55475,block_end,end,0.50,cubic_interpolation,7.345949,8.470060,-28.454049,504,504
7,7,55475,block_end,end,0.50,spline_interpolation,10.052054,11.116244,-49.732716,504,504
7,7,55475,block_end,end,0.50,moving_average,1.620513,2.117054,-0.840077,504,504
7,7,55475,block_end,end,0.50,knn,2.166218,2.585101,-1.743639,504,504
7,7,55475,block_end,end,0.50,knn_upgraded,2.308662,2.725959,-2.050777,504,504
7,7,55475,block_end,end,0.50,decision_tree,2.497347,2.897382,-2.446541,504,504
7,7,55475,block_end,end,0.50,random_forest,2.437594,2.839153,-2.309402,504,504
7,7,55475,block_end,end,0.50,neural_net,2.231525,2.651602,-1.886613,504,504
7,7,55475,block_end,end,0.50,adaptive_imputation,2.166218,2.585101,-1.743639,504,504
8,8,63394,block_end,end,0.50,forward_fill,7.168135,7.967469,-4.247020,504,504
8,8,63394,block_end,end,0.50,linear_interpolation,4.445322,5.721603,-1.705873,504,504
8,8,63394,block_end,end,0.50,time_interpolation,4.445322,5.721603,-1.705873,504,504
8,8,63394,block_end,end,0.50,cubic_interpolation,5.436219,6.157353,-2.133719,504,504
8,8,63394,block_end,end,0.50,spline_interpolation,8.704901,9.751846,-6.860416,504,504
8,8,63394,block_end,end,0.50,moving_average,7.043412,7.874466,-4.125240,504,504
8,8,63394,block_end,end,0.50,knn,4.445322,5.721603,-1.705873,504,504
8,8,63394,block_end,end,0.50,knn_upgraded,4.403547,5.455999,-1.460483,504,504
8,8,63394,block_end,end,0.50,decision_tree,4.882010,5.713159,-1.697892,504,504
8,8,63394,block_end,end,0.50,random_forest,4.551302,5.540299,-1.537104,504,504
8,8,63394,block_end,end,0.50,neural_net,4.747542,5.902381,-1.879562,504,504
8,8,63394,block_end,end,0.50,adaptive_imputation,4.445322,5.721603,-1.705873,504,504
9,9,71313,block_end,end,0.50,forward_fill,3.096012,3.909626,-0.356903,504,504
9,9,71313,block_end,end,0.50,linear_interpolation,3.079040,3.871489,-0.330560,504,504
9,9,71313,block_end,end,0.50,time_interpolation,3.079040,3.871489,-0.330560,504,504
9,9,71313,block_end,end,0.50,cubic_interpolation,2.365097,2.916845,0.244725,504,504
9,9,71313,block_end,end,0.50,spline_interpolation,2.611497,3.273268,0.048867,504,504
9,9,71313,block_end,end,0.50,moving_average,3.095007,3.909528,-0.356834,504,504
9,9,71313,block_end,end,0.50,knn,3.079040,3.871489,-0.330560,504,504
9,9,71313,block_end,end,0.50,knn_upgraded,3.063184,3.853793,-0.318424,504,504
9,9,71313,block_end,end,0.50,decision_tree,3.051350,3.836679,-0.306740,504,504
9,9,71313,block_end,end,0.50,random_forest,3.065601,3.855216,-0.319398,504,504
9,9,71313,block_end,end,0.50,neural_net,3.069134,3.858610,-0.321722,504,504
9,9,71313,block_end,end,0.50,adaptive_imputation,3.079040,3.871489,-0.330560,504,504
10,10,79232,block_end,end,0.50,forward_fill,1.404544,1.770961,-0.053550,504,504
10,10,79232,block_end,end,0.50,linear_interpolation,1.453152,1.844090,-0.142356,504,504
10,10,79232,block_end,end,0.50,time_interpolation,1.453152,1.844090,-0.142356,504,504
10,10,79232,block_end,end,0.50,cubic_interpolation,2.966156,3.819937,-3.901734,504,504
10,10,79232,block_end,end,0.50,spline_interpolation,4.003444,4.703136,-6.430403,504,504
10,10,79232,block_end,end,0.50,moving_average,1.394084,1.766205,-0.047899,504,504
10,10,79232,block_end,end,0.50,knn,1.453152,1.844090,-0.142356,504,504
10,10,79232,block_end,end,0.50,knn_upgraded,1.494064,1.907023,-0.221657,504,504
10,10,79232,block_end,end,0.50,decision_tree,1.523106,1.961198,-0.292053,504,504
10,10,79232,block_end,end,0.50,random_forest,1.513480,1.942423,-0.267432,504,504
10,10,79232,block_end,end,0.50,neural_net,1.459190,1.861723,-0.164306,504,504
10,10,79232,block_end,end,0.50,adaptive_imputation,1.453152,1.844090,-0.142356,504,504
11,11,87151,block_end,end,0.50,forward_fill,5.228909,6.331132,-1.616775,504,504
11,11,87151,block_end,end,0.50,linear_interpolation,4.000485,5.439602,-0.931692,504,504
11,11,87151,block_end,end,0.50,time_interpolation,4.000485,5.439602,-0.931692,504,504
11,11,87151,block_end,end,0.50,cubic_interpolation,12.303029,14.593183,-12.902850,504,504
11,11,87151,block_end,end,0.50,spline_interpolation,19.745351,22.353768,-31.621599,504,504
11,11,87151,block_end,end,0.50,moving_average,5.176267,6.301281,-1.592158,504,504
11,11,87151,block_end,end,0.50,knn,4.000485,5.439602,-0.931692,504,504
11,11,87151,block_end,end,0.50,knn_upgraded,3.755803,5.153512,-0.733845,504,504
11,11,87151,block_end,end,0.50,decision_tree,3.658388,4.968023,-0.611279,504,504
11,11,87151,block_end,end,0.50,random_forest,3.729257,5.116915,-0.709308,504,504
11,11,87151,block_end,end,0.50,neural_net,3.935083,5.400647,-0.904124,504,504
11,11,87151,block_end,end,0.50,adaptive_imputation,4.000485,5.439602,-0.931692,504,504
12,12,95070,block_end,end,0.50,forward_fill,5.870933,6.371617,-5.250212,504,504
12,12,95070,block_end,end,0.50,linear_interpolation,1.822611,2.308007,0.179895,504,504
12,12,95070,block_end,end,0.50,time_interpolation,1.822611,2.308007,0.179895,504,504
12,12,95070,block_end,end,0.50,cubic_interpolation,14.161483,16.325929,-40.034696,504,504
12,12,95070,block_end,end,0.50,spline_interpolation,20.004490,21.903377,-72.861405,504,504
12,12,95070,block_end,end,0.50,moving_average,5.767890,6.297325,-5.105308,504,504
12,12,95070,block_end,end,0.50,knn,1.822611,2.308007,0.179895,504,504
12,12,95070,block_end,end,0.50,knn_upgraded,1.425958,1.871204,0.460939,504,504
12,12,95070,block_end,end,0.50,decision_tree,1.800663,2.276050,0.202448,504,504
12,12,95070,block_end,end,0.50,random_forest,1.529547,1.990848,0.389801,504,504
12,12,95070,block_end,end,0.50,neural_net,1.960492,2.452112,0.074288,504,504
12,12,95070,block_end,end,0.50,adaptive_imputation,1.822611,2.308007,0.179895,504,504
13,13,102989,block_end,end,0.50,forward_fill,8.475159,8.838187,-10.952673,504,504
13,13,102989,block_end,end,0.50,linear_interpolation,3.751866,4.606375,-2.246812,504,504
13,13,102989,block_end,end,0.50,time_interpolation,3.751866,4.606375,-2.246812,504,504
13,13,102989,block_end,end,0.50,cubic_interpolation,18.694276,22.150335,-74.075673,504,504
13,13,102989,block_end,end,0.50,spline_interpolation,25.830579,28.743017,-125.416377,504,504
13,13,102989,block_end,end,0.50,moving_average,8.347083,8.754939,-10.728564,504,504
13,13,102989,block_end,end,0.50,knn,3.751866,4.606375,-2.246812,504,504
13,13,102989,block_end,end,0.50,knn_upgraded,3.083503,3.815103,-1.227159,504,504
13,13,102989,block_end,end,0.50,decision_tree,3.711221,4.543610,-2.158936,504,504
13,13,102989,block_end,end,0.50,random_forest,3.342702,4.025877,-1.480045,504,504
13,13,102989,block_end,end,0.50,neural_net,4.122429,5.093964,-2.970547,504,504
13,13,102989,block_end,end,0.50,adaptive_imputation,3.751866,4.606375,-2.246812,504,504
14,14,110908,block_end,end,0.50,forward_fill,0.857460,1.346481,-0.000118,504,504
14,14,110908,block_end,end,0.50,linear_interpolation,1.349424,1.913979,-1.020806,504,504
14,14,110908,block_end,end,0.50,time_interpolation,1.349424,1.913979,-1.020806,504,504
14,14,110908,block_end,end,0.50,cubic_interpolation,4.785796,5.319091,-14.607204,504,504
14,14,110908,block_end,end,0.50,spline_interpolation,6.710458,7.291376,-28.327114,504,504
14,14,110908,block_end,end,0.50,moving_average,0.834451,1.322554,0.035111,504,504
14,14,110908,block_end,end,0.50,knn,1.349424,1.913979,-1.020806,504,504
14,14,110908,block_end,end,0.50,knn_upgraded,1.604242,2.122671,-1.485512,504,504
14,14,110908,block_end,end,0.50,decision_tree,1.843316,2.329409,-1.993241,504,504
14,14,110908,block_end,end,0.50,random_forest,1.736061,2.242478,-1.774002,504,504
14,14,110908,block_end,end,0.50,neural_net,1.427374,1.956605,-1.111818,504,504
14,14,110908,block_end,end,0.50,adaptive_imputation,1.349424,1.913979,-1.020806,504,504
15,15,118827,block_end,end,0.50,forward_fill,4.837778,5.629198,-0.002015,504,504
15,15,118827,block_end,end,0.50,linear_interpolation,5.765959,7.042268,-0.568218,504,504
15,15,118827,block_end,end,0.50,time_interpolation,5.765959,7.042268,-0.568218,504,504
15,15,118827,block_end,end,0.50,cubic_interpolation,10.739829,12.627717,-4.042328,504,504
15,15,118827,block_end,end,0.50,spline_interpolation,15.637762,18.206107,-9.481311,504,504
15,15,118827,block_end,end,0.50,moving_average,4.732673,5.537035,0.030526,504,504
15,15,118827,block_end,end,0.50,knn,5.765959,7.042268,-0.568218,504,504
15,15,118827,block_end,end,0.50,knn_upgraded,6.429361,7.846729,-0.946968,504,504
15,15,118827,block_end,end,0.50,decision_tree,7.425919,8.862260,-1.483536,504,504
15,15,118827,block_end,end,0.50,random_forest,6.948508,8.371968,-1.216341,504,504
15,15,118827,block_end,end,0.50,neural_net,6.014580,7.359427,-0.712653,504,504
15,15,118827,block_end,end,0.50,adaptive_imputation,5.765959,7.042268,-0.568218,504,504
16,16,126746,block_end,end,0.50,forward_fill,2.761389,3.373796,-0.405958,504,504
16,16,126746,block_end,end,0.50,linear_interpolation,2.519620,2.942872,-0.069738,504,504
16,16,126746,block_end,end,0.50,time_interpolation,2.519620,2.942872,-0.069738,504,504
16,16,126746,block_end,end,0.50,cubic_interpolation,10.857022,12.626496,-18.692480,504,504
16,16,126746,block_end,end,0.50,spline_interpolation,15.101481,17.066500,-34.976896,504,504
16,16,126746,block_end,end,0.50,moving_average,2.740955,3.364517,-0.398235,504,504
16,16,126746,block_end,end,0.50,knn,2.519620,2.942872,-0.069738,504,504
16,16,126746,block_end,end,0.50,knn_upgraded,2.460726,2.873248,-0.019720,504,504
16,16,126746,block_end,end,0.50,decision_tree,2.468392,2.871321,-0.018353,504,504
16,16,126746,block_end,end,0.50,random_forest,2.457987,2.860354,-0.010589,504,504
16,16,126746,block_end,end,0.50,neural_net,2.585437,3.010743,-0.119649,504,504
16,16,126746,block_end,end,0.50,adaptive_imputation,2.519620,2.942872,-0.069738,504,504
17,17,134665,block_end,end,0.50,forward_fill,8.886409,9.203173,-13.781236,504,504
17,17,134665,block_end,end,0.50,linear_interpolation,3.468734,4.196220,-2.072926,504,504
17,17,134665,block_end,end,0.50,time_interpolation,3.468734,4.196220,-2.072926,504,504
17,17,134665,block_end,end,0.50,cubic_interpolation,9.320537,10.606876,-18.634082,504,504
17,17,134665,block_end,end,0.50,spline_interpolation,11.628840,12.719323,-27.233425,504,504
17,17,134665,block_end,end,0.50,moving_average,8.755329,9.122597,-13.523544,504,504
17,17,134665,block_end,end,0.50,knn,3.468734,4.196220,-2.072926,504,504
17,17,134665,block_end,end,0.50,knn_upgraded,2.541909,3.193435,-0.779720,504,504
17,17,134665,block_end,end,0.50,decision_tree,2.149015,2.621800,-0.199595,504,504
17,17,134665,block_end,end,0.50,random_forest,2.613934,3.113278,-0.691498,504,504
17,17,134665,block_end,end,0.50,neural_net,3.562017,4.066980,-1.886554,504,504
17,17,134665,block_end,end,0.50,adaptive_imputation,3.468734,4.196220,-2.072926,504,504
18,18,142584,block_end,end,0.50,forward_fill,2.549008,3.122008,-0.149116,504,504
18,18,142584,block_end,end,0.50,linear_interpolation,2.849543,3.587584,-0.517400,504,504
18,18,142584,block_end,end,0.50,time_interpolation,2.849543,3.587584,-0.517400,504,504
18,18,142584,block_end,end,0.50,cubic_interpolation,3.669153,4.432432,-1.316221,504,504
18,18,142584,block_end,end,0.50,spline_interpolation,4.977574,5.772464,-2.928423,504,504
18,18,142584,block_end,end,0.50,moving_average,2.507617,3.094773,-0.129155,504,504
18,18,142584,block_end,end,0.50,knn,2.849543,3.587584,-0.517400,504,504
18,18,142584,block_end,end,0.50,knn_upgraded,2.958094,3.712381,-0.624804,504,504
18,18,142584,block_end,end,0.50,decision_tree,3.206594,3.961959,-0.850614,504,504
18,18,142584,block_end,end,0.50,random_forest,3.092182,3.852203,-0.749501,504,504
18,18,142584,block_end,end,0.50,neural_net,2.882584,3.612890,-0.538882,504,504
18,18,142584,block_end,end,0.50,adaptive_imputation,2.849543,3.587584,-0.517400,504,504
19,19,150503,block_end,end,0.50,forward_fill,5.517520,6.583334,-2.350305,504,504
19,19,150503,block_end,end,0.50,linear_interpolation,2.128158,2.768172,0.407650,504,504
19,19,150503,block_end,end,0.50,time_interpolation,2.128158,2.768172,0.407650,504,504
19,19,150503,block_end,end,0.50,cubic_interpolation,18.544378,21.282459,-34.013550,504,504
19,19,150503,block_end,end,0.50,spline_interpolation,25.956182,29.134088,-64.613830,504,504
19,19,150503,block_end,end,0.50,moving_average,5.420202,6.503161,-2.269201,504,504
19,19,150503,block_end,end,0.50,knn,2.128158,2.768172,0.407650,504,504
19,19,150503,block_end,end,0.50,knn_upgraded,2.080040,2.819178,0.385619,504,504
19,19,150503,block_end,end,0.50,decision_tree,2.520297,3.210261,0.203340,504,504
19,19,150503,block_end,end,0.50,random_forest,2.108432,2.859856,0.367762,504,504
19,19,150503,block_end,end,0.50,neural_net,2.246444,2.924098,0.339038,504,504
19,19,150503,block_end,end,0.50,adaptive_imputation,2.128158,2.768172,0.407650,504,504
0,0,42,block_end,end,0.60,forward_fill,6.869041,8.975486,-0.529350,605,605
0,0,42,block_end,end,0.60,linear_interpolation,4.965033,6.069316,0.300689,605,605
0,0,42,block_end,end,0.60,time_interpolation,4.965033,6.069316,0.300689,605,605
0,0,42,block_end,end,0.60,cubic_interpolation,8.116641,9.554362,-0.732984,605,605
0,0,42,block_end,end,0.60,spline_interpolation,10.606982,12.540963,-1.985746,605,605
0,0,42,block_end,end,0.60,moving_average,6.801257,8.948579,-0.520195,605,605
0,0,42,block_end,end,0.60,knn,4.965033,6.069316,0.300689,605,605
0,0,42,block_end,end,0.60,knn_upgraded,5.040024,5.899635,0.339244,605,605
0,0,42,block_end,end,0.60,decision_tree,5.147002,5.859007,0.348313,605,605
0,0,42,block_end,end,0.60,random_forest,5.047293,5.817255,0.357568,605,605
0,0,42,block_end,end,0.60,neural_net,5.080823,6.141139,0.284040,605,605
0,0,42,block_end,end,0.60,adaptive_imputation,4.965033,6.069316,0.300689,605,605
1,1,7961,block_end,end,0.60,forward_fill,8.140430,8.845463,-5.498712,605,605
1,1,7961,block_end,end,0.60,linear_interpolation,3.297383,4.018979,-0.341583,605,605
1,1,7961,block_end,end,0.60,time_interpolation,3.297383,4.018979,-0.341583,605,605
1,1,7961,block_end,end,0.60,cubic_interpolation,7.132340,8.617833,-5.168538,605,605
1,1,7961,block_end,end,0.60,spline_interpolation,12.159976,13.619369,-14.406361,605,605
1,1,7961,block_end,end,0.60,moving_average,8.041113,8.784135,-5.408909,605,605
1,1,7961,block_end,end,0.60,knn,3.297383,4.018979,-0.341583,605,605
1,1,7961,block_end,end,0.60,knn_upgraded,2.497002,3.084559,0.209736,605,605
1,1,7961,block_end,end,0.60,decision_tree,2.180044,2.651147,0.416214,605,605
1,1,7961,block_end,end,0.60,random_forest,2.219776,2.746638,0.373402,605,605
1,1,7961,block_end,end,0.60,neural_net,2.740538,3.368995,0.057271,605,605
1,1,7961,block_end,end,0.60,adaptive_imputation,3.297383,4.018979,-0.341583,605,605
2,2,15880,block_end,end,0.60,forward_fill,4.940050,5.324208,-5.661583,605,605
2,2,15880,block_end,end,0.60,linear_interpolation,2.849783,3.432163,-1.768237,605,605
2,2,15880,block_end,end,0.60,time_interpolation,2.849783,3.432163,-1.768237,605,605
2,2,15880,block_end,end,0.60,cubic_interpolation,3.803267,4.400021,-3.549638,605,605
2,2,15880,block_end,end,0.60,spline_interpolation,4.021791,4.599859,-3.972289,605,605
2,2,15880,block_end,end,0.60,moving_average,4.903588,5.309252,-5.624210,605,605
2,2,15880,block_end,end,0.60,knn,2.849783,3.432163,-1.768237,605,605
2,2,15880,block_end,end,0.60,knn_upgraded,2.416176,2.994323,-1.107001,605,605
2,2,15880,block_end,end,0.60,decision_tree,2.136387,2.670058,-0.675362,605,605
2,2,15880,block_end,end,0.60,random_forest,2.297518,2.861533,-0.924265,605,605
2,2,15880,block_end,end,0.60,neural_net,2.642756,3.215571,-1.429873,605,605
2,2,15880,block_end,end,0.60,adaptive_imputation,2.849783,3.432163,-1.768237,605,605
3,3,23799,block_end,end,0.60,forward_fill,6.143339,6.750154,-4.823113,605,605
3,3,23799,block_end,end,0.60,linear_interpolation,3.445074,3.971546,-1.015798,605,605
3,3,23799,block_end,end,0.60,time_interpolation,3.445074,3.971546,-1.015798,605,605
3,3,23799,block_end,end,0.60,cubic_interpolation,7.955676,9.992286,-11.760201,605,605
3,3,23799,block_end,end,0.60,spline_interpolation,13.399712,15.072951,-28.035173,605,605
3,3,23799,block_end,end,0.60,moving_average,6.098377,6.729748,-4.787958,605,605
3,3,23799,block_end,end,0.60,knn,3.445074,3.971546,-1.015798,605,605
3,3,23799,block_end,end,0.60,knn_upgraded,2.865634,3.329840,-0.417015,605,605
3,3,23799,block_end,end,0.60,decision_tree,2.502617,2.880158,-0.060133,605,605
3,3,23799,block_end,end,0.60,random_forest,2.773507,3.212131,-0.318604,605,605
3,3,23799,block_end,end,0.60,neural_net,3.155717,3.678806,-0.729584,605,605
3,3,23799,block_end,end,0.60,adaptive_imputation,3.445074,3.971546,-1.015798,605,605
4,4,31718,block_end,end,0.60,forward_fill,2.890810,3.699486,-0.381853,605,605
4,4,31718,block_end,end,0.60,linear_interpolation,2.688334,3.374172,-0.149513,605,605
4,4,31718,block_end,end,0.60,time_interpolation,2.688334,3.374172,-0.149513,605,605
4,4,31718,block_end,end,0.60,cubic_interpolation,7.107888,7.997693,-5.458158,605,605
4,4,31718,block_end,end,0.60,spline_interpolation,9.223448,10.254526,-9.617212,605,605
4,4,31718,block_end,end,0.60,moving_average,2.904836,3.708748,-0.388781,605,605
4,4,31718,block_end,end,0.60,knn,2.688334,3.374172,-0.149513,605,605
4,4,31718,block_end,end,0.60,knn_upgraded,2.617641,3.298853,-0.098766,605,605
4,4,31718,block_end,end,0.60,decision_tree,2.647755,3.311040,-0.106899,605,605
4,4,31718,block_end,end,0.60,random_forest,2.642268,3.309861,-0.106111,605,605
4,4,31718,block_end,end,0.60,neural_net,2.838632,3.540709,-0.265784,605,605
4,4,31718,block_end,end,0.60,adaptive_imputation,2.688334,3.374172,-0.149513,605,605
5,5,39637,block_end,end,0.60,forward_fill,5.601190,6.896991,-1.265074,605,605
5,5,39637,block_end,end,0.60,linear_interpolation,4.429051,5.523855,-0.452940,605,605
5,5,39637,block_end,end,0.60,time_interpolation,4.429051,5.523855,-0.452940,605,605
5,5,39637,block_end,end,0.60,cubic_interpolation,13.747325,17.310788,-13.269108,605,605
5,5,39637,block_end,end,0.60,spline_interpolation,19.313634,21.919229,-21.877772,605,605
5,5,39637,block_end,end,0.60,moving_average,5.533359,6.859602,-1.240583,605,605
5,5,39637,block_end,end,0.60,knn,4.429051,5.523855,-0.452940,605,605
5,5,39637,block_end,end,0.60,knn_upgraded,4.358014,5.317272,-0.346297,605,605
5,5,39637,block_end,end,0.60,decision_tree,4.426734,5.308680,-0.341950,605,605
5,5,39637,block_end,end,0.60,random_forest,4.431347,5.337517,-0.356569,605,605
5,5,39637,block_end,end,0.60,neural_net,4.652850,5.732062,-0.564534,605,605
5,5,39637,block_end,end,0.60,adaptive_imputation,4.429051,5.523855,-0.452940,605,605
6,6,47556,block_end,end,0.60,forward_fill,3.962000,4.444675,-0.267039,605,605
6,6,47556,block_end,end,0.60,linear_interpolation,2.954144,3.720508,0.112202,605,605
6,6,47556,block_end,end,0.60,time_interpolation,2.954144,3.720508,0.112202,605,605
6,6,47556,block_end,end,0.60,cubic_interpolation,25.375657,30.352695,-58.088683,605,605
6,6,47556,block_end,end,0.60,spline_interpolation,38.039788,42.394615,-114.273952,605,605
6,6,47556,block_end,end,0.60,moving_average,3.920164,4.416763,-0.251175,605,605
6,6,47556,block_end,end,0.60,knn,2.954144,3.720508,0.112202,605,605
6,6,47556,block_end,end,0.60,knn_upgraded,3.075507,3.936060,0.006350,605,605
6,6,47556,block_end,end,0.60,decision_tree,3.328623,4.253758,-0.160527,605,605
6,6,47556,block_end,end,0.60,random_forest,3.215987,4.091342,-0.073597,605,605
6,6,47556,block_end,end,0.60,neural_net,2.910347,3.893902,0.027522,605,605
6,6,47556,block_end,end,0.60,adaptive_imputation,2.954144,3.720508,0.112202,605,605
7,7,55475,block_end,end,0.60,forward_fill,1.636992,2.102582,-0.883416,605,605
7,7,55475,block_end,end,0.60,linear_interpolation,2.201056,2.606520,-1.894427,605,605
7,7,55475,block_end,end,0.60,time_interpolation,2.201056,2.606520,-1.894427,605,605
7,7,55475,block_end,end,0.60,cubic_interpolation,12.777968,15.305788,-98.804884,605,605
7,7,55475,block_end,end,0.60,spline_interpolation,19.878814,22.183763,-208.657712,605,605
7,7,55475,block_end,end,0.60,moving_average,1.626206,2.099238,-0.877430,605,605
7,7,55475,block_end,end,0.60,knn,2.201056,2.606520,-1.894427,605,605
7,7,55475,block_end,end,0.60,knn_upgraded,2.317549,2.721271,-2.154888,605,605
7,7,55475,block_end,end,0.60,decision_tree,2.513006,2.900867,-2.585058,605,605
7,7,55475,block_end,end,0.60,random_forest,2.449372,2.840896,-2.438359,605,605
7,7,55475,block_end,end,0.60,neural_net,2.257241,2.646346,-1.983552,605,605
7,7,55475,block_end,end,0.60,adaptive_imputation,2.201056,2.606520,-1.894427,605,605
8,8,63394,block_end,end,0.60,forward_fill,2.924678,3.689664,-0.058164,605,605
8,8,63394,block_end,end,0.60,linear_interpolation,3.698474,4.451106,-0.539980,605,605
8,8,63394,block_end,end,0.60,time_interpolation,3.698474,4.451106,-0.539980,605,605
8,8,63394,block_end,end,0.60,cubic_interpolation,6.394018,8.089011,-4.085926,605,605
8,8,63394,block_end,end,0.60,spline_interpolation,8.125163,10.043037,-6.839880,605,605
8,8,63394,block_end,end,0.60,moving_average,2.875510,3.651424,-0.036344,605,605
8,8,63394,block_end,end,0.60,knn,3.698474,4.451106,-0.539980,605,605
8,8,63394,block_end,end,0.60,knn_upgraded,3.984945,4.763248,-0.763541,605,605
8,8,63394,block_end,end,0.60,decision_tree,4.429117,5.235339,-1.130438,605,605
8,8,63394,block_end,end,0.60,random_forest,3.984318,4.768746,-0.767615,605,605
8,8,63394,block_end,end,0.60,neural_net,3.866126,4.626610,-0.663815,605,605
8,8,63394,block_end,end,0.60,adaptive_imputation,3.698474,4.451106,-0.539980,605,605
9,9,71313,block_end,end,0.60,forward_fill,2.319140,3.108319,-0.012024,605,605
9,9,71313,block_end,end,0.60,linear_interpolation,2.227006,3.080694,0.005885,605,605
9,9,71313,block_end,end,0.60,time_interpolation,2.227006,3.080694,0.005885,605,605
9,9,71313,block_end,end,0.60,cubic_interpolation,14.122757,16.494441,-27.498037,605,605
9,9,71313,block_end,end,0.60,spline_interpolation,21.347474,23.363036,-56.173965,605,605
9,9,71313,block_end,end,0.60,moving_average,2.303287,3.101942,-0.007876,605,605
9,9,71313,block_end,end,0.60,knn,2.227006,3.080694,0.005885,605,605
9,9,71313,block_end,end,0.60,knn_upgraded,2.293244,3.159311,-0.045501,605,605
9,9,71313,block_end,end,0.60,decision_tree,2.345496,3.213812,-0.081884,605,605
9,9,71313,block_end,end,0.60,random_forest,2.318973,3.183869,-0.061818,605,605
9,9,71313,block_end,end,0.60,neural_net,2.263234,3.236548,-0.097246,605,605
9,9,71313,block_end,end,0.60,adaptive_imputation,2.227006,3.080694,0.005885,605,605
10,10,79232,block_end,end,0.60,forward_fill,10.122744,10.429046,-16.277815,605,605
10,10,79232,block_end,end,0.60,linear_interpolation,5.685322,6.780623,-6.303630,605,605
10,10,79232,block_end,end,0.60,time_interpolation,5.685322,6.780623,-6.303630,605,605
10,10,79232,block_end,end,0.60,cubic_interpolation,2.946871,3.429214,-0.868052,605,605
10,10,79232,block_end,end,0.60,spline_interpolation,6.524553,7.336128,-7.549357,605,605
10,10,79232,block_end,end,0.60,moving_average,10.042539,10.393954,-16.161735,605,605
10,10,79232,block_end,end,0.60,knn,5.685322,6.780623,-6.303630,605,605
10,10,79232,block_end,end,0.60,knn_upgraded,4.605980,5.779941,-4.306968,605,605
10,10,79232,block_end,end,0.60,decision_tree,3.886734,5.025430,-3.011862,605,605
10,10,79232,block_end,end,0.60,random_forest,4.218014,5.379190,-3.596564,605,605
10,10,79232,block_end,end,0.60,neural_net,5.403872,6.510053,-5.732381,605,605
10,10,79232,block_end,end,0.60,adaptive_imputation,5.685322,6.780623,-6.303630,605,605
11,11,87151,block_end,end,0.60,forward_fill,6.750810,7.717476,-2.331158,605,605
11,11,87151,block_end,end,0.60,linear_interpolation,3.991526,4.978458,-0.386227,605,605
11,11,87151,block_end,end,0.60,time_interpolation,3.991526,4.978458,-0.386227,605,605
11,11,87151,block_end,end,0.60,cubic_interpolation,3.357496,4.254797,-0.012517,605,605
11,11,87151,block_end,end,0.60,spline_interpolation,3.592300,4.438645,-0.101908,605,605
11,11,87151,block_end,end,0.60,moving_average,6.702310,7.696496,-2.313070,605,605
11,11,87151,block_end,end,0.60,knn,3.991526,4.978458,-0.386227,605,605
11,11,87151,block_end,end,0.60,knn_upgraded,3.603568,4.491063,-0.128088,605,605
11,11,87151,block_end,end,0.60,decision_tree,3.371323,4.142497,0.040226,605,605
11,11,87151,block_end,end,0.60,random_forest,3.676000,4.539152,-0.152376,605,605
11,11,87151,block_end,end,0.60,neural_net,4.009492,4.971887,-0.382570,605,605
11,11,87151,block_end,end,0.60,adaptive_imputation,3.991526,4.978458,-0.386227,605,605
12,12,95070,block_end,end,0.60,forward_fill,3.386033,3.952879,-0.843270,605,605
12,12,95070,block_end,end,0.60,linear_interpolation,1.405635,1.831363,0.604351,605,605
12,12,95070,block_end,end,0.60,time_interpolation,1.405635,1.831363,0.604351,605,605
12,12,95070,block_end,end,0.60,cubic_interpolation,1.415720,1.742631,0.641761,605,605
12,12,95070,block_end,end,0.60,spline_interpolation,1.390537,1.749205,0.639053,605,605
12,12,95070,block_end,end,0.60,moving_average,3.324045,3.899502,-0.793825,605,605
12,12,95070,block_end,end,0.60,knn,1.405635,1.831363,0.604351,605,605
12,12,95070,block_end,end,0.60,knn_upgraded,1.643163,2.268482,0.392939,605,605
12,12,95070,block_end,end,0.60,decision_tree,2.129440,2.780630,0.087888,605,605
12,12,95070,block_end,end,0.60,random_forest,1.879092,2.499851,0.262792,605,605
12,12,95070,block_end,end,0.60,neural_net,1.366289,1.875383,0.585102,605,605
12,12,95070,block_end,end,0.60,adaptive_imputation,1.405635,1.831363,0.604351,605,605
13,13,102989,block_end,end,0.60,forward_fill,2.621851,3.694680,-0.326445,605,605
13,13,102989,block_end,end,0.60,linear_interpolation,2.890459,3.966705,-0.528956,605,605
13,13,102989,block_end,end,0.60,time_interpolation,2.890459,3.966705,-0.528956,605,605
13,13,102989,block_end,end,0.60,cubic_interpolation,11.941900,13.819826,-17.558402,605,605
13,13,102989,block_end,end,0.60,spline_interpolation,16.767379,18.364970,-31.772975,605,605
13,13,102989,block_end,end,0.60,moving_average,2.615767,3.693538,-0.325625,605,605
13,13,102989,block_end,end,0.60,knn,2.890459,3.966705,-0.528956,605,605
13,13,102989,block_end,end,0.60,knn_upgraded,2.979265,4.071054,-0.610457,605,605
13,13,102989,block_end,end,0.60,decision_tree,3.088487,4.176918,-0.695303,605,605
13,13,102989,block_end,end,0.60,random_forest,3.080826,4.168478,-0.688459,605,605
13,13,102989,block_end,end,0.60,neural_net,2.908803,4.010390,-0.562819,605,605
13,13,102989,block_end,end,0.60,adaptive_imputation,2.890459,3.966705,-0.528956,605,605
14,14,110908,block_end,end,0.60,forward_fill,0.857455,1.286545,-0.079201,605,605
14,14,110908,block_end,end,0.60,linear_interpolation,1.230559,1.785200,-1.077907,605,605
14,14,110908,block_end,end,0.60,time_interpolation,1.230559,1.785200,-1.077907,605,605
14,14,110908,block_end,end,0.60,cubic_interpolation,2.352322,2.731607,-3.865070,605,605
14,14,110908,block_end,end,0.60,spline_interpolation,3.127712,3.561826,-7.271760,605,605
14,14,110908,block_end,end,0.60,moving_average,0.835384,1.259284,-0.033950,605,605
14,14,110908,block_end,end,0.60,knn,1.230559,1.785200,-1.077907,605,605
14,14,110908,block_end,end,0.60,knn_upgraded,1.485466,2.016405,-1.650990,605,605
14,14,110908,block_end,end,0.60,decision_tree,1.698992,2.205151,-2.170512,605,605
14,14,110908,block_end,end,0.60,random_forest,1.681418,2.195207,-2.141982,605,605
14,14,110908,block_end,end,0.60,neural_net,1.313132,1.825988,-1.173944,605,605
14,14,110908,block_end,end,0.60,adaptive_imputation,1.230559,1.785200,-1.077907,605,605
15,15,118827,block_end,end,0.60,forward_fill,5.139306,6.300933,-0.142507,605,605
15,15,118827,block_end,end,0.60,linear_interpolation,6.098745,7.329990,-0.546164,605,605
15,15,118827,block_end,end,0.60,time_interpolation,6.098745,7.329990,-0.546164,605,605
15,15,118827,block_end,end,0.60,cubic_interpolation,39.662293,46.519343,-61.275333,605,605
15,15,118827,block_end,end,0.60,spline_interpolation,58.520269,65.147990,-121.138045,605,605
15,15,118827,block_end,end,0.60,moving_average,5.043171,6.213273,-0.110938,605,605
15,15,118827,block_end,end,0.60,knn,6.098745,7.329990,-0.546164,605,605
15,15,118827,block_end,end,0.60,knn_upgraded,6.698476,8.052579,-0.866031,605,605
15,15,118827,block_end,end,0.60,decision_tree,7.259381,8.676740,-1.166517,605,605
15,15,118827,block_end,end,0.60,random_forest,6.742500,8.110048,-0.892761,605,605
15,15,118827,block_end,end,0.60,neural_net,6.607938,7.887509,-0.790312,605,605
15,15,118827,block_end,end,0.60,adaptive_imputation,6.098745,7.329990,-0.546164,605,605
16,16,126746,block_end,end,0.60,forward_fill,5.324331,5.995236,-3.724515,605,605
16,16,126746,block_end,end,0.60,linear_interpolation,3.484033,4.001186,-1.104370,605,605
16,16,126746,block_end,end,0.60,time_interpolation,3.484033,4.001186,-1.104370,605,605
16,16,126746,block_end,end,0.60,cubic_interpolation,4.910811,5.845668,-3.491723,605,605
16,16,126746,block_end,end,0.60,spline_interpolation,7.838171,9.178126,-10.072678,605,605
16,16,126746,block_end,end,0.60,moving_average,5.268945,5.966944,-3.680029,605,605
16,16,126746,block_end,end,0.60,knn,3.484033,4.001186,-1.104370,605,605
16,16,126746,block_end,end,0.60,knn_upgraded,3.068878,3.551162,-0.657623,605,605
16,16,126746,block_end,end,0.60,decision_tree,2.857003,3.306470,-0.437056,605,605
16,16,126746,block_end,end,0.60,random_forest,2.965228,3.420093,-0.537519,605,605
16,16,126746,block_end,end,0.60,neural_net,3.263465,3.803932,-0.901999,605,605
16,16,126746,block_end,end,0.60,adaptive_imputation,3.484033,4.001186,-1.104370,605,605
17,17,134665,block_end,end,0.60,forward_fill,8.574562,9.505007,-4.370642,605,605
17,17,134665,block_end,end,0.60,linear_interpolation,2.714377,3.464380,0.286535,605,605
17,17,134665,block_end,end,0.60,time_interpolation,2.714377,3.464380,0.286535,605,605
17,17,134665,block_end,end,0.60,cubic_interpolation,1.702695,2.255739,0.697518,605,605
17,17,134665,block_end,end,0.60,spline_interpolation,1.989286,2.374718,0.664768,605,605
17,17,134665,block_end,end,0.60,moving_average,8.453001,9.424750,-4.280330,605,605
17,17,134665,block_end,end,0.60,knn,2.714377,3.464380,0.286535,605,605
17,17,134665,block_end,end,0.60,knn_upgraded,2.010898,2.515725,0.623775,605,605
17,17,134665,block_end,end,0.60,decision_tree,2.155037,2.609017,0.595354,605,605
17,17,134665,block_end,end,0.60,random_forest,2.104607,2.506217,0.626613,605,605
17,17,134665,block_end,end,0.60,neural_net,2.949327,3.568676,0.242931,605,605
17,17,134665,block_end,end,0.60,adaptive_imputation,2.714377,3.464380,0.286535,605,605
18,18,142584,block_end,end,0.60,forward_fill,2.598149,3.092338,-0.011462,605,605
18,18,142584,block_end,end,0.60,linear_interpolation,3.001391,3.658838,-0.415996,605,605
18,18,142584,block_end,end,0.60,time_interpolation,3.001391,3.658838,-0.415996,605,605
18,18,142584,block_end,end,0.60,cubic_interpolation,24.113244,27.549903,-79.281574,605,605
18,18,142584,block_end,end,0.60,spline_interpolation,35.611873,39.077712,-160.522863,605,605
18,18,142584,block_end,end,0.60,moving_average,2.587718,3.088755,-0.009120,605,605
18,18,142584,block_end,end,0.60,knn,3.001391,3.658838,-0.415996,605,605
18,18,142584,block_end,end,0.60,knn_upgraded,3.090824,3.770731,-0.503927,605,605
18,18,142584,block_end,end,0.60,decision_tree,3.223037,3.924594,-0.629165,605,605
18,18,142584,block_end,end,0.60,random_forest,3.176566,3.867000,-0.581700,605,605
18,18,142584,block_end,end,0.60,neural_net,3.012935,3.672881,-0.426886,605,605
18,18,142584,block_end,end,0.60,adaptive_imputation,3.001391,3.658838,-0.415996,605,605
19,19,150503,block_end,end,0.60,forward_fill,5.241041,6.509660,-1.842045,605,605
19,19,150503,block_end,end,0.60,linear_interpolation,1.798090,2.489409,0.584370,605,605
19,19,150503,block_end,end,0.60,time_interpolation,1.798090,2.489409,0.584370,605,605
19,19,150503,block_end,end,0.60,cubic_interpolation,2.039837,2.752220,0.491980,605,605
19,19,150503,block_end,end,0.60,spline_interpolation,1.977042,2.685789,0.516209,605,605
19,19,150503,block_end,end,0.60,moving_average,5.151431,6.432579,-1.775139,605,605
19,19,150503,block_end,end,0.60,knn,1.798090,2.489409,0.584370,605,605
19,19,150503,block_end,end,0.60,knn_upgraded,2.349496,2.939084,0.420653,605,605
19,19,150503,block_end,end,0.60,decision_tree,3.016210,3.605513,0.128136,605,605
19,19,150503,block_end,end,0.60,random_forest,2.718971,3.308996,0.265643,605,605
19,19,150503,block_end,end,0.60,neural_net,1.777976,2.546945,0.564935,605,605
19,19,150503,block_end,end,0.60,adaptive_imputation,1.798090,2.489409,0.584370,605,605
0,0,42,block_end,end,0.70,forward_fill,5.899448,7.230350,-0.104657,706,706
0,0,42,block_end,end,0.70,linear_interpolation,5.225256,6.053986,0.225553,706,706
0,0,42,block_end,end,0.70,time_interpolation,5.225256,6.053986,0.225553,706,706
0,0,42,block_end,end,0.70,cubic_interpolation,10.948616,13.399176,-2.793718,706,706
0,0,42,block_end,end,0.70,spline_interpolation,13.575001,16.392662,-4.678162,706,706
0,0,42,block_end,end,0.70,moving_average,5.863830,7.219123,-0.101229,706,706
0,0,42,block_end,end,0.70,knn,5.225256,6.053986,0.225553,706,706
0,0,42,block_end,end,0.70,knn_upgraded,5.330024,6.124961,0.207288,706,706
0,0,42,block_end,end,0.70,decision_tree,5.415790,6.223316,0.181625,706,706
0,0,42,block_end,end,0.70,random_forest,5.336460,6.123521,0.207661,706,706
0,0,42,block_end,end,0.70,neural_net,5.230839,6.047732,0.227152,706,706
0,0,42,block_end,end,0.70,adaptive_imputation,5.225256,6.053986,0.225553,706,706
1,1,7961,block_end,end,0.70,forward_fill,3.141147,4.006486,-0.240125,706,706
1,1,7961,block_end,end,0.70,linear_interpolation,2.509005,3.001534,0.303975,706,706
1,1,7961,block_end,end,0.70,time_interpolation,2.509005,3.001534,0.303975,706,706
1,1,7961,block_end,end,0.70,cubic_interpolation,77.102726,89.855736,-622.777543,706,706
1,1,7961,block_end,end,0.70,spline_interpolation,115.362619,127.457826,-1254.079203,706,706
1,1,7961,block_end,end,0.70,moving_average,3.107267,3.984530,-0.226570,706,706
1,1,7961,block_end,end,0.70,knn,2.509005,3.001534,0.303975,706,706
1,1,7961,block_end,end,0.70,knn_upgraded,2.656196,3.158089,0.229475,706,706
1,1,7961,block_end,end,0.70,decision_tree,2.845634,3.379778,0.117500,706,706
1,1,7961,block_end,end,0.70,random_forest,2.771072,3.285560,0.166018,706,706
1,1,7961,block_end,end,0.70,neural_net,2.410450,2.787703,0.399613,706,706
1,1,7961,block_end,end,0.70,adaptive_imputation,2.509005,3.001534,0.303975,706,706
2,2,15880,block_end,end,0.70,forward_fill,2.112365,2.418092,-0.466545,706,706
2,2,15880,block_end,end,0.70,linear_interpolation,1.868680,2.176029,-0.187624,706,706
2,2,15880,block_end,end,0.70,time_interpolation,1.868680,2.176029,-0.187624,706,706
2,2,15880,block_end,end,0.70,cubic_interpolation,1.895395,2.674825,-0.794487,706,706
2,2,15880,block_end,end,0.70,spline_interpolation,2.359964,3.254007,-1.655745,706,706
2,2,15880,block_end,end,0.70,moving_average,2.110266,2.417775,-0.466159,706,706
2,2,15880,block_end,end,0.70,knn,1.868680,2.176029,-0.187624,706,706
2,2,15880,block_end,end,0.70,knn_upgraded,1.831424,2.138466,-0.146976,706,706
2,2,15880,block_end,end,0.70,decision_tree,1.785295,2.091457,-0.097103,706,706
2,2,15880,block_end,end,0.70,random_forest,1.825861,2.130754,-0.138719,706,706
2,2,15880,block_end,end,0.70,neural_net,1.849667,2.148434,-0.157694,706,706
2,2,15880,block_end,end,0.70,adaptive_imputation,1.868680,2.176029,-0.187624,706,706
3,3,23799,block_end,end,0.70,forward_fill,3.351756,4.635471,-0.375978,706,706
3,3,23799,block_end,end,0.70,linear_interpolation,3.430929,4.541838,-0.320952,706,706
3,3,23799,block_end,end,0.70,time_interpolation,3.430929,4.541838,-0.320952,706,706
3,3,23799,block_end,end,0.70,cubic_interpolation,51.378709,60.508121,-233.450394,706,706
3,3,23799,block_end,end,0.70,spline_interpolation,76.194110,83.871766,-449.458930,706,706
3,3,23799,block_end,end,0.70,moving_average,3.338869,4.631001,-0.373325,706,706
3,3,23799,block_end,end,0.70,knn,3.430929,4.541838,-0.320952,706,706
3,3,23799,block_end,end,0.70,knn_upgraded,3.414411,4.489921,-0.290925,706,706
3,3,23799,block_end,end,0.70,decision_tree,3.398064,4.416908,-0.249281,706,706
3,3,23799,block_end,end,0.70,random_forest,3.460049,4.532687,-0.315634,706,706
3,3,23799,block_end,end,0.70,neural_net,3.538384,4.735963,-0.436284,706,706
3,3,23799,block_end,end,0.70,adaptive_imputation,3.430929,4.541838,-0.320952,706,706
4,4,31718,block_end,end,0.70,forward_fill,2.703201,3.248080,-0.151008,706,706
4,4,31718,block_end,end,0.70,linear_interpolation,2.603169,3.125440,-0.065729,706,706
4,4,31718,block_end,end,0.70,time_interpolation,2.603169,3.125440,-0.065729,706,706
4,4,31718,block_end,end,0.70,cubic_interpolation,22.546358,26.210478,-73.950505,706,706
4,4,31718,block_end,end,0.70,spline_interpolation,33.231335,36.596239,-145.115938,706,706
4,4,31718,block_end,end,0.70,moving_average,2.700286,3.243769,-0.147954,706,706
4,4,31718,block_end,end,0.70,knn,2.603169,3.125440,-0.065729,706,706
4,4,31718,block_end,end,0.70,knn_upgraded,2.564554,3.085672,-0.038782,706,706
4,4,31718,block_end,end,0.70,decision_tree,2.622547,3.134768,-0.072101,706,706
4,4,31718,block_end,end,0.70,random_forest,2.583768,3.106589,-0.052913,706,706
4,4,31718,block_end,end,0.70,neural_net,2.590099,3.111761,-0.056421,706,706
4,4,31718,block_end,end,0.70,adaptive_imputation,2.603169,3.125440,-0.065729,706,706
5,5,39637,block_end,end,0.70,forward_fill,4.050269,4.865903,-0.146857,706,706
5,5,39637,block_end,end,0.70,linear_interpolation,3.928487,4.615715,-0.031955,706,706
5,5,39637,block_end,end,0.70,time_interpolation,3.928487,4.615715,-0.031955,706,706
5,5,39637,block_end,end,0.70,cubic_interpolation,18.769028,21.056479,-20.476035,706,706
5,5,39637,block_end,end,0.70,spline_interpolation,27.915701,30.443435,-43.892098,706,706
5,5,39637,block_end,end,0.70,moving_average,4.011080,4.848154,-0.138506,706,706
5,5,39637,block_end,end,0.70,knn,3.928487,4.615715,-0.031955,706,706
5,5,39637,block_end,end,0.70,knn_upgraded,4.044617,4.701655,-0.070740,706,706
5,5,39637,block_end,end,0.70,decision_tree,4.202283,4.875850,-0.151551,706,706
5,5,39637,block_end,end,0.70,random_forest,4.170029,4.847484,-0.138192,706,706
5,5,39637,block_end,end,0.70,neural_net,4.010701,4.708319,-0.073778,706,706
5,5,39637,block_end,end,0.70,adaptive_imputation,3.928487,4.615715,-0.031955,706,706
6,6,47556,block_end,end,0.70,forward_fill,3.468966,4.513753,-0.325523,706,706
6,6,47556,block_end,end,0.70,linear_interpolation,3.736235,4.829648,-0.517549,706,706
6,6,47556,block_end,end,0.70,time_interpolation,3.736235,4.829648,-0.517549,706,706
6,6,47556,block_end,end,0.70,cubic_interpolation,4.611415,6.005207,-1.346214,706,706
6,6,47556,block_end,end,0.70,spline_interpolation,5.171919,6.543126,-1.785366,706,706
6,6,47556,block_end,end,0.70,moving_average,3.461106,4.512357,-0.324703,706,706
6,6,47556,block_end,end,0.70,knn,3.736235,4.829648,-0.517549,706,706
6,6,47556,block_end,end,0.70,knn_upgraded,3.827165,4.952487,-0.595727,706,706
6,6,47556,block_end,end,0.70,decision_tree,3.953669,5.093217,-0.687704,706,706
6,6,47556,block_end,end,0.70,random_forest,3.914584,5.050291,-0.659375,706,706
6,6,47556,block_end,end,0.70,neural_net,3.799882,4.881980,-0.550614,706,706
6,6,47556,block_end,end,0.70,adaptive_imputation,3.736235,4.829648,-0.517549,706,706
7,7,55475,block_end,end,0.70,forward_fill,2.599731,3.005585,-1.163909,706,706
7,7,55475,block_end,end,0.70,linear_interpolation,2.647789,3.047568,-1.224783,706,706
7,7,55475,block_end,end,0.70,time_interpolation,2.647789,3.047568,-1.224783,706,706
7,7,55475,block_end,end,0.70,cubic_interpolation,40.054864,47.200275,-532.666599,706,706
7,7,55475,block_end,end,0.70,spline_interpolation,61.065303,67.408011,-1087.438742,706,706
7,7,55475,block_end,end,0.70,moving_average,2.605335,3.006870,-1.165759,706,706
7,7,55475,block_end,end,0.70,knn,2.647789,3.047568,-1.224783,706,706
7,7,55475,block_end,end,0.70,knn_upgraded,2.606490,3.009815,-1.170004,706,706
7,7,55475,block_end,end,0.70,decision_tree,2.554247,2.962738,-1.102652,706,706
7,7,55475,block_end,end,0.70,random_forest,2.646937,3.046151,-1.222715,706,706
7,7,55475,block_end,end,0.70,neural_net,2.619135,3.031747,-1.201744,706,706
7,7,55475,block_end,end,0.70,adaptive_imputation,2.647789,3.047568,-1.224783,706,706
8,8,63394,block_end,end,0.70,forward_fill,2.876232,3.619534,-0.016627,706,706
8,8,63394,block_end,end,0.70,linear_interpolation,3.635878,4.388101,-0.494203,706,706
8,8,63394,block_end,end,0.70,time_interpolation,3.635878,4.388101,-0.494203,706,706
8,8,63394,block_end,end,0.70,cubic_interpolation,12.130405,14.773010,-15.935352,706,706
8,8,63394,block_end,end,0.70,spline_interpolation,17.016717,20.219738,-30.725411,706,706
8,8,63394,block_end,end,0.70,moving_average,2.835940,3.585561,0.002368,706,706
8,8,63394,block_end,end,0.70,knn,3.635878,4.388101,-0.494203,706,706
8,8,63394,block_end,end,0.70,knn_upgraded,4.038262,4.789482,-0.780054,706,706
8,8,63394,block_end,end,0.70,decision_tree,3.578466,4.329052,-0.454259,706,706
8,8,63394,block_end,end,0.70,random_forest,3.955434,4.708476,-0.720350,706,706
8,8,63394,block_end,end,0.70,neural_net,3.800398,4.603025,-0.644155,706,706
8,8,63394,block_end,end,0.70,adaptive_imputation,3.635878,4.388101,-0.494203,706,706
9,9,71313,block_end,end,0.70,forward_fill,3.554037,4.202431,-0.820251,706,706
9,9,71313,block_end,end,0.70,linear_interpolation,2.547572,3.276847,-0.106732,706,706
9,9,71313,block_end,end,0.70,time_interpolation,2.547572,3.276847,-0.106732,706,706
9,9,71313,block_end,end,0.70,cubic_interpolation,33.404595,38.955849,-155.413910,706,706
9,9,71313,block_end,end,0.70,spline_interpolation,49.516768,54.285230,-302.733984,706,706
9,9,71313,block_end,end,0.70,moving_average,3.520477,4.183245,-0.803668,706,706
9,9,71313,block_end,end,0.70,knn,2.547572,3.276847,-0.106732,706,706
9,9,71313,block_end,end,0.70,knn_upgraded,2.383816,3.236507,-0.079650,706,706
9,9,71313,block_end,end,0.70,decision_tree,2.384914,3.250756,-0.089178,706,706
9,9,71313,block_end,end,0.70,random_forest,2.433995,3.234783,-0.078501,706,706
9,9,71313,block_end,end,0.70,neural_net,2.526498,3.347997,-0.155315,706,706
9,9,71313,block_end,end,0.70,adaptive_imputation,2.547572,3.276847,-0.106732,706,706
10,10,79232,block_end,end,0.70,forward_fill,2.981572,3.735892,-0.139412,706,706
10,10,79232,block_end,end,0.70,linear_interpolation,2.629542,3.499524,0.000207,706,706
10,10,79232,block_end,end,0.70,time_interpolation,2.629542,3.499524,0.000207,706,706
10,10,79232,block_end,end,0.70,cubic_interpolation,25.376782,29.630588,-70.675811,706,706
10,10,79232,block_end,end,0.70,spline_interpolation,38.515935,42.129390,-143.898010,706,706
10,10,79232,block_end,end,0.70,moving_average,2.978323,3.735463,-0.139150,706,706
10,10,79232,block_end,end,0.70,knn,2.629542,3.499524,0.000207,706,706
10,10,79232,block_end,end,0.70,knn_upgraded,2.548380,3.461537,0.021795,706,706
10,10,79232,block_end,end,0.70,decision_tree,2.503038,3.442231,0.032676,706,706
10,10,79232,block_end,end,0.70,random_forest,2.525366,3.453376,0.026402,706,706
10,10,79232,block_end,end,0.70,neural_net,2.629526,3.542240,-0.024349,706,706
10,10,79232,block_end,end,0.70,adaptive_imputation,2.629542,3.499524,0.000207,706,706
11,11,87151,block_end,end,0.70,forward_fill,3.668555,4.617318,-0.042243,706,706
11,11,87151,block_end,end,0.70,linear_interpolation,3.660279,4.585883,-0.028100,706,706
11,11,87151,block_end,end,0.70,time_interpolation,3.660279,4.585883,-0.028100,706,706
11,11,87151,block_end,end,0.70,cubic_interpolation,21.247120,25.724073,-31.349603,706,706
11,11,87151,block_end,end,0.70,spline_interpolation,30.962280,35.216239,-59.628306,706,706
11,11,87151,block_end,end,0.70,moving_average,3.661250,4.614614,-0.041023,706,706
11,11,87151,block_end,end,0.70,knn,3.660279,4.585883,-0.028100,706,706
11,11,87151,block_end,end,0.70,knn_upgraded,3.657447,4.566880,-0.019598,706,706
11,11,87151,block_end,end,0.70,decision_tree,3.671423,4.576310,-0.023812,706,706
11,11,87151,block_end,end,0.70,random_forest,3.652263,4.581297,-0.026045,706,706
11,11,87151,block_end,end,0.70,neural_net,3.669325,4.601029,-0.034903,706,706
11,11,87151,block_end,end,0.70,adaptive_imputation,3.660279,4.585883,-0.028100,706,706
12,12,95070,block_end,end,0.70,forward_fill,2.427125,2.876909,-0.038725,706,706
12,12,95070,block_end,end,0.70,linear_interpolation,2.498989,3.190441,-0.277467,706,706
12,12,95070,block_end,end,0.70,time_interpolation,2.498989,3.190441,-0.277467,706,706
12,12,95070,block_end,end,0.70,cubic_interpolation,1.703607,2.439187,0.253313,706,706
12,12,95070,block_end,end,0.70,spline_interpolation,3.198264,3.977720,-0.985714,706,706
12,12,95070,block_end,end,0.70,moving_average,2.397988,2.857947,-0.025077,706,706
12,12,95070,block_end,end,0.70,knn,2.498989,3.190441,-0.277467,706,706
12,12,95070,block_end,end,0.70,knn_upgraded,2.881501,3.593526,-0.620653,706,706
12,12,95070,block_end,end,0.70,decision_tree,3.192203,3.899805,-0.908684,706,706
12,12,95070,block_end,end,0.70,random_forest,2.948553,3.636713,-0.659840,706,706
12,12,95070,block_end,end,0.70,neural_net,2.615372,3.353490,-0.411374,706,706
12,12,95070,block_end,end,0.70,adaptive_imputation,2.498989,3.190441,-0.277467,706,706
13,13,102989,block_end,end,0.70,forward_fill,2.766303,3.751237,-0.372045,706,706
13,13,102989,block_end,end,0.70,linear_interpolation,3.058403,4.072081,-0.616784,706,706
13,13,102989,block_end,end,0.70,time_interpolation,3.058403,4.072081,-0.616784,706,706
13,13,102989,block_end,end,0.70,cubic_interpolation,23.844470,28.383394,-77.550284,706,706
13,13,102989,block_end,end,0.70,spline_interpolation,36.587574,40.997162,-162.880282,706,706
13,13,102989,block_end,end,0.70,moving_average,2.759227,3.749702,-0.370922,706,706
13,13,102989,block_end,end,0.70,knn,3.058403,4.072081,-0.616784,706,706
13,13,102989,block_end,end,0.70,knn_upgraded,3.134473,4.160516,-0.687771,706,706
13,13,102989,block_end,end,0.70,decision_tree,3.227944,4.248646,-0.760030,706,706
13,13,102989,block_end,end,0.70,random_forest,3.205209,4.218762,-0.735358,706,706
13,13,102989,block_end,end,0.70,neural_net,3.082986,4.087929,-0.629393,706,706
13,13,102989,block_end,end,0.70,adaptive_imputation,3.058403,4.072081,-0.616784,706,706
14,14,110908,block_end,end,0.70,forward_fill,3.169632,3.419458,-5.072342,706,706
14,14,110908,block_end,end,0.70,linear_interpolation,1.358598,1.786301,-0.657109,706,706
14,14,110908,block_end,end,0.70,time_interpolation,1.358598,1.786301,-0.657109,706,706
14,14,110908,block_end,end,0.70,cubic_interpolation,3.724967,4.295950,-8.584291,706,706
14,14,110908,block_end,end,0.70,spline_interpolation,4.549048,5.102253,-12.519654,706,706
14,14,110908,block_end,end,0.70,moving_average,3.124036,3.378568,-4.927982,706,706
14,14,110908,block_end,end,0.70,knn,1.358598,1.786301,-0.657109,706,706
14,14,110908,block_end,end,0.70,knn_upgraded,1.202872,1.806815,-0.695387,706,706
14,14,110908,block_end,end,0.70,decision_tree,1.399214,1.973504,-1.022636,706,706
14,14,110908,block_end,end,0.70,random_forest,1.421803,2.025318,-1.130239,706,706
14,14,110908,block_end,end,0.70,neural_net,1.356613,1.918746,-0.911951,706,706
14,14,110908,block_end,end,0.70,adaptive_imputation,1.358598,1.786301,-0.657109,706,706
15,15,118827,block_end,end,0.70,forward_fill,6.781020,8.203526,-1.055037,706,706
15,15,118827,block_end,end,0.70,linear_interpolation,7.698779,9.324856,-1.655234,706,706
15,15,118827,block_end,end,0.70,time_interpolation,7.698779,9.324856,-1.655234,706,706
15,15,118827,block_end,end,0.70,cubic_interpolation,8.458648,10.196442,-2.174796,706,706
15,15,118827,block_end,end,0.70,spline_interpolation,9.075020,10.819631,-2.574732,706,706
15,15,118827,block_end,end,0.70,moving_average,6.763259,8.200204,-1.053373,706,706
15,15,118827,block_end,end,0.70,knn,7.698779,9.324856,-1.655234,706,706
15,15,118827,block_end,end,0.70,knn_upgraded,7.946898,9.592102,-1.809611,706,706
15,15,118827,block_end,end,0.70,decision_tree,8.222264,9.862008,-1.969951,706,706
15,15,118827,block_end,end,0.70,random_forest,8.013602,9.651577,-1.844560,706,706
15,15,118827,block_end,end,0.70,neural_net,7.740740,9.369563,-1.680755,706,706
15,15,118827,block_end,end,0.70,adaptive_imputation,7.698779,9.324856,-1.655234,706,706
16,16,126746,block_end,end,0.70,forward_fill,2.364688,2.978474,-0.135370,706,706
16,16,126746,block_end,end,0.70,linear_interpolation,2.338300,2.918358,-0.090001,706,706
16,16,126746,block_end,end,0.70,time_interpolation,2.338300,2.918358,-0.090001,706,706
16,16,126746,block_end,end,0.70,cubic_interpolation,3.961540,4.627420,-1.740484,706,706
16,16,126746,block_end,end,0.70,spline_interpolation,4.735404,5.506964,-2.881271,706,706
16,16,126746,block_end,end,0.70,moving_average,2.363825,2.978414,-0.135323,706,706
16,16,126746,block_end,end,0.70,knn,2.338300,2.918358,-0.090001,706,706
16,16,126746,block_end,end,0.70,knn_upgraded,2.330537,2.892927,-0.071086,706,706
16,16,126746,block_end,end,0.70,decision_tree,2.334815,2.883836,-0.064365,706,706
16,16,126746,block_end,end,0.70,random_forest,2.342574,2.908102,-0.082353,706,706
16,16,126746,block_end,end,0.70,neural_net,2.373881,2.943171,-0.108614,706,706
16,16,126746,block_end,end,0.70,adaptive_imputation,2.338300,2.918358,-0.090001,706,706
17,17,134665,block_end,end,0.70,forward_fill,6.077535,6.867659,-1.041860,706,706
17,17,134665,block_end,end,0.70,linear_interpolation,2.324887,2.810523,0.658034,706,706
17,17,134665,block_end,end,0.70,time_interpolation,2.324887,2.810523,0.658034,706,706
17,17,134665,block_end,end,0.70,cubic_interpolation,102.787339,120.473284,-627.333147,706,706
17,17,134665,block_end,end,0.70,spline_interpolation,154.738749,170.485350,-1257.295384,706,706
17,17,134665,block_end,end,0.70,moving_average,6.004314,6.809338,-1.007328,706,706
17,17,134665,block_end,end,0.70,knn,2.324887,2.810523,0.658034,706,706
17,17,134665,block_end,end,0.70,knn_upgraded,2.449724,3.212293,0.553276,706,706
17,17,134665,block_end,end,0.70,decision_tree,3.185067,3.904319,0.340068,706,706
17,17,134665,block_end,end,0.70,random_forest,2.967096,3.621797,0.432120,706,706
17,17,134665,block_end,end,0.70,neural_net,2.953301,3.461855,0.481169,706,706
17,17,134665,block_end,end,0.70,adaptive_imputation,2.324887,2.810523,0.658034,706,706
18,18,142584,block_end,end,0.70,forward_fill,3.065127,3.926800,-0.604276,706,706
18,18,142584,block_end,end,0.70,linear_interpolation,2.852675,3.627503,-0.369044,706,706
18,18,142584,block_end,end,0.70,time_interpolation,2.852675,3.627503,-0.369044,706,706
18,18,142584,block_end,end,0.70,cubic_interpolation,10.265846,11.399635,-12.520213,706,706
18,18,142584,block_end,end,0.70,spline_interpolation,15.616298,16.892598,-28.688927,706,706
18,18,142584,block_end,end,0.70,moving_average,3.025098,3.899797,-0.582288,706,706
18,18,142584,block_end,end,0.70,knn,2.852675,3.627503,-0.369044,706,706
18,18,142584,block_end,end,0.70,knn_upgraded,2.953656,3.680258,-0.409153,706,706
18,18,142584,block_end,end,0.70,decision_tree,3.226161,3.931531,-0.608144,706,706
18,18,142584,block_end,end,0.70,random_forest,3.133559,3.876797,-0.563680,706,706
18,18,142584,block_end,end,0.70,neural_net,2.984028,3.754582,-0.466644,706,706
18,18,142584,block_end,end,0.70,adaptive_imputation,2.852675,3.627503,-0.369044,706,706
19,19,150503,block_end,end,0.70,forward_fill,3.186034,4.276502,-0.222055,706,706
19,19,150503,block_end,end,0.70,linear_interpolation,2.971260,3.405613,0.224996,706,706
19,19,150503,block_end,end,0.70,time_interpolation,2.971260,3.405613,0.224996,706,706
19,19,150503,block_end,end,0.70,cubic_interpolation,1.864126,2.554418,0.563989,706,706
19,19,150503,block_end,end,0.70,spline_interpolation,2.394000,3.120396,0.349372,706,706
19,19,150503,block_end,end,0.70,moving_average,3.133229,4.225000,-0.192798,706,706
19,19,150503,block_end,end,0.70,knn,2.971260,3.405613,0.224996,706,706
19,19,150503,block_end,end,0.70,knn_upgraded,3.659709,4.243609,-0.203328,706,706
19,19,150503,block_end,end,0.70,decision_tree,4.279787,4.875955,-0.588666,706,706
19,19,150503,block_end,end,0.70,random_forest,3.772498,4.339629,-0.258400,706,706
19,19,150503,block_end,end,0.70,neural_net,3.442753,4.051714,-0.096960,706,706
19,19,150503,block_end,end,0.70,adaptive_imputation,2.971260,3.405613,0.224996,706,706
0,0,42,block_end,end,0.80,forward_fill,5.591824,7.809532,-0.375868,806,806
0,0,42,block_end,end,0.80,linear_interpolation,4.482815,5.489751,0.320120,806,806
0,0,42,block_end,end,0.80,time_interpolation,4.482815,5.489751,0.320120,806,806
0,0,42,block_end,end,0.80,cubic_interpolation,4.047223,5.752350,0.253521,806,806
0,0,42,block_end,end,0.80,spline_interpolation,4.492040,6.491361,0.049399,806,806
0,0,42,block_end,end,0.80,moving_average,5.542148,7.787119,-0.367982,806,806
0,0,42,block_end,end,0.80,knn,4.482815,5.489751,0.320120,806,806
0,0,42,block_end,end,0.80,knn_upgraded,4.659817,5.525142,0.311326,806,806
0,0,42,block_end,end,0.80,decision_tree,4.476577,5.495057,0.318806,806,806
0,0,42,block_end,end,0.80,random_forest,4.664357,5.490031,0.320051,806,806
0,0,42,block_end,end,0.80,neural_net,4.327978,5.204145,0.389022,806,806
0,0,42,block_end,end,0.80,adaptive_imputation,4.047223,5.752350,0.253521,806,806
1,1,7961,block_end,end,0.80,forward_fill,2.876203,3.584138,-0.003526,806,806
1,1,7961,block_end,end,0.80,linear_interpolation,2.879335,3.407653,0.092869,806,806
1,1,7961,block_end,end,0.80,time_interpolation,2.879335,3.407653,0.092869,806,806
1,1,7961,block_end,end,0.80,cubic_interpolation,9.432376,10.856929,-8.208171,806,806
1,1,7961,block_end,end,0.80,spline_interpolation,14.312447,16.053688,-19.133024,806,806
1,1,7961,block_end,end,0.80,moving_average,2.852519,3.571898,0.003316,806,806
1,1,7961,block_end,end,0.80,knn,2.879335,3.407653,0.092869,806,806
1,1,7961,block_end,end,0.80,knn_upgraded,3.127514,3.675109,-0.055115,806,806
1,1,7961,block_end,end,0.80,decision_tree,3.325766,3.883967,-0.178448,806,806
1,1,7961,block_end,end,0.80,random_forest,3.172530,3.717620,-0.079666,806,806
1,1,7961,block_end,end,0.80,neural_net,2.517287,3.046770,0.274832,806,806
1,1,7961,block_end,end,0.80,adaptive_imputation,9.432376,10.856929,-8.208171,806,806
2,2,15880,block_end,end,0.80,forward_fill,1.686390,2.159503,-0.081345,806,806
2,2,15880,block_end,end,0.80,linear_interpolation,1.814035,2.204485,-0.126862,806,806
2,2,15880,block_end,end,0.80,time_interpolation,1.814035,2.204485,-0.126862,806,806
2,2,15880,block_end,end,0.80,cubic_interpolation,13.041069,15.147021,-52.199945,806,806
2,2,15880,block_end,end,0.80,spline_interpolation,19.653722,21.783749,-109.032755,806,806
2,2,15880,block_end,end,0.80,moving_average,1.678722,2.157181,-0.079021,806,806
2,2,15880,block_end,end,0.80,knn,1.814035,2.204485,-0.126862,806,806
2,2,15880,block_end,end,0.80,knn_upgraded,1.824968,2.195081,-0.117269,806,806
2,2,15880,block_end,end,0.80,decision_tree,1.839741,2.205325,-0.127722,806,806
2,2,15880,block_end,end,0.80,random_forest,1.836339,2.213014,-0.135599,806,806
2,2,15880,block_end,end,0.80,neural_net,1.802897,2.207490,-0.129937,806,806
2,2,15880,block_end,end,0.80,adaptive_imputation,13.041069,15.147021,-52.199945,806,806
3,3,23799,block_end,end,0.80,forward_fill,5.752283,6.411138,-1.113531,806,806
3,3,23799,block_end,end,0.80,linear_interpolation,3.318749,3.905181,0.215811,806,806
3,3,23799,block_end,end,0.80,time_interpolation,3.318749,3.905181,0.215811,806,806
3,3,23799,block_end,end,0.80,cubic_interpolation,29.990901,34.465200,-60.080127,806,806
3,3,23799,block_end,end,0.80,spline_interpolation,43.641189,48.186099,-118.393821,806,806
3,3,23799,block_end,end,0.80,moving_average,5.718483,6.394706,-1.102710,806,806
3,3,23799,block_end,end,0.80,knn,3.318749,3.905181,0.215811,806,806
3,3,23799,block_end,end,0.80,knn_upgraded,3.013668,3.600620,0.333358,806,806
3,3,23799,block_end,end,0.80,decision_tree,2.923061,3.528619,0.359753,806,806
3,3,23799,block_end,end,0.80,random_forest,3.086264,3.664857,0.309359,806,806
3,3,23799,block_end,end,0.80,neural_net,3.359282,3.955044,0.195658,806,806
3,3,23799,block_end,end,0.80,adaptive_imputation,29.990901,34.465200,-60.080127,806,806
4,4,31718,block_end,end,0.80,forward_fill,2.670881,3.323534,-0.030713,806,806
4,4,31718,block_end,end,0.80,linear_interpolation,2.717655,3.356980,-0.051562,806,806
4,4,31718,block_end,end,0.80,time_interpolation,2.717655,3.356980,-0.051562,806,806
4,4,31718,block_end,end,0.80,cubic_interpolation,12.955376,15.301249,-20.846976,806,806
4,4,31718,block_end,end,0.80,spline_interpolation,19.082638,21.528405,-42.247524,806,806
4,4,31718,block_end,end,0.80,moving_average,2.676150,3.326309,-0.032435,806,806
4,4,31718,block_end,end,0.80,knn,2.717655,3.356980,-0.051562,806,806
4,4,31718,block_end,end,0.80,knn_upgraded,2.703586,3.347512,-0.045639,806,806
4,4,31718,block_end,end,0.80,decision_tree,2.710341,3.355310,-0.050517,806,806
4,4,31718,block_end,end,0.80,random_forest,2.705806,3.346167,-0.044799,806,806
4,4,31718,block_end,end,0.80,neural_net,2.776609,3.420980,-0.092040,806,806
4,4,31718,block_end,end,0.80,adaptive_imputation,12.955376,15.301249,-20.846976,806,806
5,5,39637,block_end,end,0.80,forward_fill,4.224814,4.758089,-0.108493,806,806
5,5,39637,block_end,end,0.80,linear_interpolation,4.328237,4.993072,-0.220685,806,806
5,5,39637,block_end,end,0.80,time_interpolation,4.328237,4.993072,-0.220685,806,806
5,5,39637,block_end,end,0.80,cubic_interpolation,4.348649,5.020754,-0.234257,806,806
5,5,39637,block_end,end,0.80,spline_interpolation,4.386927,5.078876,-0.262999,806,806
5,5,39637,block_end,end,0.80,moving_average,4.214498,4.756544,-0.107773,806,806
5,5,39637,block_end,end,0.80,knn,4.328237,4.993072,-0.220685,806,806
5,5,39637,block_end,end,0.80,knn_upgraded,4.389018,5.084467,-0.265781,806,806
5,5,39637,block_end,end,0.80,decision_tree,4.429043,5.148514,-0.297871,806,806
5,5,39637,block_end,end,0.80,random_forest,4.405907,5.113919,-0.280488,806,806
5,5,39637,block_end,end,0.80,neural_net,4.363644,5.048409,-0.247891,806,806
5,5,39637,block_end,end,0.80,adaptive_imputation,4.348649,5.020754,-0.234257,806,806
6,6,47556,block_end,end,0.80,forward_fill,5.203362,6.029346,-1.298295,806,806
6,6,47556,block_end,end,0.80,linear_interpolation,3.028039,3.725776,0.122395,806,806
6,6,47556,block_end,end,0.80,time_interpolation,3.028039,3.725776,0.122395,806,806
6,6,47556,block_end,end,0.80,cubic_interpolation,69.002982,80.653843,-410.259148,806,806
6,6,47556,block_end,end,0.80,spline_interpolation,102.821325,113.321606,-810.878200,806,806
6,6,47556,block_end,end,0.80,moving_average,5.146075,5.987390,-1.266421,806,806
6,6,47556,block_end,end,0.80,knn,3.028039,3.725776,0.122395,806,806
6,6,47556,block_end,end,0.80,knn_upgraded,3.092933,3.804750,0.084796,806,806
6,6,47556,block_end,end,0.80,decision_tree,3.335961,4.090814,-0.057998,806,806
6,6,47556,block_end,end,0.80,random_forest,3.130529,3.816770,0.079005,806,806
6,6,47556,block_end,end,0.80,neural_net,2.948891,3.666828,0.149946,806,806
6,6,47556,block_end,end,0.80,adaptive_imputation,69.002982,80.653843,-410.259148,806,806
7,7,55475,block_end,end,0.80,forward_fill,3.093375,3.480701,-0.759683,806,806
7,7,55475,block_end,end,0.80,linear_interpolation,2.804674,3.210568,-0.497148,806,806
7,7,55475,block_end,end,0.80,time_interpolation,2.804674,3.210568,-0.497148,806,806
7,7,55475,block_end,end,0.80,cubic_interpolation,2.690553,3.089304,-0.386189,806,806
7,7,55475,block_end,end,0.80,spline_interpolation,2.564533,2.963738,-0.275795,806,806
7,7,55475,block_end,end,0.80,moving_average,3.088861,3.479920,-0.758894,806,806
7,7,55475,block_end,end,0.80,knn,2.804674,3.210568,-0.497148,806,806
7,7,55475,block_end,end,0.80,knn_upgraded,2.741812,3.147856,-0.439233,806,806
7,7,55475,block_end,end,0.80,decision_tree,2.714374,3.122255,-0.415917,806,806
7,7,55475,block_end,end,0.80,random_forest,2.738691,3.145635,-0.437202,806,806
7,7,55475,block_end,end,0.80,neural_net,2.715745,3.142318,-0.434173,806,806
7,7,55475,block_end,end,0.80,adaptive_imputation,2.690553,3.089304,-0.386189,806,806
8,8,63394,block_end,end,0.80,forward_fill,3.543474,4.311359,-0.535719,806,806
8,8,63394,block_end,end,0.80,linear_interpolation,4.335360,5.141621,-1.184156,806,806
8,8,63394,block_end,end,0.80,time_interpolation,4.335360,5.141621,-1.184156,806,806
8,8,63394,block_end,end,0.80,cubic_interpolation,3.357982,4.214846,-0.467732,806,806
8,8,63394,block_end,end,0.80,spline_interpolation,3.360441,4.441136,-0.629565,806,806
8,8,63394,block_end,end,0.80,moving_average,3.530628,4.307546,-0.533004,806,806
8,8,63394,block_end,end,0.80,knn,4.335360,5.141621,-1.184156,806,806
8,8,63394,block_end,end,0.80,knn_upgraded,4.557259,5.382442,-1.393549,806,806
8,8,63394,block_end,end,0.80,decision_tree,4.254364,5.055457,-1.111564,806,806
8,8,63394,block_end,end,0.80,random_forest,4.425156,5.232837,-1.262340,806,806
8,8,63394,block_end,end,0.80,neural_net,4.358159,5.172261,-1.210265,806,806
8,8,63394,block_end,end,0.80,adaptive_imputation,3.357982,4.214846,-0.467732,806,806
9,9,71313,block_end,end,0.80,forward_fill,3.553685,4.289212,-1.078956,806,806
9,9,71313,block_end,end,0.80,linear_interpolation,3.134962,3.827807,-0.655734,806,806
9,9,71313,block_end,end,0.80,time_interpolation,3.134962,3.827807,-0.655734,806,806
9,9,71313,block_end,end,0.80,cubic_interpolation,2.332457,2.996615,-0.014734,806,806
9,9,71313,block_end,end,0.80,spline_interpolation,2.815417,3.224932,-0.175253,806,806
9,9,71313,block_end,end,0.80,moving_average,3.543690,4.287098,-1.076908,806,806
9,9,71313,block_end,end,0.80,knn,3.134962,3.827807,-0.655734,806,806
9,9,71313,block_end,end,0.80,knn_upgraded,3.003053,3.689827,-0.538517,806,806
9,9,71313,block_end,end,0.80,decision_tree,2.941979,3.617501,-0.478794,806,806
9,9,71313,block_end,end,0.80,random_forest,3.027578,3.716233,-0.560617,806,806
9,9,71313,block_end,end,0.80,neural_net,3.041087,3.714410,-0.559086,806,806
9,9,71313,block_end,end,0.80,adaptive_imputation,2.332457,2.996615,-0.014734,806,806
10,10,79232,block_end,end,0.80,forward_fill,3.648995,4.192147,-0.398878,806,806
10,10,79232,block_end,end,0.80,linear_interpolation,2.679272,3.428399,0.064402,806,806
10,10,79232,block_end,end,0.80,time_interpolation,2.679272,3.428399,0.064402,806,806
10,10,79232,block_end,end,0.80,cubic_interpolation,11.280316,13.444422,-13.387685,806,806
10,10,79232,block_end,end,0.80,spline_interpolation,16.210223,18.429597,-26.035743,806,806
10,10,79232,block_end,end,0.80,moving_average,3.637363,4.188328,-0.396330,806,806
10,10,79232,block_end,end,0.80,knn,2.679272,3.428399,0.064402,806,806
10,10,79232,block_end,end,0.80,knn_upgraded,2.555310,3.337056,0.113592,806,806
10,10,79232,block_end,end,0.80,decision_tree,2.512359,3.306767,0.129610,806,806
10,10,79232,block_end,end,0.80,random_forest,2.590717,3.365884,0.098211,806,806
10,10,79232,block_end,end,0.80,neural_net,2.440064,3.236477,0.166220,806,806
10,10,79232,block_end,end,0.80,adaptive_imputation,11.280316,13.444422,-13.387685,806,806
11,11,87151,block_end,end,0.80,forward_fill,10.550955,11.521391,-5.145530,806,806
11,11,87151,block_end,end,0.80,linear_interpolation,5.874782,7.606182,-1.678446,806,806
11,11,87151,block_end,end,0.80,time_interpolation,5.874782,7.606182,-1.678446,806,806
11,11,87151,block_end,end,0.80,cubic_interpolation,26.626297,31.195805,-44.054893,806,806
11,11,87151,block_end,end,0.80,spline_interpolation,36.316722,40.472132,-74.833609,806,806
11,11,87151,block_end,end,0.80,moving_average,10.470891,11.476328,-5.097551,806,806
11,11,87151,block_end,end,0.80,knn,5.874782,7.606182,-1.678446,806,806
11,11,87151,block_end,end,0.80,knn_upgraded,4.886911,6.572320,-0.999802,806,806
11,11,87151,block_end,end,0.80,decision_tree,5.919091,7.662614,-1.718338,806,806
11,11,87151,block_end,end,0.80,random_forest,5.310158,7.072056,-1.315480,806,806
11,11,87151,block_end,end,0.80,neural_net,6.025813,7.848405,-1.851756,806,806
11,11,87151,block_end,end,0.80,adaptive_imputation,26.626297,31.195805,-44.054893,806,806
12,12,95070,block_end,end,0.80,forward_fill,2.795434,3.342070,-0.535249,806,806
12,12,95070,block_end,end,0.80,linear_interpolation,1.838111,2.425522,0.191355,806,806
12,12,95070,block_end,end,0.80,time_interpolation,1.838111,2.425522,0.191355,806,806
12,12,95070,block_end,end,0.80,cubic_interpolation,4.214764,5.055659,-2.513202,806,806
12,12,95070,block_end,end,0.80,spline_interpolation,6.484734,7.107547,-5.943639,806,806
12,12,95070,block_end,end,0.80,moving_average,2.752198,3.300988,-0.497737,806,806
12,12,95070,block_end,end,0.80,knn,1.838111,2.425522,0.191355,806,806
12,12,95070,block_end,end,0.80,knn_upgraded,2.311347,2.964011,-0.207556,806,806
12,12,95070,block_end,end,0.80,decision_tree,1.816640,2.392793,0.213030,806,806
12,12,95070,block_end,end,0.80,random_forest,2.090464,2.710324,-0.009694,806,806
12,12,95070,block_end,end,0.80,neural_net,1.772468,2.361139,0.233714,806,806
12,12,95070,block_end,end,0.80,adaptive_imputation,4.214764,5.055659,-2.513202,806,806
13,13,102989,block_end,end,0.80,forward_fill,5.350012,5.962405,-2.558238,806,806
13,13,102989,block_end,end,0.80,linear_interpolation,2.899237,3.634296,-0.322004,806,806
13,13,102989,block_end,end,0.80,time_interpolation,2.899237,3.634296,-0.322004,806,806
13,13,102989,block_end,end,0.80,cubic_interpolation,2.699058,3.428396,-0.176451,806,806
13,13,102989,block_end,end,0.80,spline_interpolation,3.060357,3.882471,-0.508719,806,806
13,13,102989,block_end,end,0.80,moving_average,5.289294,5.919725,-2.507479,806,806
13,13,102989,block_end,end,0.80,knn,2.899237,3.634296,-0.322004,806,806
13,13,102989,block_end,end,0.80,knn_upgraded,2.750013,3.487436,-0.217319,806,806
13,13,102989,block_end,end,0.80,decision_tree,2.903970,3.629447,-0.318478,806,806
13,13,102989,block_end,end,0.80,random_forest,2.842854,3.557834,-0.266961,806,806
13,13,102989,block_end,end,0.80,neural_net,3.220821,4.078274,-0.664734,806,806
13,13,102989,block_end,end,0.80,adaptive_imputation,2.699058,3.428396,-0.176451,806,806
14,14,110908,block_end,end,0.80,forward_fill,5.079690,5.352161,-9.056644,806,806
14,14,110908,block_end,end,0.80,linear_interpolation,1.868060,2.191477,-0.686043,806,806
14,14,110908,block_end,end,0.80,time_interpolation,1.868060,2.191477,-0.686043,806,806
14,14,110908,block_end,end,0.80,cubic_interpolation,53.555481,63.009837,-1392.835279,806,806
14,14,110908,block_end,end,0.80,spline_interpolation,79.304687,87.769673,-2703.479538,806,806
14,14,110908,block_end,end,0.80,moving_average,5.023274,5.306741,-8.886680,806,806
14,14,110908,block_end,end,0.80,knn,1.868060,2.191477,-0.686043,806,806
14,14,110908,block_end,end,0.80,knn_upgraded,1.332672,1.849431,-0.200800,806,806
14,14,110908,block_end,end,0.80,decision_tree,1.934413,2.255011,-0.785221,806,806
14,14,110908,block_end,end,0.80,random_forest,1.384181,1.910650,-0.281614,806,806
14,14,110908,block_end,end,0.80,neural_net,2.337472,2.689437,-1.539321,806,806
14,14,110908,block_end,end,0.80,adaptive_imputation,53.555481,63.009837,-1392.835279,806,806
15,15,118827,block_end,end,0.80,forward_fill,5.438598,6.814516,-0.410372,806,806
15,15,118827,block_end,end,0.80,linear_interpolation,5.818127,6.982369,-0.480707,806,806
15,15,118827,block_end,end,0.80,time_interpolation,5.818127,6.982369,-0.480707,806,806
15,15,118827,block_end,end,0.80,cubic_interpolation,16.762441,20.371918,-11.604553,806,806
15,15,118827,block_end,end,0.80,spline_interpolation,23.775123,27.056164,-21.232897,806,806
15,15,118827,block_end,end,0.80,moving_average,5.351282,6.728999,-0.375196,806,806
15,15,118827,block_end,end,0.80,knn,5.818127,6.982369,-0.480707,806,806
15,15,118827,block_end,end,0.80,knn_upgraded,6.355015,7.717270,-0.808802,806,806
15,15,118827,block_end,end,0.80,decision_tree,6.924999,8.367487,-1.126443,806,806
15,15,118827,block_end,end,0.80,random_forest,6.104112,7.360987,-0.645643,806,806
15,15,118827,block_end,end,0.80,neural_net,6.459727,7.810203,-0.852628,806,806
15,15,118827,block_end,end,0.80,adaptive_imputation,16.762441,20.371918,-11.604553,806,806
16,16,126746,block_end,end,0.80,forward_fill,2.425112,3.077752,-0.300829,806,806
16,16,126746,block_end,end,0.80,linear_interpolation,2.347119,2.944566,-0.190681,806,806
16,16,126746,block_end,end,0.80,time_interpolation,2.347119,2.944566,-0.190681,806,806
16,16,126746,block_end,end,0.80,cubic_interpolation,3.018551,3.648171,-0.827693,806,806
16,16,126746,block_end,end,0.80,spline_interpolation,3.330048,3.938092,-1.129730,806,806
16,16,126746,block_end,end,0.80,moving_average,2.422657,3.077348,-0.300488,806,806
16,16,126746,block_end,end,0.80,knn,2.347119,2.944566,-0.190681,806,806
16,16,126746,block_end,end,0.80,knn_upgraded,2.326236,2.901021,-0.155726,806,806
16,16,126746,block_end,end,0.80,decision_tree,2.314042,2.871124,-0.132027,806,806
16,16,126746,block_end,end,0.80,random_forest,2.321945,2.892856,-0.149229,806,806
16,16,126746,block_end,end,0.80,neural_net,2.374548,2.948734,-0.194055,806,806
16,16,126746,block_end,end,0.80,adaptive_imputation,3.018551,3.648171,-0.827693,806,806
17,17,134665,block_end,end,0.80,forward_fill,4.107084,4.729157,-0.000360,806,806
17,17,134665,block_end,end,0.80,linear_interpolation,3.373574,4.558386,0.070582,806,806
17,17,134665,block_end,end,0.80,time_interpolation,3.373574,4.558386,0.070582,806,806
17,17,134665,block_end,end,0.80,cubic_interpolation,2.884098,3.879823,0.326694,806,806
17,17,134665,block_end,end,0.80,spline_interpolation,2.896330,3.857288,0.334492,806,806
17,17,134665,block_end,end,0.80,moving_average,4.067598,4.706839,0.009059,806,806
17,17,134665,block_end,end,0.80,knn,3.373574,4.558386,0.070582,806,806
17,17,134665,block_end,end,0.80,knn_upgraded,3.840432,5.084556,-0.156365,806,806
17,17,134665,block_end,end,0.80,decision_tree,4.301051,5.478263,-0.342377,806,806
17,17,134665,block_end,end,0.80,random_forest,3.822981,5.043468,-0.137752,806,806
17,17,134665,block_end,end,0.80,neural_net,3.370343,4.548728,0.074516,806,806
17,17,134665,block_end,end,0.80,adaptive_imputation,2.884098,3.879823,0.326694,806,806
18,18,142584,block_end,end,0.80,forward_fill,2.617556,3.173059,-0.072128,806,806
18,18,142584,block_end,end,0.80,linear_interpolation,2.870360,3.465998,-0.279225,806,806
18,18,142584,block_end,end,0.80,time_interpolation,2.870360,3.465998,-0.279225,806,806
18,18,142584,block_end,end,0.80,cubic_interpolation,3.266324,3.932109,-0.646424,806,806
18,18,142584,block_end,end,0.80,spline_interpolation,3.991262,4.719656,-1.371981,806,806
18,18,142584,block_end,end,0.80,moving_average,2.594054,3.158884,-0.062570,806,806
18,18,142584,block_end,end,0.80,knn,2.870360,3.465998,-0.279225,806,806
18,18,142584,block_end,end,0.80,knn_upgraded,3.025623,3.624340,-0.398777,806,806
18,18,142584,block_end,end,0.80,decision_tree,3.240815,3.849064,-0.577614,806,806
18,18,142584,block_end,end,0.80,random_forest,3.052602,3.648374,-0.417389,806,806
18,18,142584,block_end,end,0.80,neural_net,3.055368,3.670168,-0.434374,806,806
18,18,142584,block_end,end,0.80,adaptive_imputation,3.266324,3.932109,-0.646424,806,806
19,19,150503,block_end,end,0.80,forward_fill,6.557692,7.610525,-2.591445,806,806
19,19,150503,block_end,end,0.80,linear_interpolation,2.051242,2.515943,0.607498,806,806
19,19,150503,block_end,end,0.80,time_interpolation,2.051242,2.515943,0.607498,806,806
19,19,150503,block_end,end,0.80,cubic_interpolation,5.151775,5.587265,-0.935702,806,806
19,19,150503,block_end,end,0.80,spline_interpolation,6.423979,6.888279,-1.942127,806,806
19,19,150503,block_end,end,0.80,moving_average,6.473476,7.534844,-2.520371,806,806
19,19,150503,block_end,end,0.80,knn,2.051242,2.515943,0.607498,806,806
19,19,150503,block_end,end,0.80,knn_upgraded,2.660180,3.241785,0.348359,806,806
19,19,150503,block_end,end,0.80,decision_tree,3.367088,4.045379,-0.014748,806,806
19,19,150503,block_end,end,0.80,random_forest,2.441333,2.967478,0.453972,806,806
19,19,150503,block_end,end,0.80,neural_net,3.066555,3.648709,0.174497,806,806
19,19,150503,block_end,end,0.80,adaptive_imputation,5.151775,5.587265,-0.935702,806,806
